{"type":"FeatureCollection","crs":{"type":"name","properties":{"name":"EPSG:4326"}},"features":[{"type":"Feature","geometry":{"type":"Polygon","coordinates":[[[-118.496853040364,34.2634479767161],[-118.496852737671,34.2635049256247],[-118.496866868894,34.2635096575195],[-118.496884849281,34.2635149055243],[-118.496903495664,34.2635244096745],[-118.496920225388,34.2635349855078],[-118.496936326067,34.26354769246],[-118.496951780865,34.2635593382425],[-118.496964035555,34.2635720609779],[-118.496973734037,34.2635858589257],[-118.496983440945,34.2636012534679],[-118.496991215349,34.2636150593127],[-118.496994496775,34.2636278188808],[-118.497062789028,34.2636855509007],[-118.496994830721,34.2637409663667],[-118.497012902384,34.2637562436263],[-118.496896746623,34.2638509603475],[-118.496791653004,34.2637621183036],[-118.496791515036,34.2637734169866],[-118.496548481846,34.2637713776228],[-118.496552443917,34.263445945498],[-118.496853040364,34.2634479767161]]]},"properties":{"Name":"Granada Hills Park Recreation Center (Petit Park)","Type":"Recreation Center","AddrNumber":16730,"Street":"CHATSWORTH ST"}},{"type":"Feature","geometry":{"type":"Polygon","coordinates":[[[-118.497773194552,34.2641327113571],[-118.497735789969,34.2641321745606],[-118.497735185826,34.2641612373312],[-118.497739376524,34.2641612976348],[-118.497736627103,34.2642934731103],[-118.497765907726,34.2642938936526],[-118.497760103824,34.26457299147],[-118.497610632404,34.2645708480992],[-118.49761078941,34.2645633069614],[-118.497510553411,34.2645655445279],[-118.497516930545,34.2640868403928],[-118.497774336997,34.2640928621343],[-118.497773194552,34.2641327113571]]]},"properties":{"Name":"Granada Hills Branch Library","Type":"Library","AddrNumber":10640,"Street":"PETIT AVE"}},{"type":"Feature","geometry":{"type":"Polygon","coordinates":[[[-118.579290190636,34.2618928089884],[-118.57928981129,34.2619645557858],[-118.579240289351,34.2619643753221],[-118.579239634591,34.2620882814436],[-118.579124377496,34.2620878609781],[-118.579124456462,34.262072795777],[-118.579015083696,34.2620723966442],[-118.579015221502,34.2620464026288],[-118.578935490737,34.2620461122809],[-118.578936192673,34.2619134456211],[-118.579011784003,34.261913721507],[-118.579011953034,34.2618817419825],[-118.579123449494,34.2618821480875],[-118.579123518169,34.2618691988627],[-118.579237328589,34.2618696136275],[-118.579237206492,34.2618926982814],[-118.579290190636,34.2618928089884]]]},"properties":{"Name":"Mason Child Care Center","Type":"Child Care Center","AddrNumber":20498,"Street":"GERMAIN ST"}},{"type":"Feature","geometry":{"type":"MultiPolygon","coordinates":[[[[-118.371702926308,34.0954054494152],[-118.37163004194,34.0953590299896],[-118.371699316111,34.0952875784933],[-118.371677714691,34.0952727741233],[-118.371716206009,34.0952405132791],[-118.371817860501,34.0953127740735],[-118.371742335348,34.0953926471782],[-118.371728641962,34.0953828481506],[-118.371702926308,34.0954054494152]]],[[[-118.371801449992,34.0953825889674],[-118.371874121051,34.0953337401232],[-118.371903585812,34.0953654096138],[-118.371918611118,34.0953557340675],[-118.371942864576,34.0953818021244],[-118.37192764692,34.0953915999731],[-118.371962779288,34.0954293608052],[-118.371877542862,34.0954842471924],[-118.371847319125,34.0954517614371],[-118.371858880146,34.0954443170408],[-118.371801449992,34.0953825889674]]]]},"properties":{"Name":"Hart House Historic Residence, Actors Studio","Type":"Historic Houses","AddrNumber":8341,"Street":"DE LONGPRE AVE"}},{"type":"Feature","geometry":{"type":"Polygon","coordinates":[[[-118.3966744362,34.2693338205927],[-118.3968311631,34.2692954388411],[-118.396951234457,34.2692223380593],[-118.396958698546,34.2692571525968],[-118.397058750496,34.2691947203224],[-118.397084373515,34.2692112985041],[-118.397068024535,34.2692264997522],[-118.397084488837,34.2692355341544],[-118.397104492578,34.2692218354999],[-118.397146643719,34.2692610809042],[-118.397097577307,34.2693021391795],[-118.397090257312,34.2692976194388],[-118.397050262018,34.2693280449633],[-118.39704110437,34.2693205011789],[-118.396830181519,34.2694726662673],[-118.39678068162,34.2694228418557],[-118.396729675393,34.2694396712114],[-118.396691569032,34.2694837234747],[-118.396742814025,34.2695168799915],[-118.396693774982,34.2695639972445],[-118.39664620132,34.2695353733294],[-118.396624436805,34.2695627098213],[-118.396565742278,34.2694977687131],[-118.3966744362,34.2693338205927]]]},"properties":{"Name":"Hansen Dam Ranger Station","Type":"Ranger Station","AddrNumber":0,"Street":"DRONFIELD AVE"}},{"type":"Feature","geometry":{"type":"Polygon","coordinates":[[[-118.405429711281,34.2593550851125],[-118.405446522923,34.2594275620326],[-118.405704886775,34.2593862480765],[-118.40572227094,34.2594611950571],[-118.405465516933,34.2595022512272],[-118.405476446363,34.2595493686537],[-118.405331594166,34.2595725310076],[-118.40528669902,34.2593789751037],[-118.405429711281,34.2593550851125]]]},"properties":{"Name":"Project Youth Green, Roger W Jessup Park","Type":"Youth Center","AddrNumber":12467,"Street":"OSBORNE ST"}},{"type":"Feature","geometry":{"type":"MultiPolygon","coordinates":[[[[-118.465402669219,34.2687342711123],[-118.465375626158,34.2685250600157],[-118.465524835342,34.2685118179654],[-118.46552692718,34.2685299867716],[-118.46553953331,34.2685299383007],[-118.465540322779,34.2685525197435],[-118.465531040195,34.2685536571173],[-118.465532471627,34.2685723793036],[-118.465514567948,34.2685741006649],[-118.465525747937,34.2686754106075],[-118.465541665352,34.2686742477228],[-118.465543686526,34.2686797483606],[-118.46558216738,34.2686796003917],[-118.465583475905,34.2686762903142],[-118.465610675581,34.2686756348757],[-118.465613443217,34.2686960044454],[-118.465618760292,34.2686976365203],[-118.465620879821,34.2687207636884],[-118.465402669219,34.2687342711123]]],[[[-118.465638672496,34.2685802335272],[-118.465627620381,34.2685020584221],[-118.465680670056,34.2684968968234],[-118.465681364274,34.2685024025626],[-118.465717843395,34.2685000588857],[-118.465723437122,34.2685512646748],[-118.465691602344,34.2685535904897],[-118.465692391848,34.2685761710299],[-118.465638672496,34.2685802335272]]]]},"properties":{"Name":"Andres Pico Adobe","Type":"Historic Houses","AddrNumber":10940,"Street":"SEPULVEDA BLVD"}},{"type":"Feature","geometry":{"type":"Polygon","coordinates":[[[-118.44678872376,34.3086463454804],[-118.446885507769,34.3087193114789],[-118.446769871297,34.3088249304302],[-118.446784602063,34.3088360353404],[-118.44672708698,34.3088885673415],[-118.446640225225,34.3088230816586],[-118.446652501702,34.3088118681351],[-118.446611048577,34.3087806167905],[-118.446681393674,34.3087163671196],[-118.446696489842,34.3087277474653],[-118.44678872376,34.3086463454804]]]},"properties":{"Name":"Sylmar Park Recreation Center","Type":"Recreation Center","AddrNumber":13109,"Street":"BORDEN AVE"}},{"type":"Feature","geometry":{"type":"Polygon","coordinates":[[[-118.445717279513,34.309071342632],[-118.445801979023,34.3091376879843],[-118.445791616318,34.3091467973998],[-118.445861477099,34.3092015196931],[-118.445824938896,34.3092336389518],[-118.44574208635,34.3091687400986],[-118.44572304136,34.3091854823262],[-118.445685408035,34.3091560043608],[-118.445679101512,34.3091615476833],[-118.445644490309,34.3091344368443],[-118.445717279513,34.309071342632]]]},"properties":{"Name":"Sylmar Park Preschool","Type":"Preschool","AddrNumber":13109,"Street":"BORDEN AVE"}},{"type":"Feature","geometry":{"type":"Polygon","coordinates":[[[-118.448032391749,34.3088027198039],[-118.447893118625,34.3089305410899],[-118.447801648827,34.3088619133825],[-118.447823476504,34.308841880742],[-118.447709831333,34.3087566150139],[-118.447826948174,34.3086491280106],[-118.448032391749,34.3088027198039]]]},"properties":{"Name":"Los Angeles Fire Dept Station 91, Sylmar Park","Type":"Fire Station","AddrNumber":14430,"Street":"POLK ST"}},{"type":"Feature","geometry":{"type":"Polygon","coordinates":[[[-118.447522398613,34.308561159013],[-118.447450075769,34.3086261963118],[-118.447352231386,34.3085512747343],[-118.447422433963,34.3084881430637],[-118.447522398613,34.308561159013]]]},"properties":{"Name":"Sylmar Park Maintenance","Type":"Maintenance Buildings","AddrNumber":13109,"Street":"BORDEN AVE"}},{"type":"Feature","geometry":{"type":"Polygon","coordinates":[[[-118.315019545937,33.7166784959054],[-118.315157849225,33.7167207376934],[-118.315111008133,33.7168278371348],[-118.314973688585,33.7167858956206],[-118.315019545937,33.7166784959054]]]},"properties":{"Name":"White Point Nature Education Center & Preserve","Type":"Nature Center","AddrNumber":1600,"Street":"W Paseo Del Mar"}},{"type":"Feature","geometry":{"type":"Polygon","coordinates":[[[-118.323458909286,34.2606294908321],[-118.323481181505,34.2605973105288],[-118.323430241149,34.2605730051119],[-118.323462218247,34.2605268034533],[-118.323449111133,34.2605205493637],[-118.323458514759,34.2605069624468],[-118.323466876813,34.2605109528375],[-118.323472953702,34.2605021736794],[-118.323674103324,34.2605981480941],[-118.323614216729,34.2606846761562],[-118.323595641106,34.260675813233],[-118.323583996986,34.2606926381523],[-118.323458909286,34.2606294908321]]]},"properties":{"Name":"Sunland Maintenance Building","Type":"Maintenance Buildings","AddrNumber":8701,"Street":"FOOTHILL BLVD"}},{"type":"Feature","geometry":{"type":"Polygon","coordinates":[[[-118.320582518525,34.2605790622241],[-118.320582355602,34.2605366472357],[-118.320607897842,34.260536579596],[-118.320607447052,34.2604192315815],[-118.320578498713,34.2604193082407],[-118.320578257046,34.2603563925542],[-118.320604651579,34.2603563226582],[-118.320604618991,34.2603478392998],[-118.320685501846,34.2603476250759],[-118.320685664822,34.2603900400643],[-118.320711207018,34.2603899724028],[-118.320711378155,34.2604345077799],[-118.320672213579,34.260434611525],[-118.320672610139,34.2605378218108],[-118.320686232523,34.2605377857272],[-118.320686360187,34.2605710105609],[-118.320672737798,34.2605710466445],[-118.320672764958,34.2605781155087],[-118.320582518525,34.2605790622241]]]},"properties":{"Name":"Sunland Recreation Center/Club House","Type":"Recreation Center","AddrNumber":8651,"Street":"FOOTHILL BLVD"}},{"type":"Feature","geometry":{"type":"Polygon","coordinates":[[[-118.300667481219,34.2631125343191],[-118.300550452724,34.263112824899],[-118.300550596311,34.2631915916059],[-118.300190733753,34.2631867560798],[-118.300208886424,34.262724197763],[-118.300543390945,34.2627288284273],[-118.300667446355,34.262728520402],[-118.300667962634,34.2628718252315],[-118.300720551359,34.2628716946172],[-118.300720886192,34.2629646185464],[-118.300664252701,34.2629647592058],[-118.300667481219,34.2631125343191]]]},"properties":{"Name":"Verdugo Hills Pool","Type":"Swimming Complex","AddrNumber":10654,"Street":"IRMA AVE"}},{"type":"Feature","geometry":{"type":"Polygon","coordinates":[[[-118.300706246836,34.2577121951452],[-118.300813708238,34.2576379834065],[-118.300767386696,34.2575917397914],[-118.300799906999,34.2575692820036],[-118.300851641032,34.2576209294764],[-118.300863262386,34.2576129039839],[-118.30111064863,34.2578598737345],[-118.301106880622,34.2578624759199],[-118.301159942273,34.2579154470184],[-118.301008668283,34.2580199153234],[-118.300901696233,34.257913124032],[-118.30081982115,34.2579696662041],[-118.300828541967,34.2579783731908],[-118.300806883693,34.2579933311771],[-118.300800842437,34.2579873004977],[-118.300771176962,34.2580077867488],[-118.300661443958,34.2578982389021],[-118.300681718064,34.2578842373017],[-118.300673407,34.2578759403865],[-118.300696064949,34.2578602929717],[-118.30070146,34.2578656779596],[-118.300794094321,34.2578017057333],[-118.300706246836,34.2577121951452]]]},"properties":{"Name":"Sunland-Tujunga Municipal Building","Type":"Municipal Buildings","AddrNumber":7747,"Street":"FOOTHILL BLVD"}},{"type":"Feature","geometry":{"type":"Polygon","coordinates":[[[-118.301571333727,34.2582157301696],[-118.301204555872,34.2584760463207],[-118.301138102416,34.2584114949864],[-118.301143615989,34.258407581233],[-118.301087595506,34.2583531642122],[-118.301079089172,34.258337413923],[-118.301073286297,34.2583213269483],[-118.301068925262,34.2583070259335],[-118.30106672808,34.2582951049977],[-118.301067428562,34.258290332335],[-118.301079599285,34.2582795683969],[-118.301084570451,34.2582640514429],[-118.301088148171,34.2582604643543],[-118.301094626797,34.2582646232476],[-118.301139034659,34.2582311181493],[-118.3011339882,34.2582257638673],[-118.301144018722,34.2582191793512],[-118.301149039359,34.258217377316],[-118.301164117423,34.2582161470768],[-118.30117631825,34.2582137321652],[-118.301200009729,34.2582112877625],[-118.301326094792,34.2581233132865],[-118.301332579877,34.2581292607955],[-118.301349773324,34.2581172915976],[-118.301361956902,34.258110104888],[-118.301376314016,34.2581082805027],[-118.301394269295,34.2581082358022],[-118.301407179173,34.2581034327401],[-118.301415779652,34.2580986404063],[-118.30142367967,34.2580986207366],[-118.301438764171,34.2580991799931],[-118.301571333727,34.2582157301696]]]},"properties":{"Name":"Sunland-Tujunga Branch Library","Type":"Library","AddrNumber":7771,"Street":"FOOTHILL BLVD"}},{"type":"Feature","geometry":{"type":"Polygon","coordinates":[[[-118.301294039638,34.2584644300551],[-118.301564284476,34.2582703113038],[-118.30169274422,34.2583936060486],[-118.301672271835,34.2584083115093],[-118.301707765272,34.2584423767919],[-118.301457413303,34.2586222065905],[-118.301294039638,34.2584644300551]]]},"properties":{"Name":"Los Angeles Fire Dept Station 74","Type":"Fire Station","AddrNumber":7777,"Street":"FOOTHILL BLVD"}},{"type":"Feature","geometry":{"type":"Polygon","coordinates":[[[-118.288111589129,34.2525707001327],[-118.288362678182,34.2525713265498],[-118.288362494959,34.2526219977188],[-118.288372269618,34.2526220222152],[-118.28837318124,34.2526769090547],[-118.288114900112,34.2526762646167],[-118.288114982315,34.252653528629],[-118.288068607226,34.2526534136131],[-118.288069895138,34.2526129109255],[-118.288111242277,34.2526130135664],[-118.288111589129,34.2525707001327]]]},"properties":{"Name":"Bolton Hall Museum","Type":"Museum","AddrNumber":10110,"Street":"COMMERCE AVE"}},{"type":"Feature","geometry":{"type":"Polygon","coordinates":[[[-118.29757747185,34.2499170680118],[-118.297577220787,34.24984664526],[-118.297539449706,34.249846738108],[-118.297539257738,34.2497928845138],[-118.297624063755,34.2497926760291],[-118.297624036322,34.2497849824009],[-118.297666795964,34.2497848772594],[-118.29766681707,34.2497907957817],[-118.29768392158,34.2497907537192],[-118.297683864594,34.2497747750614],[-118.297744440927,34.249774626076],[-118.297744586584,34.2498154598225],[-118.297731045194,34.2498154931297],[-118.297731123296,34.2498373894081],[-118.2977810103,34.2498372666956],[-118.297781288985,34.2499153839767],[-118.29757747185,34.2499170680118]]]},"properties":{"Name":"McGroarty Arts Center","Type":"Art Center","AddrNumber":7570,"Street":"MCGROARTY TER"}},{"type":"Feature","geometry":{"type":"Polygon","coordinates":[[[-118.371369021956,34.2181294316545],[-118.37136945817,34.2180110702374],[-118.371427205236,34.2180112166422],[-118.371427781987,34.2178549343471],[-118.371707664277,34.2178556453696],[-118.371706633735,34.2181356235355],[-118.371369021956,34.2181294316545]]]},"properties":{"Name":"Sun Valley Recreation Center","Type":"Recreation Center","AddrNumber":8133,"Street":"VINELAND AVE"}},{"type":"Feature","geometry":{"type":"Polygon","coordinates":[[[-118.446247501456,34.1894190865101],[-118.446303043307,34.1894188815909],[-118.446303748724,34.1895509067586],[-118.446247345401,34.1895511148559],[-118.446247234535,34.1895303627248],[-118.446187387859,34.1895305834974],[-118.446187319058,34.189517703455],[-118.446124026854,34.1895179369058],[-118.446123644668,34.1894463786099],[-118.446130964257,34.1894463516135],[-118.446130832398,34.189421663438],[-118.446165707565,34.1894215348043],[-118.446165848989,34.1894480115991],[-118.446220098784,34.1894478114839],[-118.446220056735,34.1894399402968],[-118.446240723425,34.1894398640557],[-118.446240763563,34.1894473773386],[-118.446245930779,34.1894473582758],[-118.446247501456,34.1894190865101]]]},"properties":{"Name":"Independent Living Center of Southern California, Inc","Type":"Senior Center","AddrNumber":14354,"Street":"HAYNES ST"}},{"type":"Feature","geometry":{"type":"Polygon","coordinates":[[[-118.446270920591,34.1889408180956],[-118.446444733465,34.1889401766985],[-118.44644542043,34.1890687084679],[-118.446398712834,34.1890688808509],[-118.44639888966,34.1891019685049],[-118.446409610258,34.1891019289402],[-118.446409868701,34.1891502874724],[-118.446399148096,34.1891503270372],[-118.446399379331,34.1891935955772],[-118.446129088029,34.1891945927828],[-118.44612774905,34.18894389128],[-118.4462096787,34.1889435890747],[-118.44620954274,34.1889181373103],[-118.446271564119,34.1889179085017],[-118.446270920591,34.1889408180956]]]},"properties":{"Name":"Van Nuys Multipurpose Center","Type":"Recreation Center","AddrNumber":6514,"Street":"SYLMAR AVE"}},{"type":"Feature","geometry":{"type":"Polygon","coordinates":[[[-118.401230560893,34.1947229177137],[-118.401267551353,34.1948889178045],[-118.401026244389,34.194883989641],[-118.401026378964,34.1945531761661],[-118.401091875719,34.1945543915598],[-118.401077909584,34.1945172034489],[-118.401169196204,34.1945054440017],[-118.40115673282,34.1944224239405],[-118.401322173784,34.1944204426412],[-118.401326294942,34.1945607740828],[-118.401300444216,34.1945608598434],[-118.401310839768,34.1945722821004],[-118.401324702806,34.1945879895826],[-118.401331706572,34.1946108789331],[-118.401331844192,34.1946395203365],[-118.401321648174,34.194669628567],[-118.401306226296,34.1946882964879],[-118.401289054015,34.1947012427429],[-118.401268414244,34.194709903768],[-118.401239123507,34.1947114325686],[-118.401230560893,34.1947229177137]]]},"properties":{"Name":"Valley Plaza Library","Type":"Library","AddrNumber":12311,"Street":"VANOWEN ST"}},{"type":"Feature","geometry":{"type":"MultiPolygon","coordinates":[[[[-118.502774256514,34.1602456586411],[-118.502731120119,34.1602341260666],[-118.502612006541,34.1602022793337],[-118.502642937678,34.1601198580327],[-118.502756489453,34.160149306319],[-118.502755431649,34.1601521226258],[-118.50282334039,34.1601569889567],[-118.502819496578,34.1601940637143],[-118.5027501079,34.1601890917433],[-118.50279376076,34.1602028300391],[-118.502774256514,34.1602456586411]]],[[[-118.502731120119,34.1602341260666],[-118.502758260658,34.1603092180289],[-118.502648408883,34.1603327514916],[-118.502624889288,34.1602568835524],[-118.502731120119,34.1602341260666]]]]},"properties":{"Name":"Encino Park","Type":"Recreation Center","AddrNumber":16953,"Street":"VENTURA BLVD"}},{"type":"Feature","geometry":{"type":"Polygon","coordinates":[[[-118.501782855986,34.1603281244043],[-118.501780899782,34.1601591277187],[-118.50206324264,34.160156869366],[-118.502063806966,34.1602056665722],[-118.502044735683,34.1602058187821],[-118.502045767861,34.1602949409066],[-118.502085701987,34.1602946209307],[-118.502086146906,34.1603331095037],[-118.501861968458,34.1603349029301],[-118.501861804405,34.1603207701423],[-118.501843055182,34.160320920082],[-118.501843163082,34.1603302181349],[-118.501782855986,34.1603281244043]]]},"properties":{"Name":"Encino Women's Club","Type":"Women's Club","AddrNumber":4924,"Street":"PASO ROBLES AVE"}},{"type":"Feature","geometry":{"type":"MultiPolygon","coordinates":[[[[-118.49047787576,34.1636644287882],[-118.490480283365,34.1635857036565],[-118.490606554832,34.1635875768901],[-118.490599080277,34.1637808192181],[-118.490490011432,34.1637764907208],[-118.490461078911,34.1637360576525],[-118.490460756877,34.1636811956684],[-118.49047787576,34.1636644287882]]],[[[-118.490336276866,34.1644736314226],[-118.490393233443,34.1643994551418],[-118.490488178688,34.1644420059632],[-118.490417001872,34.1645377074608],[-118.490336276866,34.1644736314226]]],[[[-118.490550844207,34.1633850489936],[-118.490622231056,34.163325126028],[-118.490671207978,34.1633583221909],[-118.490599877154,34.1634277859688],[-118.490550844207,34.1633850489936]]]]},"properties":{"Name":"Libbit Park (Encino Baseball Concession)","Type":"Baseball Complex","AddrNumber":5120,"Street":"HAYVENHURST AVE"}},{"type":"Feature","geometry":{"type":"Polygon","coordinates":[[[-118.405226974863,34.1298355149619],[-118.405042323235,34.1298663209332],[-118.404988540714,34.129663426283],[-118.405209550405,34.12964484777],[-118.405226974863,34.1298355149619]]]},"properties":{"Name":"Tree People Conference Center","Type":"Auditorium / Event Venue","AddrNumber":12601,"Street":"MULHOLLAND DR"}},{"type":"Feature","geometry":{"type":"Polygon","coordinates":[[[-118.405833504474,34.1293573512066],[-118.40576598287,34.1293836485459],[-118.405746191061,34.1293485063499],[-118.405733526635,34.129353438799],[-118.405690553117,34.1292771308811],[-118.405784098163,34.1292406994922],[-118.405827274037,34.1293173637064],[-118.405814080496,34.1293225025893],[-118.405833504474,34.1293573512066]]]},"properties":{"Name":"S Mark Taper Foundation Environmental Learning Center","Type":"Cultural Center","AddrNumber":12601,"Street":"MULHOLLAND DR"}},{"type":"Feature","geometry":{"type":"Polygon","coordinates":[[[-118.405699830427,34.1293523122883],[-118.405482441062,34.1294367413567],[-118.405455034477,34.1293879402244],[-118.405423841716,34.1294000542301],[-118.405392090505,34.1293435162392],[-118.405552399699,34.129281255634],[-118.405569065433,34.1293109315118],[-118.405660616812,34.1292753750885],[-118.405699830427,34.1293523122883]]]},"properties":{"Name":"W M Keck Foundation Nursery","Type":"Horticultural Center","AddrNumber":12601,"Street":"MULHOLLAND DR"}},{"type":"Feature","geometry":{"type":"Polygon","coordinates":[[[-118.406772463204,34.129755880327],[-118.406749456824,34.129775166802],[-118.406719637926,34.1297505695278],[-118.406742643217,34.1297312821607],[-118.406772463204,34.129755880327]]]},"properties":{"Name":"S Mark Taper Foundation Amphitheatre","Type":"Amphitheatre","AddrNumber":12601,"Street":"MULHOLLAND DR"}},{"type":"Feature","geometry":{"type":"MultiPolygon","coordinates":[[[[-118.407110588793,34.1297815149235],[-118.407119812239,34.1297808122127],[-118.407129042226,34.1297814527697],[-118.407137997871,34.1297834159038],[-118.407146407856,34.1297866421258],[-118.407154015862,34.1297910349332],[-118.407160591397,34.1297964589707],[-118.407165935269,34.1298027499276],[-118.407169882848,34.1298097172333],[-118.407172316017,34.1298171485227],[-118.407173161042,34.1298248186599],[-118.407172390767,34.1298324942384],[-118.407170030073,34.1298399416762],[-118.407166150497,34.1298469353479],[-118.407160868082,34.1298532620996],[-118.407154345597,34.129858730257],[-118.407146780623,34.1298631732715],[-118.407138402338,34.1298664569434],[-118.407129466101,34.1298684803418],[-118.407120242646,34.1298691830533],[-118.407111012649,34.1298685424957],[-118.407102056995,34.1298665793596],[-118.407093646999,34.129863352233],[-118.407086038995,34.1298589603232],[-118.40707946346,34.1298535362818],[-118.407074120675,34.1298472453172],[-118.407070172018,34.1298402780122],[-118.407067738858,34.1298328467208],[-118.407066894926,34.1298251765791],[-118.407067664126,34.1298175010049],[-118.407070024829,34.1298100535691],[-118.407073905496,34.1298030598969],[-118.40707918683,34.1297967331526],[-118.407085709314,34.1297912649993],[-118.407093274281,34.1297868210871],[-118.407101652564,34.1297835383199],[-118.407110588793,34.1297815149235]]],[[[-118.407068300591,34.1299112416092],[-118.407076611569,34.1299106086885],[-118.407084928438,34.1299111856103],[-118.407092998517,34.1299129551951],[-118.407100576529,34.1299158623736],[-118.407107432221,34.1299198204722],[-118.407113357933,34.1299247075815],[-118.4071181719,34.1299303764616],[-118.407121730181,34.1299366545025],[-118.407123922349,34.1299433509501],[-118.40712468345,34.129950262276],[-118.407123989696,34.1299571785021],[-118.407121862829,34.129963889497],[-118.407118365817,34.129970191301],[-118.407113607223,34.1299758924226],[-118.407107729309,34.1299808201887],[-118.407100912387,34.1299848234352],[-118.407093362937,34.1299877824636],[-118.407085310347,34.1299896054461],[-118.407076999362,34.1299902383674],[-118.407068682485,34.129989661445],[-118.407060612403,34.1299878927602],[-118.407053034381,34.1299849846777],[-118.407046178691,34.1299810274775],[-118.407040254059,34.1299761394597],[-118.40703543901,34.1299704705801],[-118.407031881819,34.1299641925331],[-118.407029688573,34.1299574960874],[-118.407028927479,34.1299505847609],[-118.407029621242,34.1299436685353],[-118.4070317492,34.1299369575384],[-118.407035245133,34.1299306557406],[-118.407040004814,34.1299249546185],[-118.407045881648,34.1299200277609],[-118.407052698564,34.1299160236159],[-118.407060248012,34.1299130654915],[-118.407068300591,34.1299112416092]]],[[[-118.407124086332,34.1297448616394],[-118.40714530722,34.1297153639851],[-118.407184553881,34.1297348889009],[-118.407201027051,34.1297119902554],[-118.407229111775,34.1297259623261],[-118.407211871913,34.1297499264708],[-118.407231632187,34.129759756975],[-118.407211748564,34.1297884748175],[-118.407124086332,34.1297448616394]]],[[[-118.407158325232,34.1300216210328],[-118.407165317344,34.130021089013],[-118.407172314409,34.1300215739102],[-118.40717910388,34.1300230629173],[-118.407185479545,34.1300255089475],[-118.407191248074,34.130028838726],[-118.407196232261,34.1300329500748],[-118.407200282981,34.1300377199857],[-118.407203275933,34.1300430019269],[-118.407205121438,34.130048635727],[-118.407205761204,34.1300544502903],[-118.407205178109,34.1300602689732],[-118.407203387553,34.1300659150225],[-118.40720044616,34.1300712169554],[-118.407196442042,34.1300760140013],[-118.407191498076,34.130080159697],[-118.407185762172,34.1300835282306],[-118.407179410542,34.1300860171345],[-118.407172635791,34.1300875509324],[-118.407165643677,34.1300880838541],[-118.407158646602,34.1300875980551],[-118.407151857131,34.1300861099484],[-118.407145481462,34.1300836639164],[-118.407139712931,34.1300803341356],[-118.407134727656,34.1300762218866],[-118.407130676937,34.1300714519736],[-118.407127683989,34.1300661700306],[-118.407125839573,34.1300605362257],[-118.407125198728,34.1300547216656],[-118.407125782913,34.1300489029794],[-118.407127572389,34.1300432569348],[-118.407130513786,34.1300379550037],[-118.407134517906,34.1300331579601],[-118.407139462961,34.1300290131645],[-118.407145198863,34.1300256446332],[-118.40715155049,34.1300231557311],[-118.407158325232,34.1300216210328]]],[[[-118.407100193648,34.1300872251652],[-118.407106953848,34.1300867101575],[-118.407113717759,34.1300871796157],[-118.407120281496,34.1300886189003],[-118.407126445365,34.1300909836071],[-118.407132021468,34.130094202246],[-118.407136840205,34.1300981771208],[-118.407140756804,34.1301027879134],[-118.407143650245,34.1301078943915],[-118.40714543304,34.1301133408839],[-118.407146052345,34.1301189616859],[-118.407145487819,34.130124587377],[-118.407143758139,34.1301300457007],[-118.407140914536,34.1301351715029],[-118.407137042978,34.1301398085282],[-118.407132263117,34.1301438157336],[-118.407126718547,34.1301470718292],[-118.407120577909,34.1301494779795],[-118.407114028403,34.1301509614309],[-118.407107269281,34.1301514764353],[-118.407100504281,34.1301510069804],[-118.40709394054,34.1301495676947],[-118.407087777751,34.1301472029826],[-118.407082201647,34.1301439843417],[-118.407077381826,34.1301400094683],[-118.407073466313,34.13013539867],[-118.407070572875,34.1301302921903],[-118.407068789,34.1301248457003],[-118.40706817078,34.1301192239927],[-118.407068734231,34.1301135992071],[-118.407070465,34.1301081408809],[-118.407073308607,34.1301030150803],[-118.407077179082,34.1300983780608],[-118.407081960028,34.130094370854],[-118.407087504596,34.1300911147604],[-118.407093644146,34.1300887086154],[-118.407100193648,34.1300872251652]]],[[[-118.40700891104,34.1299740912299],[-118.407015652806,34.1299735771909],[-118.407022398274,34.1299740458147],[-118.407028944632,34.1299754806551],[-118.407035091115,34.1299778391143],[-118.407040651985,34.1299810487933],[-118.407045458738,34.1299850137952],[-118.40704936334,34.1299896120095],[-118.407052249112,34.129994704091],[-118.407054028577,34.1300001361713],[-118.407054645636,34.1300057425568],[-118.407054083194,34.1300113520128],[-118.407052356692,34.1300167958997],[-118.407049520606,34.1300219072499],[-118.407045660912,34.1300265316107],[-118.407040892929,34.1300305288556],[-118.407035363501,34.1300337767822],[-118.407029240184,34.1300361765588],[-118.407022708009,34.1300376554392],[-118.407015967317,34.1300381685734],[-118.407009220765,34.1300377008544],[-118.407002674401,34.130036266013],[-118.406996527916,34.1300339075521],[-118.40699096704,34.1300306969696],[-118.406986160286,34.1300267319655],[-118.406982255686,34.1300221337492],[-118.406979369917,34.130017041666],[-118.406977590457,34.1300116095845],[-118.406976973407,34.1300060041002],[-118.40697753585,34.1300003937431],[-118.406979262356,34.1299949498571],[-118.406982098446,34.1299898385086],[-118.406985958141,34.1299852141498],[-118.406990726124,34.1299812169072],[-118.406996255555,34.1299779698841],[-118.407002378869,34.1299755701092],[-118.40700891104,34.1299740912299]]],[[[-118.40718730359,34.12993860723],[-118.40719396516,34.129938099762],[-118.40720063254,34.1299385623281],[-118.407207100761,34.1299399802928],[-118.407213175559,34.1299423110368],[-118.407218670119,34.1299454830665],[-118.407223420273,34.1299494004705],[-118.407227279088,34.1299539447412],[-118.407230130973,34.1299589774311],[-118.40723188845,34.1299643446723],[-118.407232498691,34.129969884366],[-118.40723194245,34.1299754288913],[-118.407230237326,34.1299808077982],[-118.407227434569,34.1299858595388],[-118.407223620151,34.1299904287591],[-118.407218908323,34.1299943789418],[-118.407213444845,34.1299975878883],[-118.407207392951,34.1299999594857],[-118.407200938752,34.1300014209838],[-118.407194276093,34.1300019284559],[-118.407187609792,34.1300014658857],[-118.407181141567,34.13000004792],[-118.407175066766,34.1299977171744],[-118.40716957112,34.1299945451464],[-118.407164822046,34.129990626835],[-118.407160963237,34.129986083464],[-118.407158111355,34.1299810507724],[-118.407156353882,34.1299756835301],[-118.407155743641,34.1299701429344],[-118.407156299892,34.1299645993111],[-118.407158005021,34.1299592204052],[-118.407160807781,34.1299541686662],[-118.407164622196,34.1299495985464],[-118.407169332945,34.129945649271],[-118.407174797505,34.1299424403228],[-118.407180849396,34.1299400687271],[-118.40718730359,34.12993860723]]],[[[-118.407029661881,34.1300466356758],[-118.407036021103,34.1300461508716],[-118.407042385922,34.1300465928285],[-118.407048561122,34.1300479459762],[-118.407054358961,34.1300501712794],[-118.407059605642,34.1300531990036],[-118.407064139194,34.1300569395405],[-118.40706782354,34.1300612770501],[-118.407070545297,34.1300660811917],[-118.407072223525,34.1300712052869],[-118.407072805429,34.130076493548],[-118.40707227505,34.130081785555],[-118.407070646783,34.1300869207857],[-118.407067971905,34.1300917431015],[-118.407064329924,34.1300961052839],[-118.407059832944,34.130099875331],[-118.407054615925,34.1301029391943],[-118.407048839941,34.1301052025716],[-118.407042678122,34.130106598166],[-118.407036317806,34.1301070820727],[-118.407029954071,34.1301066410134],[-118.407023778863,34.1301052869632],[-118.407017981025,34.13010306256],[-118.407012734339,34.1301000339325],[-118.407008200791,34.1300962942952],[-118.407004516447,34.1300919567837],[-118.407001794693,34.1300871526408],[-118.407000116468,34.1300820285444],[-118.406999534569,34.130076740283],[-118.407000064952,34.1300714482764],[-118.407001693224,34.1300663130466],[-118.407004368104,34.1300614907323],[-118.407008010087,34.1300571285517],[-118.407012507063,34.1300533576051],[-118.407017724085,34.130050294645],[-118.407023500062,34.1300480303677],[-118.407029661881,34.1300466356758]]],[[[-118.407233582618,34.1298171927534],[-118.407258617789,34.1297786542341],[-118.407313187796,34.1298031688751],[-118.407288152643,34.1298417074058],[-118.407233582618,34.1298171927534]]],[[[-118.407274380258,34.1298579850888],[-118.407317179739,34.1298372587757],[-118.407332947284,34.1298597747261],[-118.407290147796,34.1298805010448],[-118.407274380258,34.1298579850888]]],[[[-118.406963685944,34.1301116585208],[-118.406983419097,34.1300978715849],[-118.407005027732,34.1301192572172],[-118.406985294581,34.130133045058],[-118.406963685944,34.1301116585208]]]]},"properties":{"Name":"Tree People Offices (Yurt Village)","Type":"Municipal Buildings","AddrNumber":12601,"Street":"MULHOLLAND DR"}},{"type":"Feature","geometry":{"type":"Polygon","coordinates":[[[-118.379465932108,34.1654075569554],[-118.379466207279,34.1654681465855],[-118.379710491883,34.1654673797697],[-118.379711228638,34.1656294999414],[-118.379545745479,34.1656300194514],[-118.379546816654,34.1658658293011],[-118.379416792796,34.1658662373329],[-118.379416829976,34.1658744249746],[-118.379300597402,34.1658747896092],[-118.379299794541,34.1656979322202],[-118.379268273965,34.1656980310845],[-118.379266950849,34.1654065440072],[-118.379335902614,34.1654063277292],[-118.379335880308,34.1654014144229],[-118.379408771178,34.1654011857466],[-118.379408800923,34.1654077362206],[-118.379465932108,34.1654075569554]]]},"properties":{"Name":"North Hollywood Amelia Earhart Regional Library","Type":"Library","AddrNumber":5211,"Street":"TUJUNGA AVE"}},{"type":"Feature","geometry":{"type":"Polygon","coordinates":[[[-118.38235453085,34.1780898815641],[-118.382420262991,34.1781961182314],[-118.382274247744,34.178258522653],[-118.382242068563,34.1782065155118],[-118.382205238589,34.1782058358496],[-118.382206311173,34.178165717663],[-118.382218400512,34.1781659409034],[-118.382220019581,34.1781053858469],[-118.382258107915,34.1781060894748],[-118.382327885422,34.1780759072282],[-118.382334010037,34.1780939627853],[-118.38235453085,34.1780898815641]]]},"properties":{"Name":"Tiara Street Recreation Center","Type":"Recreation Center","AddrNumber":11480,"Street":"TIARA ST"}},{"type":"Feature","geometry":{"type":"Polygon","coordinates":[[[-118.531065984735,34.1870062502807],[-118.531354671587,34.187166598493],[-118.53139652002,34.1871145677934],[-118.53158395988,34.1872186793],[-118.531386173167,34.1874645941628],[-118.530909573282,34.1871998716867],[-118.531065984735,34.1870062502807]]]},"properties":{"Name":"ONEgeneration Senior Enrichment Center","Type":"Senior Center","AddrNumber":18255,"Street":"VICTORY BLVD"}},{"type":"Feature","geometry":{"type":"Polygon","coordinates":[[[-118.384566261469,34.0496892101433],[-118.384745141076,34.049703212746],[-118.384730499279,34.0498328170203],[-118.384550553271,34.0498187312436],[-118.384566261469,34.0496892101433]]]},"properties":{"Name":"Robertson Recreation Center","Type":"Recreation Center","AddrNumber":1641,"Street":"PREUSS ROAD"}},{"type":"Feature","geometry":{"type":"Polygon","coordinates":[[[-118.370969968673,34.0445167249715],[-118.371258679409,34.0445116211836],[-118.371270636364,34.0445425070076],[-118.371351751639,34.0445577188711],[-118.371414281172,34.0445701759669],[-118.371481901923,34.0445882411317],[-118.371537796547,34.0446274246923],[-118.371617342176,34.0446693473246],[-118.371693498623,34.0447084684554],[-118.371685124293,34.0447239555266],[-118.371786764914,34.0447981381139],[-118.371932123713,34.0448314240447],[-118.371840606143,34.0451353089198],[-118.371598940611,34.0450882634828],[-118.371582217885,34.045124859493],[-118.371465681036,34.0451181905964],[-118.3714641112,34.0451449015433],[-118.371230924148,34.0451062622294],[-118.371181889994,34.0450909516723],[-118.37097563242,34.0450325513198],[-118.371009140672,34.0449734150775],[-118.370877295342,34.0449414920214],[-118.370902385516,34.0448880027233],[-118.370843126697,34.0448516401808],[-118.370883120624,34.0447320443714],[-118.370948934608,34.0447234083661],[-118.37098058503,34.0446263269001],[-118.370969968673,34.0445167249715]]]},"properties":{"Name":"LACES Recreation Center","Type":"Recreation Center","AddrNumber":5931,"Street":"W 18th St"}},{"type":"Feature","geometry":{"type":"Polygon","coordinates":[[[-118.293404701712,34.1004764455291],[-118.293383341735,34.1004771419895],[-118.293379869872,34.100377176725],[-118.293402147507,34.100377340804],[-118.293452872435,34.1003764359952],[-118.293447620943,34.1001726878766],[-118.293478660073,34.1001721346798],[-118.293476707892,34.1000963700844],[-118.293520305457,34.1000955925447],[-118.293519897612,34.100079742783],[-118.293575338421,34.100078754344],[-118.293575761246,34.1000951639211],[-118.293594201785,34.1000948351333],[-118.2935944227,34.1001034307132],[-118.293680167906,34.1001019015954],[-118.293682541796,34.1001940081524],[-118.293626651197,34.1001950049457],[-118.293630057534,34.1003271505814],[-118.293716333957,34.1003256111323],[-118.293716892296,34.1003472709076],[-118.293742888144,34.1003468065324],[-118.293743559479,34.1003728655137],[-118.293890669225,34.1003702413462],[-118.293893325823,34.1004733387029],[-118.293750015202,34.1004758950378],[-118.293750290015,34.1004865631109],[-118.293728011072,34.1004869607542],[-118.293728238256,34.1004957943235],[-118.293704795457,34.1004962119209],[-118.293704998707,34.1005040944311],[-118.293691583006,34.1005043334907],[-118.29369231073,34.1005325668329],[-118.293625473859,34.100533758817],[-118.293629565279,34.1006924898984],[-118.293600731211,34.1006930044189],[-118.293601948303,34.100740246297],[-118.29357001061,34.1007408161326],[-118.293570424541,34.100756852497],[-118.293525927191,34.1007576457627],[-118.29352550804,34.1007413551786],[-118.293483972349,34.1007420961578],[-118.293482468036,34.1006837102258],[-118.293455042728,34.1006841987516],[-118.293449663085,34.1004754393205],[-118.293404701712,34.1004764455291]]]},"properties":{"Name":"Los Angeles Municipal Art Gallery","Type":"Art Gallery","AddrNumber":4800,"Street":"HOLLYWOOD BLVD"}},{"type":"Feature","geometry":{"type":"Polygon","coordinates":[[[-118.293277520548,34.1008845059216],[-118.293277411791,34.1008534970577],[-118.293357698277,34.1008533021652],[-118.293357856022,34.1008982657391],[-118.293376493888,34.1008982204888],[-118.293376640341,34.1009399629128],[-118.293388109387,34.100939935066],[-118.293388220276,34.1009715398382],[-118.29340685816,34.1009714945832],[-118.293407023459,34.1010186037874],[-118.29339340321,34.1010186368593],[-118.293393451334,34.1010323526651],[-118.293387716263,34.1010323665902],[-118.293387764387,34.1010460823961],[-118.293285973363,34.1010463295057],[-118.293285923163,34.1010320168901],[-118.293245063492,34.1010321160576],[-118.293244854369,34.1009724846668],[-118.29324915567,34.1009724742281],[-118.293249049012,34.1009420612721],[-118.293264819357,34.1009420229982],[-118.2932646144,34.100883583424],[-118.293277520548,34.1008845059216]]]},"properties":{"Name":"Director's House / Studio Residence A","Type":"Historic Houses","AddrNumber":1645,"Street":"N Vermont Ave"}},{"type":"Feature","geometry":{"type":"MultiPolygon","coordinates":[[[[-118.294407793582,34.1002630920217],[-118.294407123413,34.100072745785],[-118.294333145967,34.1000729260086],[-118.294333050252,34.1000457333028],[-118.294231546549,34.1000459805121],[-118.294231521371,34.1000388251062],[-118.294216038381,34.1000388628071],[-118.294216159235,34.1000732109189],[-118.294173148865,34.1000733156381],[-118.294172454056,34.0998758130941],[-118.294148368609,34.0998758717293],[-118.294148172269,34.0998200564986],[-118.2941722577,34.0998199978635],[-118.294172217421,34.0998085484929],[-118.294185980523,34.0998085149849],[-118.294185799258,34.0997569919161],[-118.294213325444,34.0997569248955],[-118.294213471476,34.0997984293144],[-118.294215192405,34.099798425124],[-118.294215293116,34.0998270485503],[-118.294225615444,34.0998270234158],[-118.294225685944,34.0998470598142],[-118.29442181023,34.0998465820909],[-118.294421850542,34.0998580314613],[-118.294432172875,34.0998580063092],[-118.294432097287,34.0998365391904],[-118.294492311418,34.0998363924506],[-118.294492598713,34.0999179687642],[-118.294588955676,34.0999220278848],[-118.294589187605,34.0999878617648],[-118.294494565539,34.0999880924175],[-118.294494852839,34.100069669633],[-118.294441521197,34.1000697996027],[-118.294442075535,34.1002272284479],[-118.294473042668,34.1002271529836],[-118.29447310819,34.1002457586616],[-118.294445581843,34.1002458257413],[-118.294445642317,34.1002629997973],[-118.294407793582,34.1002630920217]]],[[[-118.294160836251,34.1000781156243],[-118.294190942861,34.1000780423271],[-118.29419281763,34.1006109167755],[-118.294162710828,34.1006109900732],[-118.294160836251,34.1000781156243]]],[[[-118.294215836443,34.1006335207607],[-118.29421579448,34.100621594483],[-118.294341957831,34.1006212872215],[-118.294341999812,34.1006332134992],[-118.294353468815,34.1006331855607],[-118.294353615756,34.1006749279833],[-118.294340712985,34.1006749594143],[-118.294340750771,34.1006856938756],[-118.294134302082,34.1006861965949],[-118.294134255935,34.1006730775992],[-118.294115609729,34.1006707375306],[-118.294115479685,34.100633765078],[-118.294215836443,34.1006335207607]]]]},"properties":{"Name":"Hollyhock House / Frank Lloyd Wright","Type":"Historic Houses","AddrNumber":4800,"Street":"HOLLYWOOD BLVD"}},{"type":"Feature","geometry":{"type":"Polygon","coordinates":[[[-118.35618519366,34.0746058737705],[-118.356186114359,34.0748220859336],[-118.355626029849,34.0748213335593],[-118.355876358871,34.0746236003436],[-118.35618519366,34.0746058737705]]]},"properties":{"Name":"Los Angeles Museum of the Holocaust","Type":"Museum","AddrNumber":100,"Street":"Grove Dr"}},{"type":"Feature","geometry":{"type":"Polygon","coordinates":[[[-118.257011260546,33.7912203540938],[-118.257004595236,33.7911296971833],[-118.257127306841,33.7911234076674],[-118.25713954142,33.7912897930133],[-118.257145437997,33.7912894910342],[-118.257154890869,33.7914180504684],[-118.257001569916,33.7914259090763],[-118.257001932667,33.791430832348],[-118.256838035173,33.7914392334963],[-118.25683667873,33.7914207896984],[-118.256782389537,33.79142357217],[-118.256780235417,33.7913942650779],[-118.256738956081,33.7913963806104],[-118.256706841773,33.7914183440575],[-118.256567581467,33.7913133040181],[-118.256592934311,33.7912898720361],[-118.256591369136,33.7912585839708],[-118.256546852182,33.7912601365837],[-118.256544448653,33.7912120831259],[-118.256511372424,33.7912132363177],[-118.256508521537,33.7911562300187],[-118.256753990645,33.7911476698042],[-118.256870743075,33.7912259873214],[-118.257011260546,33.7912203540938]]]},"properties":{"Name":"Wilmington Senior Citizens Center (The Wilmington Jaycees Foundation)","Type":"Senior Center","AddrNumber":1371,"Street":"EUBANK AVE"}},{"type":"Feature","geometry":{"type":"Polygon","coordinates":[[[-118.303080635178,34.1551909755012],[-118.303008732128,34.1553020733017],[-118.30294032981,34.1552714771333],[-118.303012298698,34.1551602755322],[-118.303080635178,34.1551909755012]]]},"properties":{"Name":"Los Angeles Live Steamers Railroad Museum","Type":"Museum","AddrNumber":5202,"Street":"ZOO DR"}},{"type":"Feature","geometry":{"type":"Polygon","coordinates":[[[-118.301707386715,34.1551911626102],[-118.301619135138,34.1552247765267],[-118.301577592693,34.1551494000817],[-118.301662994972,34.1551168706379],[-118.301707386715,34.1551911626102]]]},"properties":{"Name":"Walt's Barn Museum","Type":"Museum","AddrNumber":5202,"Street":"ZOO DR"}},{"type":"Feature","geometry":{"type":"Polygon","coordinates":[[[-118.350151478846,34.022043992317],[-118.350151054248,34.0219425000471],[-118.350224987407,34.021942285578],[-118.350224061454,34.0217209992745],[-118.35057973567,34.0217199668832],[-118.350579993529,34.0217815281063],[-118.350615960708,34.0217814236485],[-118.350616455564,34.0218995534751],[-118.350578490757,34.0218996637342],[-118.350578720736,34.0219545690326],[-118.350598701942,34.0219545110038],[-118.350599266472,34.0220892792927],[-118.350187641053,34.0220904740558],[-118.350187446138,34.0220438879868],[-118.350151478846,34.022043992317]]]},"properties":{"Name":"Celes King III Swimming Pool","Type":"Swimming Complex","AddrNumber":5001,"Street":"Rodeo Road"}},{"type":"Feature","geometry":{"type":"Polygon","coordinates":[[[-118.265470932293,33.9564093548668],[-118.265273584327,33.9564099972769],[-118.265274315754,33.9561281978631],[-118.265492681123,33.9561308817989],[-118.265482250617,33.9564093182373],[-118.265470932293,33.9564093548668]]]},"properties":{"Name":"Green Meadows Early Head Start","Type":"Head Start","AddrNumber":8831,"Street":"S Avalon Blvd"}},{"type":"Feature","geometry":{"type":"Polygon","coordinates":[[[-118.266680505327,34.0926793985303],[-118.266605581525,34.0926502253236],[-118.266623027614,34.0926192128892],[-118.266589008353,34.0926059660175],[-118.266622145242,34.0925470625223],[-118.266708142171,34.0925805476447],[-118.266691105578,34.0926108325527],[-118.266718037822,34.0926213192236],[-118.266680505327,34.0926793985303]]]},"properties":{"Name":"Silver Lake Recreation Center","Type":"Municipal Buildings","AddrNumber":1850,"Street":"W Silver Lake Dr"}},{"type":"Feature","geometry":{"type":"Polygon","coordinates":[[[-118.448470752352,34.053331127626],[-118.448568515722,34.0534448052742],[-118.448289717239,34.0536109154467],[-118.44824455658,34.053558402704],[-118.448187834554,34.0535921972612],[-118.448195998089,34.0535978619691],[-118.448202870922,34.0536046088026],[-118.448208248355,34.0536122383807],[-118.448211973204,34.0536205240999],[-118.448213931495,34.0536292175592],[-118.448214067698,34.0536380629286],[-118.448212376065,34.0536467960791],[-118.448208908284,34.053655158078],[-118.448203765909,34.0536628988226],[-118.448197103691,34.0536697905511],[-118.448189117653,34.0536756269855],[-118.448180045158,34.0536802350513],[-118.448170157333,34.0536834776101],[-118.448159747196,34.0536852589128],[-118.448149125312,34.0536855246162],[-118.448138604671,34.0536842681496],[-118.448128500664,34.0536815271087],[-118.448119112663,34.053677381521],[-118.448110718615,34.0536719556689],[-118.448103569586,34.0536654108976],[-118.448097876742,34.0536579411555],[-118.44809381024,34.053649768491],[-118.447910662161,34.0534405558349],[-118.448325404435,34.0531699361924],[-118.448332933366,34.053180275008],[-118.448399980495,34.0531406307414],[-118.448536575105,34.0532901769964],[-118.448470752352,34.053331127626]]]},"properties":{"Name":"Westwood Pool","Type":"Swimming Complex","AddrNumber":1350,"Street":"S Sepulveda Blvd"}},{"type":"Feature","geometry":{"type":"Polygon","coordinates":[[[-118.487415119786,34.2346786773518],[-118.487413887476,34.2344676071548],[-118.487583308646,34.2344669247106],[-118.487584264462,34.234630580358],[-118.487622936903,34.2346304245486],[-118.487625429387,34.2350571527732],[-118.48764082877,34.2350706589231],[-118.487653187506,34.2350861724338],[-118.487662132718,34.2351032260071],[-118.487667397634,34.2351213068404],[-118.487668821682,34.2351398710501],[-118.487666363601,34.235158359847],[-118.487660096134,34.2351762184899],[-118.487650208265,34.235192908898],[-118.487636996661,34.2352079304212],[-118.487620860304,34.2352208297787],[-118.487613539051,34.2352285070512],[-118.487614664674,34.2354212231975],[-118.487572308897,34.2354213938418],[-118.487572362492,34.2354305704148],[-118.487535727131,34.2354643680295],[-118.487491530389,34.2354645460615],[-118.487450854781,34.2354371777257],[-118.487447073577,34.2354203683915],[-118.487410242798,34.2354205167263],[-118.487409698086,34.2353272184114],[-118.487220017231,34.2353279821676],[-118.487219553063,34.2352484482608],[-118.487237581346,34.2352375707098],[-118.487253499278,34.235224619092],[-118.487266962218,34.2352098724707],[-118.487277683283,34.2351936484426],[-118.48728543004,34.2351762950377],[-118.48721176761,34.2351765916021],[-118.487211276676,34.2350924698594],[-118.487284939032,34.2350921732953],[-118.487281235258,34.2350776490513],[-118.487274932192,34.2350637573361],[-118.487266173887,34.2350508158133],[-118.487255160724,34.2350391220858],[-118.487242147187,34.2350289446892],[-118.487227430975,34.2350205168253],[-118.48722697573,34.234942512798],[-118.487414813692,34.2349417564494],[-118.487414331487,34.2348591645869],[-118.487322254614,34.2348595353802],[-118.487321808207,34.2347830603312],[-118.487349430809,34.2347829491025],[-118.487349261165,34.2347538886019],[-118.487321638572,34.2347539998307],[-118.487321201101,34.2346790555628],[-118.487415119786,34.2346786773518]]]},"properties":{"Name":"Mid-Valley Regional Library","Type":"Library","AddrNumber":16244,"Street":"NORDHOFF ST"}},{"type":"Feature","geometry":{"type":"Polygon","coordinates":[[[-118.310201204292,34.160862022077],[-118.310274568109,34.1610130040966],[-118.310274884018,34.1610136731263],[-118.310275186932,34.1610143475986],[-118.310275475762,34.1610150257131],[-118.310275749421,34.1610157074727],[-118.310276008999,34.1610163937761],[-118.310276254492,34.1610170837218],[-118.310276485899,34.1610177773097],[-118.31027670105,34.161018473644],[-118.310276903199,34.1610191736178],[-118.310277090172,34.1610198754335],[-118.310277261976,34.1610205808944],[-118.310277419687,34.1610212881945],[-118.310277561138,34.1610219973394],[-118.310277688501,34.161022709225],[-118.310277738475,34.1610230246339],[-118.310277801768,34.1610234220483],[-118.310277898774,34.1610241367165],[-118.310277981689,34.1610248532238],[-118.310278049424,34.1610255706717],[-118.310278100894,34.1610262890628],[-118.310278138266,34.1610270074901],[-118.310278160459,34.1610277268578],[-118.310278167468,34.1610284462646],[-118.310278159291,34.1610291648088],[-118.310278137019,34.1610298842907],[-118.310278098476,34.1610306029128],[-118.310278044747,34.1610313206722],[-118.310277976919,34.161032038468],[-118.310277892817,34.1610327545023],[-118.310277794609,34.1610334687698],[-118.310277681215,34.1610341821748],[-118.310277552628,34.1610348929141],[-118.31027740994,34.1610356027881],[-118.310277252058,34.1610363099965],[-118.310277078983,34.1610370145392],[-118.310276890718,34.1610377173178],[-118.310276688342,34.1610384165266],[-118.310276470772,34.1610391130696],[-118.310276239091,34.1610398060428],[-118.310275993297,34.161040495446],[-118.310275732307,34.1610411812821],[-118.310275457205,34.1610418635483],[-118.310275167988,34.161042541343],[-118.310274864656,34.1610432146663],[-118.310274547212,34.1610438844196],[-118.310274215649,34.1610445487999],[-118.310273869967,34.1610452078073],[-118.310273511255,34.1610458623404],[-118.310273137339,34.1610465115034],[-118.310272751474,34.1610471552877],[-118.310272351487,34.1610477927976],[-118.310271938466,34.1610484249317],[-118.310271511323,34.1610490507913],[-118.310271072227,34.1610496703708],[-118.310270619009,34.1610502836758],[-118.310270153834,34.1610508897992],[-118.310269675622,34.1610514896453],[-118.310269185454,34.1610520823099],[-118.310268682245,34.1610526677956],[-118.31026816708,34.1610532460996],[-118.310267639955,34.1610538163206],[-118.310267100874,34.16105437936],[-118.310266549829,34.1610549334147],[-118.310265987913,34.161055480285],[-118.310265414038,34.1610560190722],[-118.310264829283,34.161056548872],[-118.310264233654,34.1610570705858],[-118.310263626061,34.161057583315],[-118.310263008675,34.161058087054],[-118.310262380413,34.1610585827071],[-118.310261742354,34.1610590684684],[-118.310261094498,34.1610595443379],[-118.310260435763,34.1610600112201],[-118.310259767231,34.1610604682105],[-118.310259089989,34.1610609162079],[-118.310258402947,34.161061353412],[-118.310257707195,34.1610617816231],[-118.310257002727,34.1610621990381],[-118.310256289542,34.1610626056571],[-118.310255567645,34.1610630023816],[-118.310254837032,34.16106338831],[-118.31025409879,34.1610637643411],[-118.310253352914,34.1610641286718],[-118.310252599408,34.1610644831052],[-118.310251839353,34.1610648258355],[-118.310251071666,34.1610651577668],[-118.310250296343,34.1610654779979],[-118.310249515558,34.1610657874246],[-118.310248728223,34.1610660851481],[-118.31024793434,34.16106637207],[-118.310247133907,34.1610666472887],[-118.309657789235,34.1612642760112],[-118.308934064138,34.1615069631767],[-118.308889423201,34.161521931807],[-118.308728339824,34.161469450144],[-118.308740399487,34.1614438653521],[-118.307850742712,34.1611540192371],[-118.307446964721,34.1610224605463],[-118.307262223334,34.1609622622505],[-118.307187547253,34.1609080191236],[-118.306715312139,34.160564990321],[-118.306345795435,34.1602965764512],[-118.306221339486,34.1602061648571],[-118.305315876932,34.1595484076883],[-118.305232234682,34.1594876471703],[-118.305227388945,34.1594644277578],[-118.305216810078,34.1594185041453],[-118.305205268783,34.1593727416313],[-118.305192768361,34.1593271528287],[-118.305179313208,34.1592817530521],[-118.305164906624,34.1592365549145],[-118.305149553002,34.1591915728287],[-118.305133258899,34.1591468203012],[-118.305116026535,34.1591023108489],[-118.305097862471,34.1590580588793],[-118.305078772173,34.1590140760982],[-118.305058761117,34.158970376916],[-118.30503783695,34.1589269757374],[-118.305016004052,34.1588838842708],[-118.304993270066,34.1588411160196],[-118.304969640464,34.1587986844923],[-118.304945125051,34.1587566013838],[-118.304919729299,34.1587148802027],[-118.304893461934,34.1586735344495],[-118.30486632951,34.1586325767285],[-118.304838342913,34.1585920178301],[-118.304809508698,34.1585518712603],[-118.304779835587,34.1585121487164],[-118.304749333388,34.158472863696],[-118.304718010818,34.1584340269951],[-118.30468587768,34.1583956503083],[-118.304652943777,34.15835774533],[-118.304619218915,34.158320323755],[-118.304584713982,34.1582833981765],[-118.304549439861,34.1582469784835],[-118.304513405268,34.1582110754716],[-118.304476623258,34.1581757008274],[-118.304439104719,34.1581408662426],[-118.304400859442,34.1581065798057],[-118.304361900486,34.1580728541047],[-118.304322239812,34.1580396981241],[-118.304281889394,34.158007123553],[-118.304240860104,34.1579751384772],[-118.304214897169,34.1579555954251],[-118.304199167168,34.1579437545777],[-118.304156820373,34.1579129790414],[-118.304113833855,34.1578828226504],[-118.30407022066,34.1578532943867],[-118.304025994923,34.1578244041308],[-118.303981168598,34.1577961590644],[-118.303935756903,34.1577685690654],[-118.303889772877,34.1577416413126],[-118.30384322957,34.1577153856896],[-118.303796142187,34.1576898084681],[-118.303748525944,34.1576649195262],[-118.303700394956,34.1576407233355],[-118.303651762275,34.157617230681],[-118.303602644184,34.1575944460288],[-118.303553054811,34.1575723783583],[-118.303503010443,34.1575510330372],[-118.303452525203,34.1575304172418],[-118.303401614292,34.1575105363426],[-118.303350295086,34.1574913975076],[-118.303298580618,34.157473006113],[-118.30324648826,34.1574553684254],[-118.303194034291,34.1574384880095],[-118.303141233916,34.1574223711376],[-118.303088102335,34.1574070231803],[-118.303034657998,34.1573924485986],[-118.302980913935,34.1573786518671],[-118.302926889677,34.1573656365425],[-118.302895866712,34.1573585443567],[-118.303098908319,34.1573559998933],[-118.303301865483,34.1573505108891],[-118.303504676373,34.1573420784011],[-118.303707280241,34.1573307034842],[-118.303865803342,34.1573194904012],[-118.303909613103,34.1573163917095],[-118.304111615299,34.1572991450312],[-118.304313223935,34.1572789708217],[-118.304514379366,34.1572558746422],[-118.304715018696,34.1572298629642],[-118.304915081204,34.1572009440571],[-118.305114505087,34.1571691261935],[-118.305289033967,34.1571388079053],[-118.312002405056,34.1559276580033],[-118.311971343001,34.1560176373904],[-118.311819895087,34.1564563461162],[-118.311377837878,34.1577367684856],[-118.311326343239,34.1578858896124],[-118.311204093025,34.1582400152221],[-118.311198043994,34.1582575349888],[-118.311073382796,34.1586186039805],[-118.311070046022,34.1586282643955],[-118.310909969723,34.1590919035772],[-118.310900066541,34.1591205644881],[-118.310436195845,34.1604640982288],[-118.310376739787,34.1606362997449],[-118.310361927499,34.1606791985288],[-118.31033230282,34.1607649807651],[-118.310266992068,34.1608133236753],[-118.310228123767,34.1608420931074],[-118.310201204292,34.160862022077]]]},"properties":{"Name":"Los Angeles Equestrian Center","Type":"Equestrian Center","AddrNumber":480,"Street":"RIVERSIDE DR"}},{"type":"Feature","geometry":{"type":"Polygon","coordinates":[[[-118.310788707248,34.1538499822377],[-118.310795755923,34.1538578408276],[-118.310801134554,34.153866563774],[-118.310804694756,34.1538759080444],[-118.310806337969,34.1538856151516],[-118.310806016555,34.1538954138564],[-118.310803741428,34.1539050318671],[-118.310799575575,34.1539142021676],[-118.310793634075,34.153922668426],[-118.310786081975,34.1539301967203],[-118.310349288632,34.154400412383],[-118.310340559308,34.1544048757486],[-118.310331055309,34.1544080654303],[-118.310321045244,34.1544098923882],[-118.310310808702,34.1544103045172],[-118.31030063302,34.1544092920643],[-118.310290803501,34.1544068813436],[-118.310281594763,34.1544031419699],[-118.310273266367,34.154398176954],[-118.310038785406,34.1542383629731],[-118.310034689503,34.1542263704438],[-118.310032895491,34.1542139933673],[-118.310033448958,34.1542015354441],[-118.310036334767,34.1541893014317],[-118.310041483547,34.1541775926203],[-118.310481199934,34.1537073705667],[-118.310495552771,34.1537019785937],[-118.310510789538,34.1536986650908],[-118.310526478981,34.1536975222203],[-118.310542176617,34.1536985844805],[-118.310557437719,34.1537018196567],[-118.310571830353,34.1537071378039],[-118.310788707248,34.1538499822377]]]},"properties":{"Name":"Martinez Equestrian Arena","Type":"Equestrian Center","AddrNumber":5101,"Street":"ZOO DR"}},{"type":"Feature","geometry":{"type":"Polygon","coordinates":[[[-118.207974125009,34.0883039639483],[-118.207951892657,34.0882944847582],[-118.207945202452,34.0883044013907],[-118.207936639298,34.0883005891314],[-118.207885924256,34.0882753902746],[-118.207897400653,34.0882594017143],[-118.207848786811,34.0882346905605],[-118.207919146266,34.0881441468719],[-118.207994819546,34.0881843826526],[-118.208010166506,34.0881649498816],[-118.208086306862,34.088205184801],[-118.208052574627,34.0882470955541],[-118.208061234044,34.0882525799788],[-118.208042639572,34.0882793937709],[-118.208032769122,34.0882740682966],[-118.208024787519,34.0882849373705],[-118.208029601489,34.0882887308363],[-118.208022627981,34.0882984460181],[-118.208017047679,34.0883054424889],[-118.208013800165,34.0883128226011],[-118.208009615842,34.0883186518904],[-118.20800699197,34.0883206064187],[-118.208004008446,34.0883221621881],[-118.208000751846,34.088323275776],[-118.207997315272,34.0883239127639],[-118.207993797291,34.0883240576562],[-118.207990301906,34.0883237030614],[-118.207986928838,34.088322862331],[-118.207983776746,34.0883215569318],[-118.207980934581,34.0883198263779],[-118.207978486986,34.0883177210096],[-118.207976503456,34.0883153002082],[-118.207975040515,34.0883126350973],[-118.207974142778,34.0883098022303],[-118.207973834289,34.088306883605],[-118.207974125009,34.0883039639483]]]},"properties":{"Name":"Heritage Square Hale House","Type":"Museum","AddrNumber":3800,"Street":"HOMER ST"}},{"type":"Feature","geometry":{"type":"Polygon","coordinates":[[[-118.208113985237,34.0881528438403],[-118.208026060579,34.0881014872124],[-118.208035960092,34.0880897547757],[-118.208007967022,34.0880752648912],[-118.20805332363,34.0880146066369],[-118.208093090678,34.0880351904128],[-118.208099039503,34.0880273774186],[-118.208185825405,34.0880731167148],[-118.208180323719,34.0880803429479],[-118.208189011009,34.0880848401393],[-118.208175561081,34.0881028281168],[-118.20818143403,34.0881180764035],[-118.20816460237,34.0881387089872],[-118.208148140655,34.0881394982413],[-118.208143654461,34.0881454984446],[-118.208140390895,34.0881438091895],[-118.208135362139,34.0881490611552],[-118.208117873519,34.0881482357298],[-118.208113985237,34.0881528438403]]]},"properties":{"Name":"Heritage Square Valley Knudsen House","Type":"Museum","AddrNumber":3800,"Street":"HOMER ST"}},{"type":"Feature","geometry":{"type":"Polygon","coordinates":[[[-118.207848669143,34.0885056214618],[-118.207806429296,34.0884820127151],[-118.207799648028,34.0884901805268],[-118.207790302026,34.088483986858],[-118.20777492422,34.0884906116081],[-118.207758106913,34.0884813250122],[-118.207758081844,34.0884712333211],[-118.207761922501,34.0884592174266],[-118.207694994004,34.0884274823251],[-118.207779625905,34.0883174952107],[-118.207816063158,34.0883376151072],[-118.207830544637,34.0883457409354],[-118.207838714869,34.0883370748908],[-118.207940182235,34.0883893621671],[-118.207952426895,34.0883956013207],[-118.207944526212,34.0884076467476],[-118.207949695607,34.0884227754515],[-118.207938996076,34.0884348256955],[-118.207919411762,34.0884383528321],[-118.207896620439,34.0884655614825],[-118.207884875208,34.0884597217435],[-118.207848669143,34.0885056214618]]]},"properties":{"Name":"Heritage Square Perry Mansion","Type":"Museum","AddrNumber":3800,"Street":"HOMER ST"}},{"type":"Feature","geometry":{"type":"Polygon","coordinates":[[[-118.208090119575,34.0885172890521],[-118.208121677523,34.0884742109453],[-118.208131548742,34.0884789630377],[-118.208144431735,34.0884643378496],[-118.208217980966,34.088504312101],[-118.208203252307,34.088520536187],[-118.20821446811,34.0885282799389],[-118.208130749353,34.0886297273892],[-118.208050429311,34.0885869005813],[-118.208102881706,34.0885237607957],[-118.208090119575,34.0885172890521]]]},"properties":{"Name":"Heritage Square Palms Depot","Type":"Museum","AddrNumber":3800,"Street":"HOMER ST"}},{"type":"Feature","geometry":{"type":"Polygon","coordinates":[[[-118.208656644167,34.0882006058339],[-118.208597088091,34.0882409782484],[-118.208514898465,34.0882326917164],[-118.208473112978,34.0881775099132],[-118.208480845554,34.0881184967972],[-118.208538155715,34.088080000796],[-118.208620347531,34.0880892239985],[-118.208664369606,34.0881387835486],[-118.208656644167,34.0882006058339]]]},"properties":{"Name":"Heritage Square Octagon House","Type":"Museum","AddrNumber":3800,"Street":"HOMER ST"}},{"type":"Feature","geometry":{"type":"Polygon","coordinates":[[[-118.20879028091,34.088042871242],[-118.208807274303,34.0880701609571],[-118.208748199194,34.0880926137913],[-118.208732972002,34.0880648810694],[-118.208723830778,34.0880682415412],[-118.208677562619,34.087984865871],[-118.208686722279,34.0879806462122],[-118.208682179931,34.0879723734991],[-118.208744558871,34.0879486654674],[-118.208795158334,34.0880408235505],[-118.20879028091,34.088042871242]]]},"properties":{"Name":"Heritage Square Ford House","Type":"Museum","AddrNumber":3800,"Street":"HOMER ST"}},{"type":"Feature","geometry":{"type":"Polygon","coordinates":[[[-118.418414780077,34.0338276838361],[-118.418184261491,34.0339458370129],[-118.41800652171,34.0337054787004],[-118.418036412433,34.0336901582126],[-118.418022546873,34.0336714074271],[-118.41807913442,34.0336424029622],[-118.418070924973,34.0336313001455],[-118.418145098651,34.0335932816156],[-118.418154266414,34.0336056793177],[-118.418240999414,34.0335612235488],[-118.418327559694,34.0336782790871],[-118.418319142481,34.0336825932436],[-118.418363502045,34.0337425808937],[-118.418355295442,34.0337467861387],[-118.418414780077,34.0338276838361]]]},"properties":{"Name":"Palms-Rancho Park Branch Library","Type":"Library","AddrNumber":2920,"Street":"OVERLAND AVE"}},{"type":"Feature","geometry":{"type":"Polygon","coordinates":[[[-118.232019415908,33.9310325754017],[-118.232020726732,33.9309318106127],[-118.232065261821,33.9309317249168],[-118.232065228772,33.9309197924288],[-118.232174976634,33.9309195811781],[-118.232171832605,33.9309328459226],[-118.232213185844,33.9309327662981],[-118.232211871576,33.9310322049568],[-118.232019415908,33.9310325754017]]]},"properties":{"Name":"Imperial Courts Recreation Center","Type":"Recreation Center","AddrNumber":2250,"Street":"E 114th St"}},{"type":"Feature","geometry":{"type":"Polygon","coordinates":[[[-118.232625082264,33.9313875000355],[-118.232415125076,33.9313865787309],[-118.232415062557,33.9313640398867],[-118.232378479742,33.9313641103875],[-118.232378362077,33.9313216840627],[-118.232317921782,33.9313218005164],[-118.232321154031,33.9313403557366],[-118.232232083419,33.9313405273009],[-118.232233744174,33.9313657153464],[-118.232209812094,33.9313392449506],[-118.232190648069,33.9313114392301],[-118.232177839356,33.9312809698928],[-118.232171485142,33.9312836344059],[-118.23216348748,33.9312677397341],[-118.232157078162,33.931250516766],[-118.232150642051,33.9312240126748],[-118.232148977653,33.9311974993974],[-118.232155270494,33.9311722960395],[-118.232136179992,33.9311710075521],[-118.232136117548,33.9311484687081],[-118.232142403044,33.9311206139874],[-118.232151847272,33.9310847990525],[-118.232234554981,33.9310846398009],[-118.232239267888,33.9310634179002],[-118.232344247911,33.931064540916],[-118.232344350852,33.9311016636113],[-118.232387298781,33.9311029069943],[-118.232384195223,33.9311307546946],[-118.232409643596,33.9311307056515],[-118.232409592112,33.9311121443038],[-118.232625913845,33.9311143794789],[-118.232626079486,33.9311740410178],[-118.232681749048,33.9311739336149],[-118.232672691611,33.9313489591509],[-118.232626565368,33.9313490481401],[-118.232625082264,33.9313875000355]]]},"properties":{"Name":"Imperial Courts Recreation Center","Type":"Recreation Center","AddrNumber":2250,"Street":"E 114th St"}},{"type":"Feature","geometry":{"type":"Polygon","coordinates":[[[-118.211322344523,34.1020413061792],[-118.211324139196,34.1020413030406],[-118.211170058132,34.1021105314275],[-118.211128535688,34.1020552355467],[-118.211090983628,34.1020731478639],[-118.21105116281,34.1020178823406],[-118.211124695028,34.1019848939781],[-118.211131903366,34.1019953364402],[-118.211253850278,34.1019368717711],[-118.211322344523,34.1020413061792]]]},"properties":{"Name":"Carlin G Smith Recreation Center","Type":"Recreation Center","AddrNumber":511,"Street":"W Avenue 46"}},{"type":"Feature","geometry":{"type":"Polygon","coordinates":[[[-118.206802858307,34.0277041581917],[-118.206801996813,34.0277034438541],[-118.206717680662,34.0276670925928],[-118.206760486657,34.0275997544757],[-118.206604755713,34.0275313246396],[-118.206563671527,34.0276000913816],[-118.206456977486,34.0275508980929],[-118.206532307386,34.0274284030371],[-118.206570165653,34.0274455123765],[-118.206676317124,34.0272750212268],[-118.206998962189,34.0274161544138],[-118.206976694854,34.0274476784599],[-118.206958631935,34.0274419847221],[-118.206874735875,34.0275759441308],[-118.206885065235,34.0275823669473],[-118.206849968865,34.0276396741193],[-118.206844807377,34.0276375364242],[-118.206802858307,34.0277041581917]]]},"properties":{"Name":"Ramon Garcia Recreation Center","Type":"Recreation Center","AddrNumber":1016,"Street":"S Fresno St"}},{"type":"Feature","geometry":{"type":"Polygon","coordinates":[[[-118.453418058244,34.0378153525639],[-118.453240359261,34.0379174812953],[-118.453220348812,34.0378968499335],[-118.453202991349,34.0379065777475],[-118.453102890192,34.0377937583978],[-118.453226017117,34.0377187527864],[-118.453218507356,34.0377098088908],[-118.453316866762,34.0376542223764],[-118.453326890122,34.0376679890607],[-118.453337642029,34.037663117361],[-118.453353509772,34.0376844539329],[-118.453345245279,34.0376893162945],[-118.453367798134,34.0377202913267],[-118.45334879029,34.0377314065116],[-118.453418058244,34.0378153525639]]]},"properties":{"Name":"Opica Adult Day Care Center","Type":"Adult Day Care Center","AddrNumber":1835,"Street":"STONER AVE"}},{"type":"Feature","geometry":{"type":"MultiPolygon","coordinates":[[[[-118.405731760488,34.2171755115029],[-118.405739562558,34.2170571873123],[-118.405832142403,34.2170613998531],[-118.405824340464,34.2171797240496],[-118.405731760488,34.2171755115029]]],[[[-118.40579159668,34.2172201948252],[-118.405852494043,34.2171889073504],[-118.405895172155,34.2172462318403],[-118.405834274765,34.2172775193366],[-118.40579159668,34.2172201948252]]],[[[-118.40591728705,34.2172859172883],[-118.405956118841,34.2172409427044],[-118.406008612912,34.2172743443629],[-118.405965673927,34.2173162873479],[-118.40591728705,34.2172859172883]]]]},"properties":{"Name":"Strathern Park North","Type":"Recreation Center","AddrNumber":0,"Street":"WHITSETT AVE"}},{"type":"Feature","geometry":{"type":"Polygon","coordinates":[[[-118.269990060831,34.1142423346321],[-118.269779579805,34.1141990668115],[-118.269689366103,34.1139455894685],[-118.269731300096,34.1139039442385],[-118.269799689407,34.1139125391524],[-118.269852633343,34.1140239522656],[-118.26990247705,34.1139888506694],[-118.269883916154,34.1139407809238],[-118.269925885353,34.1139100711397],[-118.270083732294,34.1139381474156],[-118.270171337771,34.1141981916532],[-118.270142536295,34.1142354325433],[-118.270074147768,34.114226837821],[-118.27002899801,34.1140869784544],[-118.269960842639,34.1141505499429],[-118.269990060831,34.1142423346321]]]},"properties":{"Name":"LA SHARES","Type":"Municipal Buildings","AddrNumber":3224,"Street":"RIVERSIDE DR"}},{"type":"Feature","geometry":{"type":"Polygon","coordinates":[[[-118.223614932178,34.0429218964679],[-118.2236473765,34.0431351886674],[-118.223645424976,34.0431351922818],[-118.223652722042,34.0431882463799],[-118.223535017618,34.0432014598757],[-118.223533053182,34.0431893334373],[-118.223415081321,34.0432025770617],[-118.22337318123,34.0429439400497],[-118.223614932178,34.0429218964679]]]},"properties":{"Name":"Aliso-Pico Recreation Center","Type":"Recreation Center","AddrNumber":370,"Street":"S Clarence St"}},{"type":"Feature","geometry":{"type":"Polygon","coordinates":[[[-118.223685248413,34.0432620042413],[-118.223712415488,34.0434476896597],[-118.223702902952,34.0434486547901],[-118.223706469434,34.0434730381535],[-118.223711663113,34.0434725119552],[-118.223716566591,34.0435060262336],[-118.22371060853,34.0435066304781],[-118.223714319507,34.0435319935359],[-118.223724746931,34.0435309365566],[-118.223733069093,34.0435878247584],[-118.223501257647,34.0436113268821],[-118.223493888773,34.0435609648729],[-118.223488564082,34.0435615048272],[-118.223456003215,34.0433389513873],[-118.223462985493,34.043338243387],[-118.223456008268,34.0432905563901],[-118.223560946995,34.043279917033],[-118.223560605011,34.0432775745917],[-118.223625726481,34.0432680591715],[-118.223685248413,34.0432620042413]]]},"properties":{"Name":"Aliso-Pico Recreation Center","Type":"Recreation Center","AddrNumber":370,"Street":"S Clarence St"}},{"type":"Feature","geometry":{"type":"Polygon","coordinates":[[[-118.215108159438,34.0309730969041],[-118.215038131368,34.0310870188804],[-118.214849811421,34.0310067755386],[-118.214919840762,34.0308928536701],[-118.215108159438,34.0309730969041]]]},"properties":{"Name":"East LA Learning Garden & Mott Street","Type":"Preschool","AddrNumber":1001,"Street":"S Mott St"}},{"type":"Feature","geometry":{"type":"MultiPolygon","coordinates":[[[[-118.206765336066,34.0930965944595],[-118.206823631089,34.0930177793262],[-118.207021679153,34.0931061733155],[-118.20700624701,34.0931262362785],[-118.20704241432,34.0931433484693],[-118.20702527555,34.0931691390798],[-118.207078699677,34.0932076898428],[-118.206991263659,34.0933280588008],[-118.206896526078,34.0932781293095],[-118.206949651631,34.0931964615082],[-118.206765336066,34.0930965944595]]],[[[-118.206768543397,34.0933349302745],[-118.206769937239,34.0933113817076],[-118.206737182957,34.0932721932196],[-118.206714718214,34.0932849107855],[-118.206702345309,34.093270441649],[-118.2067298886,34.0932571122719],[-118.206720421715,34.0932438453147],[-118.206749411082,34.093228098258],[-118.206768343364,34.0932540272425],[-118.206787910622,34.0932431267026],[-118.206811924452,34.0932696501073],[-118.206800349227,34.0932841602246],[-118.206798925126,34.0932950306159],[-118.206798224477,34.0933052957433],[-118.206797514869,34.0933119376338],[-118.206804776397,34.0933137363803],[-118.206814204483,34.0933113059431],[-118.206809828073,34.0933022566557],[-118.20680763763,34.0932968268788],[-118.206811244708,34.0932883679518],[-118.20681921584,34.0932835239055],[-118.206829386375,34.093287732872],[-118.206859139103,34.0932870788125],[-118.206859158517,34.0932949275064],[-118.206870774058,34.0932967187945],[-118.206870140625,34.0933341523396],[-118.206768543397,34.0933349302745]]],[[[-118.207322788182,34.0932560963585],[-118.207276268057,34.0932259884151],[-118.207253102813,34.0932489703098],[-118.207219674252,34.093230311867],[-118.207242820047,34.0931994803834],[-118.207231188054,34.0931910475819],[-118.207255083806,34.0931698756138],[-118.20734448896,34.0932276825359],[-118.207322788182,34.0932560963585]]]]},"properties":{"Name":"Lummis Home and Gardens","Type":"Museum","AddrNumber":200,"Street":"E Avenue 43"}},{"type":"Feature","geometry":{"type":"Polygon","coordinates":[[[-118.232040554454,33.9305299476694],[-118.231920086226,33.9305541022166],[-118.231888879045,33.9304459560975],[-118.232009347126,33.9304218015817],[-118.232040554454,33.9305299476694]]]},"properties":{"Name":"Imperial Courts Preschool","Type":"Preschool","AddrNumber":11513,"Street":"GORMAN AVE"}},{"type":"Feature","geometry":{"type":"MultiPolygon","coordinates":[[[[-118.201056562557,34.0979405967615],[-118.201055483012,34.0977823131817],[-118.201069824393,34.0977822451424],[-118.201069747185,34.0977708670501],[-118.20105253623,34.0977709488795],[-118.201052407195,34.0977519862946],[-118.20122979552,34.0977516882976],[-118.201228391149,34.0975459198285],[-118.201256571007,34.0975457872493],[-118.201256545869,34.097542096424],[-118.201352951667,34.0975416410089],[-118.201354260654,34.097733322315],[-118.201367062122,34.0977332613142],[-118.201367961138,34.0978649347068],[-118.201222810045,34.0978656209746],[-118.201222925623,34.0978825776758],[-118.201183750652,34.0978827628127],[-118.201183626458,34.0978644736633],[-118.201146412952,34.0978646492115],[-118.201146583257,34.0978894969211],[-118.201140083354,34.0978895275751],[-118.201140429565,34.0979402011461],[-118.201056562557,34.0979405967615]]],[[[-118.200971702354,34.0978091036147],[-118.201023507336,34.0978087695173],[-118.201024732984,34.0979403999965],[-118.200972927919,34.0979407331929],[-118.200971702354,34.0978091036147]]]]},"properties":{"Name":"Audubon Center at Debs Park","Type":"Nature Center","AddrNumber":4700,"Street":"GRIFFIN AVE"}},{"type":"Feature","geometry":{"type":"Polygon","coordinates":[[[-118.331424392545,34.0573560541775],[-118.331490401364,34.0571984383999],[-118.331679845346,34.0572533994729],[-118.331687602134,34.0572348769202],[-118.331789013417,34.0572642975414],[-118.331716261231,34.0574380162471],[-118.331627150227,34.0574126908075],[-118.331612367224,34.0574455093175],[-118.331502048703,34.0574124915411],[-118.331496080463,34.057426440206],[-118.33137439701,34.0573911374709],[-118.331392947396,34.0573468429628],[-118.331424392545,34.0573560541775]]]},"properties":{"Name":"Memorial Branch Library","Type":"Library","AddrNumber":4625,"Street":"W Olympic Blvd"}},{"type":"Feature","geometry":{"type":"Polygon","coordinates":[[[-118.284172547519,34.063421929829],[-118.283791157238,34.0632517862312],[-118.283841535832,34.0631742515431],[-118.283893599103,34.0631976825876],[-118.283904733022,34.0631805471537],[-118.283889049706,34.063173488966],[-118.283914373649,34.0631345148369],[-118.283942068974,34.0631469792138],[-118.283950976524,34.0631332694197],[-118.283903835469,34.0631120545139],[-118.283947530521,34.0630448048359],[-118.284028765605,34.0630813647545],[-118.283984901409,34.0631488735993],[-118.28397162006,34.0631428961199],[-118.283964023968,34.0631545879095],[-118.284173670326,34.0632489377335],[-118.284181152177,34.0632374238012],[-118.28416875391,34.063231843644],[-118.284213415432,34.0631631076745],[-118.284296742437,34.0632006081973],[-118.284250363255,34.0632719879244],[-118.284205292037,34.063251704054],[-118.284198232618,34.0632625696943],[-118.284207235145,34.0632666216296],[-118.284204134856,34.0632713917153],[-118.28421971515,34.063278403225],[-118.284206496103,34.0632987467359],[-118.284194290941,34.063293254477],[-118.284177164472,34.0633196131811],[-118.284226390902,34.0633417669768],[-118.284172547519,34.063421929829]]]},"properties":{"Name":"Felipe De Neve Branch Library","Type":"Library","AddrNumber":2820,"Street":"W 6th St"}},{"type":"Feature","geometry":{"type":"MultiPolygon","coordinates":[[[[-118.202848166729,34.0670960585298],[-118.202816561776,34.0669267520195],[-118.202855427774,34.066921727436],[-118.202851084774,34.0668984590338],[-118.20305315664,34.0668723339429],[-118.203040753125,34.0668058913133],[-118.203023695608,34.0668080971804],[-118.203007481399,34.0667212349924],[-118.203094204881,34.0667100220225],[-118.203097116712,34.0667256208039],[-118.203137986053,34.0667203376279],[-118.20315079464,34.0667889522528],[-118.203183892773,34.0667846729129],[-118.203217510269,34.0669647573359],[-118.203118735466,34.0669775277692],[-118.203134935901,34.0670631106958],[-118.203036798829,34.0670757988516],[-118.203036046992,34.0670717684741],[-118.202848166729,34.0670960585298]]],[[[-118.202425475842,34.0670368970673],[-118.202403761435,34.0669107057641],[-118.202433768564,34.0669071295935],[-118.202436713186,34.0669242402012],[-118.202602585192,34.0669044710111],[-118.202596166268,34.0668671656571],[-118.202639328286,34.0668620221476],[-118.202635879302,34.0668419833207],[-118.202382682697,34.0668721592161],[-118.202359713654,34.0667386802385],[-118.202612059728,34.0667086049857],[-118.202621406816,34.0667629236042],[-118.202672552468,34.0667568281971],[-118.202677815502,34.0667874073698],[-118.202673630885,34.0667879057252],[-118.202707632006,34.0669854892395],[-118.202700076072,34.0669863899268],[-118.202702801678,34.0670038452801],[-118.202425475842,34.0670368970673]]],[[[-118.202383959892,34.0666858865999],[-118.202363023808,34.0665750740853],[-118.202522401466,34.0665542187232],[-118.202515002067,34.0665150551537],[-118.202634741776,34.0664993867851],[-118.202630599261,34.0664774577125],[-118.202844204884,34.0664495060531],[-118.202867250719,34.0665714812891],[-118.202694510694,34.0665940859606],[-118.202693274658,34.0665793290908],[-118.202631199876,34.0665872233636],[-118.202626575723,34.0665811241584],[-118.202430167903,34.0666068252415],[-118.202443630083,34.0666780785239],[-118.202383959892,34.0666858865999]]],[[[-118.20269304568,34.0666417541013],[-118.202804794034,34.0666282770706],[-118.202835007255,34.0668017816383],[-118.202723258673,34.066815258697],[-118.20269304568,34.0666417541013]]]]},"properties":{"Name":"Plaza De La Raza Cultural Center","Type":"Cultural Center","AddrNumber":3520,"Street":"N Mission Road"}},{"type":"Feature","geometry":{"type":"Polygon","coordinates":[[[-118.276829850682,34.0634229868516],[-118.276648663056,34.0637061429336],[-118.276589556659,34.0636799463794],[-118.276562527325,34.063722187315],[-118.27648384286,34.0636873141243],[-118.276511490815,34.0636441071517],[-118.276503560647,34.0636405922058],[-118.276534120471,34.0635928348445],[-118.27648300944,34.063570181882],[-118.276516550112,34.063517764899],[-118.276537036168,34.0635268441964],[-118.276656311396,34.0633404427099],[-118.276829850682,34.0634229868516]]]},"properties":{"Name":"Parkview Photo Center","Type":"Auditorium / Event Venue","AddrNumber":2332,"Street":"W 4th St"}},{"type":"Feature","geometry":{"type":"Polygon","coordinates":[[[-118.222578795058,34.0468284502157],[-118.222573238416,34.0468847816989],[-118.222482966573,34.0468786121028],[-118.222475370498,34.0468673200184],[-118.22247772756,34.0468340654716],[-118.222505381894,34.0468109434821],[-118.222566529808,34.0468142232501],[-118.222578795058,34.0468284502157]]]},"properties":{"Name":"Pecan Maintenance Building","Type":"Maintenance Buildings","AddrNumber":145,"Street":"S Pecan St"}},{"type":"Feature","geometry":{"type":"Polygon","coordinates":[[[-118.209039960768,34.0875355773178],[-118.20908175297,34.0875154071767],[-118.209125931978,34.0875787714249],[-118.209093807512,34.0875942765578],[-118.2091212204,34.0876367308727],[-118.20914976303,34.087678143761],[-118.209001694669,34.0877427160986],[-118.208994942445,34.0877594006873],[-118.208947505478,34.0877464655367],[-118.208951839138,34.0877340908441],[-118.208934251018,34.0877068517624],[-118.208924957193,34.0877115666123],[-118.208891153537,34.0876669370909],[-118.208882374978,34.0876710145659],[-118.208848082748,34.087625979287],[-118.209039960768,34.0875355773178]]]},"properties":{"Name":"Heritage Square Lincoln Avenue Methodist Church","Type":"Museum","AddrNumber":3800,"Street":"HOMER ST"}},{"type":"Feature","geometry":{"type":"Polygon","coordinates":[[[-118.450434993543,34.0456521807085],[-118.450263430735,34.0457536023762],[-118.450276566087,34.0457683746498],[-118.450232803424,34.0457971913514],[-118.45022203139,34.0457804349959],[-118.450088332087,34.0458599773963],[-118.449962906262,34.0457122368121],[-118.45009424745,34.0456356666895],[-118.450089483629,34.0456327201955],[-118.450137999445,34.0456048739109],[-118.450140399959,34.0456098053801],[-118.450311951981,34.0455064068589],[-118.450434993543,34.0456521807085]]]},"properties":{"Name":"West Los Angeles Regional Library","Type":"Library","AddrNumber":11360,"Street":"SANTA MONICA BLVD"}},{"type":"Feature","geometry":{"type":"Polygon","coordinates":[[[-118.405807535177,34.1508196460327],[-118.405643831142,34.1508216486633],[-118.405628608398,34.1508061995995],[-118.405608302614,34.1508237052637],[-118.405587826479,34.1508063364144],[-118.405565770335,34.150823362916],[-118.40554529186,34.1508055099416],[-118.405526148319,34.1508225275677],[-118.405477396996,34.1507850645011],[-118.405455554972,34.1508024202271],[-118.405444469319,34.1507990676212],[-118.405433961266,34.150794743023],[-118.405425198862,34.1507899284444],[-118.405419353767,34.1507860732358],[-118.405414667316,34.1507807608631],[-118.405408810475,34.1507744841633],[-118.405404114622,34.1507672335159],[-118.405401751429,34.1507604609755],[-118.405387526715,34.1507605068682],[-118.405387439949,34.1507314433894],[-118.40539744286,34.1507130067621],[-118.405391609519,34.1507115730428],[-118.405399693272,34.1506965308287],[-118.405406031371,34.1506819776915],[-118.405410642627,34.1506717910818],[-118.405414084569,34.1506606383385],[-118.405418104121,34.1506485163084],[-118.405420382723,34.150637852493],[-118.405423250673,34.1506286390785],[-118.405423782365,34.1506179811209],[-118.405424320022,34.150608776422],[-118.405423683674,34.1505976382555],[-118.405422468636,34.1505874702808],[-118.405421259384,34.1505782714398],[-118.405419464397,34.1505685904372],[-118.405417075356,34.1505564889949],[-118.405451324017,34.1505307019615],[-118.405466480875,34.1505325885362],[-118.405483385725,34.1505344692467],[-118.40550377843,34.1505348858798],[-118.405521837216,34.1505343402832],[-118.405543381506,34.1505318464898],[-118.40556492109,34.1505283835553],[-118.40557946979,34.1505249440686],[-118.405592850449,34.1505210243729],[-118.405606233456,34.1505175887935],[-118.405619615197,34.1505136690911],[-118.405633002907,34.1505112026459],[-118.405650464197,34.1505077533789],[-118.405666770285,34.1505062453897],[-118.405683081077,34.1505057065355],[-118.405699980138,34.1505066180822],[-118.405717473081,34.1505094659396],[-118.405746052921,34.1505161513967],[-118.405746252815,34.1505573221463],[-118.405796363934,34.1505586072445],[-118.405795772127,34.1506767954052],[-118.405812085303,34.1506767406514],[-118.405811701841,34.1507179133591],[-118.405818138665,34.1507237048685],[-118.405822826223,34.150729017222],[-118.405825776461,34.1507367569367],[-118.405826974,34.1507435342832],[-118.405828170268,34.1507498266067],[-118.405827620895,34.1507566098168],[-118.405825908181,34.1507638810574],[-118.405821285215,34.1507716470939],[-118.405817235141,34.1507774729012],[-118.405811434718,34.1507828204577],[-118.405807372884,34.1507862247742],[-118.405807535177,34.1508196460327]]]},"properties":{"Name":"Studio City Branch Library","Type":"Library","AddrNumber":12511,"Street":"MOORPARK ST"}},{"type":"Feature","geometry":{"type":"MultiPolygon","coordinates":[[[[-118.302612751625,33.9842920723525],[-118.302614594567,33.9841815494309],[-118.302743939528,33.9841830379518],[-118.302745394561,33.9842936355419],[-118.302612751625,33.9842920723525]]],[[[-118.302923037579,33.9843152825529],[-118.302923938267,33.9842357853677],[-118.303056513115,33.9842367984538],[-118.303055613638,33.9843162965389],[-118.302923037579,33.9843152825529]]],[[[-118.302751167927,33.984250451395],[-118.302751309694,33.9842124363141],[-118.302777327642,33.9842125035565],[-118.30277718589,33.9842505195389],[-118.302751167927,33.984250451395]]]]},"properties":{"Name":"Children's Institute Head Start Preschool","Type":"Head Start","AddrNumber":0,"Street":"W 61st St"}},{"type":"Feature","geometry":{"type":"Polygon","coordinates":[[[-118.571627033328,34.2217526514624],[-118.571260605649,34.2217526906013],[-118.571260572509,34.2215387693791],[-118.571448490697,34.2215387493671],[-118.571448497647,34.2215809957485],[-118.571520021789,34.22158098792],[-118.57152002989,34.2216330692542],[-118.571629309891,34.2216330579309],[-118.571627033328,34.2217526514624]]]},"properties":{"Name":"Winnetka Fire Station 104","Type":"Fire Station","AddrNumber":8349,"Street":"WINNETKA AVE"}},{"type":"Feature","geometry":{"type":"Polygon","coordinates":[[[-118.572737040625,34.2218147499758],[-118.572567042434,34.2218145997447],[-118.572567025548,34.2218279643335],[-118.572503949929,34.2218279084667],[-118.572504046437,34.2217523927655],[-118.572488494881,34.2217523788924],[-118.572488563344,34.2216985725369],[-118.572534103352,34.2216986122117],[-118.572534133425,34.2216749825648],[-118.572566094993,34.2216750107429],[-118.572566159212,34.2216247078126],[-118.572709906411,34.2216248344364],[-118.572709838743,34.2216779447959],[-118.572737281043,34.2216779690749],[-118.572737270623,34.2216859432932],[-118.572772941816,34.221685974594],[-118.572772872102,34.2217411540101],[-118.572760082693,34.2217411433252],[-118.57276000368,34.221802721053],[-118.572736959063,34.2218027012076],[-118.572737040625,34.2218147499758]]]},"properties":{"Name":"Winnetka Child Care Center","Type":"Child Care Center","AddrNumber":8361,"Street":"WINNETKA AVE"}},{"type":"Feature","geometry":{"type":"Polygon","coordinates":[[[-118.448959118992,34.0451573957743],[-118.4496617685,34.0447368733177],[-118.449807373696,34.0449054582746],[-118.449542991696,34.0450636869408],[-118.449550599555,34.0450724963753],[-118.449418835679,34.0451513555774],[-118.449411856641,34.04514327494],[-118.44910822069,34.0453249949162],[-118.448959118992,34.0451573957743]]]},"properties":{"Name":"West Los Angeles Civic Center","Type":"Municipal Buildings","AddrNumber":1645,"Street":"CORINTH AVE"}},{"type":"Feature","geometry":{"type":"Polygon","coordinates":[[[-118.208407256588,34.0878572528935],[-118.208455084734,34.0879154137683],[-118.208386785034,34.0879542938055],[-118.208338956913,34.0878961329036],[-118.208407256588,34.0878572528935]]]},"properties":{"Name":"Heritage Square Carriage Barn","Type":"Museum","AddrNumber":3800,"Street":"HOMER ST"}},{"type":"Feature","geometry":{"type":"Polygon","coordinates":[[[-118.49592540323,34.2640340694906],[-118.495924245886,34.2638603237706],[-118.495898436075,34.2638604935012],[-118.495898488243,34.2638659836744],[-118.495865982215,34.2638661979553],[-118.495865134874,34.2637775005743],[-118.495844742211,34.2637776345829],[-118.495844481221,34.2637503387824],[-118.49586560463,34.2637501999777],[-118.49586530241,34.2637185246583],[-118.4959228989,34.2637191677443],[-118.495922598002,34.263561999664],[-118.496280435591,34.2635620226818],[-118.496278868314,34.2635778430439],[-118.496316293698,34.263577539066],[-118.496316174924,34.2635674269632],[-118.496340931177,34.2635672254008],[-118.496341030514,34.2635757121041],[-118.496389287065,34.263577379545],[-118.496391559007,34.2637704001578],[-118.496434229995,34.2637700539007],[-118.496434945588,34.2638308428037],[-118.496390808731,34.2638312004806],[-118.496392332032,34.263960607796],[-118.496401674303,34.2639605316263],[-118.49640238815,34.2640212132531],[-118.496388559314,34.2640213249474],[-118.496388656605,34.2640296493816],[-118.49631450143,34.264030250911],[-118.496314365793,34.2640187640268],[-118.49629838489,34.2640188935487],[-118.496298474717,34.2640323549963],[-118.49592540323,34.2640340694906]]]},"properties":{"Name":"Granada Hills Pool","Type":"Swimming Complex","AddrNumber":16730,"Street":"CHATSWORTH ST"}},{"type":"Feature","geometry":{"type":"Polygon","coordinates":[[[-118.352620091411,34.011834678588],[-118.352561625028,34.011928375094],[-118.352474245395,34.0118905622416],[-118.352532710771,34.0117968666829],[-118.352620091411,34.011834678588]]]},"properties":{"Name":"Jim Gilliam Child Care Center","Type":"Child Care Center","AddrNumber":4000,"Street":"S La Brea Ave"}},{"type":"Feature","geometry":{"type":"Polygon","coordinates":[[[-118.259955772877,34.0577534745229],[-118.260648101411,34.058038049712],[-118.26060194804,34.0581061012802],[-118.260551475642,34.0580818814738],[-118.260537422671,34.0581003679256],[-118.26054454375,34.0581213248702],[-118.260456667769,34.0582166601548],[-118.260462292507,34.0582416438625],[-118.260383219959,34.058329879486],[-118.260318307403,34.058301063157],[-118.260225941464,34.058265896067],[-118.260235500471,34.0582428981589],[-118.260172356287,34.0582125029674],[-118.260154793068,34.0582245122267],[-118.260121468449,34.0582044501233],[-118.260079429186,34.0581898042416],[-118.260028933915,34.0581717840923],[-118.259978458338,34.0581604433198],[-118.259925710452,34.0581557859555],[-118.259882143752,34.0581539720733],[-118.259881098966,34.0581345995271],[-118.259833520469,34.0581164837683],[-118.259838905877,34.0580951618012],[-118.259724854346,34.0580450719695],[-118.259745937202,34.0580181817513],[-118.259738818935,34.0579980631775],[-118.259890283699,34.0577620042104],[-118.25993470058,34.0577837202519],[-118.259955772877,34.0577534745229]]]},"properties":{"Name":"Miguel Contreras Learning Center Pool","Type":"Swimming Complex","AddrNumber":322,"Street":"S Lucas Ave"}},{"type":"Feature","geometry":{"type":"Polygon","coordinates":[[[-118.28466766968,34.0407933719756],[-118.284489897523,34.0407949845798],[-118.284487206387,34.0405895276257],[-118.284664979187,34.0405879141214],[-118.28466766968,34.0407933719756]]]},"properties":{"Name":"Good Beginnings Head Start","Type":"Head Start","AddrNumber":1839,"Street":"S Hoover St"}},{"type":"Feature","geometry":{"type":"Polygon","coordinates":[[[-118.287538414681,34.0171441093113],[-118.287535164624,34.0176332562315],[-118.286103035815,34.0176336650391],[-118.284687707349,34.0176368435298],[-118.284686557333,34.0171796717247],[-118.284678294851,34.0166624775622],[-118.28611367372,34.0166549008405],[-118.287541871033,34.0166551458255],[-118.287538414681,34.0171441093113]]]},"properties":{"Name":"Exposition Rose Garden - EXPO Center","Type":"Recreation Center","AddrNumber":701,"Street":"W State Dr"}},{"type":"Feature","geometry":{"type":"Polygon","coordinates":[[[-118.46090097202,34.2721424802228],[-118.460901221591,34.2720539670026],[-118.461021318855,34.2720544960649],[-118.461021394419,34.2720463548733],[-118.461109491874,34.2720471228864],[-118.461109403945,34.2720557761998],[-118.461189542982,34.272056060585],[-118.461188772897,34.2721800225296],[-118.460966279303,34.2721785879999],[-118.46096664698,34.2721429216879],[-118.46090097202,34.2721424802228]]]},"properties":{"Name":"Brand Park Community Center","Type":"Community Center","AddrNumber":15121,"Street":"S Brand Blvd"}},{"type":"Feature","geometry":{"type":"Polygon","coordinates":[[[-118.460762500964,34.2722972769231],[-118.460761304089,34.2721542684268],[-118.460903671782,34.2721535011861],[-118.460902461818,34.2722977800978],[-118.460762500964,34.2722972769231]]]},"properties":{"Name":"Brand Park Community Center","Type":"Community Center","AddrNumber":15121,"Street":"S Brand Blvd"}},{"type":"Feature","geometry":{"type":"Polygon","coordinates":[[[-118.460902987233,34.2723140644131],[-118.460902461818,34.2722977800978],[-118.460762500964,34.2722972769231],[-118.460761304089,34.2721542684268],[-118.460863207831,34.2721537192195],[-118.460862926845,34.272104218545],[-118.46090107399,34.2721064795498],[-118.460901221591,34.2720539670026],[-118.461021318855,34.2720544960649],[-118.461021394419,34.2720463548733],[-118.461109491874,34.2720471228864],[-118.461109403945,34.2720557761998],[-118.461189542982,34.272056060585],[-118.461189203448,34.2721107528859],[-118.461257426387,34.2721104686653],[-118.461257412047,34.2721357722363],[-118.461304866199,34.2721353336081],[-118.461304253256,34.2723146035175],[-118.460902987233,34.2723140644131]]]},"properties":{"Name":"Brand Park Community Center","Type":"Community Center","AddrNumber":15121,"Street":"S Brand Blvd"}},{"type":"Feature","geometry":{"type":"Polygon","coordinates":[[[-118.297025355849,33.7130501674159],[-118.297022314051,33.7130563303755],[-118.296770115274,33.7129694360952],[-118.296774835432,33.7129598703426],[-118.297025355849,33.7130501674159]]]},"properties":{"Name":"Angels Gate Cultural Center","Type":"Cultural Center","AddrNumber":3601,"Street":"S Gaffey St"}},{"type":"Feature","geometry":{"type":"Polygon","coordinates":[[[-118.297124479526,33.7128541706912],[-118.296808222974,33.7127461124209],[-118.296841258751,33.7126785995335],[-118.297157283861,33.7127865492055],[-118.297124479526,33.7128541706912]]]},"properties":{"Name":"Angels Gate Cultural Center","Type":"Cultural Center","AddrNumber":3601,"Street":"S Gaffey St"}},{"type":"Feature","geometry":{"type":"Polygon","coordinates":[[[-118.296323015335,33.7121765668142],[-118.296276545702,33.7121922889725],[-118.296260747239,33.7121596845448],[-118.296307183319,33.7121439345288],[-118.296323015335,33.7121765668142]]]},"properties":{"Name":"Angels Gate Cultural Center","Type":"Cultural Center","AddrNumber":3601,"Street":"S Gaffey St"}},{"type":"Feature","geometry":{"type":"Polygon","coordinates":[[[-118.297025355849,33.7130501674159],[-118.296774835432,33.7129598703426],[-118.296803348079,33.7129020877048],[-118.297055546689,33.7129889819146],[-118.297025355849,33.7130501674159]]]},"properties":{"Name":"Angels Gate Cultural Center","Type":"Cultural Center","AddrNumber":3601,"Street":"S Gaffey St"}},{"type":"Feature","geometry":{"type":"Polygon","coordinates":[[[-118.297046866473,33.7128774164745],[-118.297016775633,33.7128664996858],[-118.297029513046,33.7128420402625],[-118.297059570438,33.7128529571306],[-118.297046866473,33.7128774164745]]]},"properties":{"Name":"Angels Gate Cultural Center","Type":"Cultural Center","AddrNumber":3601,"Street":"S Gaffey St"}},{"type":"Feature","geometry":{"type":"Polygon","coordinates":[[[-118.29983978351,33.7155675399166],[-118.299985229846,33.7152718697786],[-118.300109950269,33.7153147171331],[-118.300106213622,33.715322313491],[-118.300171904324,33.7153448809291],[-118.30005163202,33.7155893751803],[-118.300018633783,33.715588467643],[-118.300004440007,33.7156173213379],[-118.299967285021,33.7156045567906],[-118.299964429767,33.7156103605646],[-118.29983978351,33.7155675399166]]]},"properties":{"Name":"Olguin Pool","Type":"Aquatic Center","AddrNumber":3210,"Street":"S Alma St"}},{"type":"Feature","geometry":{"type":"Polygon","coordinates":[[[-118.293238178698,33.7109440545349],[-118.293042382879,33.7109435427861],[-118.293042644933,33.7108773476705],[-118.293238408241,33.7108778603993],[-118.293238178698,33.7109440545349]]]},"properties":{"Name":"Angels Gate Cultural Center","Type":"Cultural Center","AddrNumber":3601,"Street":"S Gaffey St"}},{"type":"Feature","geometry":{"type":"Polygon","coordinates":[[[-118.294621561148,33.7111795110953],[-118.294496773895,33.7111759699975],[-118.2944969549,33.711171599981],[-118.294487090252,33.7111713221314],[-118.294487604148,33.7111582139564],[-118.294497862616,33.7111585187882],[-118.294499802235,33.7111114719364],[-118.29450749635,33.7111117001081],[-118.294507889625,33.7111017249429],[-118.294521140671,33.7111021044816],[-118.294520990389,33.7111060065441],[-118.294536609363,33.7111064352743],[-118.294536368031,33.7111126733477],[-118.294624196247,33.7111151789687],[-118.294621561148,33.7111795110953]]]},"properties":{"Name":"Public Restrooms, Angels Gate Cultural Center","Type":"Restrooms","AddrNumber":3601,"Street":"S Gaffey St"}},{"type":"Feature","geometry":{"type":"Polygon","coordinates":[[[-118.29326188618,33.7111142496137],[-118.293261775351,33.7110729232967],[-118.293287288622,33.7110728610869],[-118.293287274997,33.7110689585244],[-118.293367631321,33.7110687905002],[-118.293368214483,33.7112546207933],[-118.293288910792,33.7112547871522],[-118.293288452269,33.7111141848367],[-118.29326188618,33.7111142496137]]]},"properties":{"Name":"Angels Gate Cultural Center","Type":"Cultural Center","AddrNumber":3601,"Street":"S Gaffey St"}},{"type":"Feature","geometry":{"type":"Polygon","coordinates":[[[-118.293583206556,33.7108773212768],[-118.293583269316,33.710942195805],[-118.293369917832,33.7109423593917],[-118.293369856217,33.7108774569144],[-118.293583206556,33.7108773212768]]]},"properties":{"Name":"Angels Gate Cultural Center","Type":"Cultural Center","AddrNumber":3601,"Street":"S Gaffey St"}},{"type":"Feature","geometry":{"type":"Polygon","coordinates":[[[-118.294077619386,33.711069007516],[-118.29407782275,33.711249124126],[-118.293999998649,33.7112491764516],[-118.293999762109,33.7110690878694],[-118.294077619386,33.711069007516]]]},"properties":{"Name":"Angels Gate Cultural Center","Type":"Cultural Center","AddrNumber":3601,"Street":"S Gaffey St"}},{"type":"Feature","geometry":{"type":"Polygon","coordinates":[[[-118.294226077698,33.7140945542708],[-118.294503047833,33.7139880591583],[-118.294543385342,33.714061326338],[-118.294266382654,33.7141678216237],[-118.294226077698,33.7140945542708]]]},"properties":{"Name":"Angels Gate Cultural Center","Type":"Cultural Center","AddrNumber":3601,"Street":"S Gaffey St"}},{"type":"Feature","geometry":{"type":"Polygon","coordinates":[[[-118.294017104338,33.7137131516132],[-118.294329928446,33.7135921713843],[-118.29438211025,33.713686401979],[-118.294314764285,33.7137124506812],[-118.29430318306,33.7136915407586],[-118.294057704693,33.7137864733004],[-118.294017104338,33.7137131516132]]]},"properties":{"Name":"D Studios, Kunisaki Studio Ceramic Classes, Angels Gate Cultural Center","Type":"Cultural Center","AddrNumber":3601,"Street":"S Gaffey St"}},{"type":"Feature","geometry":{"type":"Polygon","coordinates":[[[-118.293789654697,33.7142624663284],[-118.294066760741,33.7141565767958],[-118.294106669617,33.7142295152215],[-118.293829563382,33.7143354048473],[-118.293789654697,33.7142624663284]]]},"properties":{"Name":"Angels Gate Cultural Center","Type":"Cultural Center","AddrNumber":3601,"Street":"S Gaffey St"}},{"type":"Feature","geometry":{"type":"Polygon","coordinates":[[[-118.294623603452,33.7155584780752],[-118.294908203746,33.7154510843636],[-118.294948216185,33.7155251761952],[-118.294663649132,33.7156325699208],[-118.294623603452,33.7155584780752]]]},"properties":{"Name":"Angels Gate Cultural Center","Type":"Cultural Center","AddrNumber":3601,"Street":"S Gaffey St"}},{"type":"Feature","geometry":{"type":"Polygon","coordinates":[[[-118.294833275069,33.7146568301144],[-118.294587295324,33.7147500052442],[-118.294547317281,33.714676297258],[-118.294861433778,33.7145572912661],[-118.294911604344,33.7146498236425],[-118.29484346844,33.7146756546136],[-118.294833275069,33.7146568301144]]]},"properties":{"Name":"South Bay Young Marines, Angels Gate Cultural Center","Type":"Cultural Center","AddrNumber":3601,"Street":"S Gaffey St"}},{"type":"Feature","geometry":{"type":"Polygon","coordinates":[[[-118.294333192779,33.7142892201535],[-118.294645230003,33.7141685430265],[-118.294697643736,33.7142631849121],[-118.294631382247,33.7142888191499],[-118.294619899706,33.7142681019351],[-118.294374124918,33.7143631728819],[-118.294333192779,33.7142892201535]]]},"properties":{"Name":"Angels Gate Cultural Center","Type":"Cultural Center","AddrNumber":3601,"Street":"S Gaffey St"}},{"type":"Feature","geometry":{"type":"Polygon","coordinates":[[[-118.294440076273,33.7144832266158],[-118.294716158945,33.7143765411616],[-118.294756726787,33.7144498618006],[-118.294480677366,33.7145565472673],[-118.294440076273,33.7144832266158]]]},"properties":{"Name":"Angels Gate Cultural Center","Type":"Cultural Center","AddrNumber":3601,"Street":"S Gaffey St"}},{"type":"Feature","geometry":{"type":"Polygon","coordinates":[[[-118.294954985306,33.7144283554938],[-118.29478899693,33.714126012237],[-118.294864947037,33.7140968644513],[-118.295030835612,33.714398987881],[-118.294954985306,33.7144283554938]]]},"properties":{"Name":"Angels Gate Cultural Center","Type":"Cultural Center","AddrNumber":3601,"Street":"S Gaffey St"}},{"type":"Feature","geometry":{"type":"Polygon","coordinates":[[[-118.294120573679,33.7138995823573],[-118.294433735223,33.7137811567863],[-118.294484964919,33.7138757475662],[-118.294418503451,33.7139008872515],[-118.294407219018,33.7138800316033],[-118.294160517631,33.7139733176033],[-118.294120573679,33.7138995823573]]]},"properties":{"Name":"Angels Gate Hi-Railers Model Railroad Club, Studio E","Type":"Cultural Center","AddrNumber":3601,"Street":"S Gaffey St"}},{"type":"Feature","geometry":{"type":"Polygon","coordinates":[[[-118.294330263597,33.7132841989334],[-118.294416059869,33.7132504657445],[-118.294452685199,33.7133154716629],[-118.294478131918,33.7133054622046],[-118.294564254644,33.7134583577227],[-118.294538052761,33.7134686710515],[-118.294629138732,33.7136304017036],[-118.294540747069,33.7136651582942],[-118.294514708234,33.7136189218697],[-118.294506861481,33.7136219908603],[-118.294498590144,33.7136073382837],[-118.294507914788,33.7136036607679],[-118.294425100578,33.7134566375976],[-118.294418369952,33.7134592918644],[-118.294409172523,33.7134429377123],[-118.294417281988,33.7134397301554],[-118.294363650261,33.7133445132801],[-118.294355770186,33.7133476102889],[-118.294346571702,33.7133312561349],[-118.294354945159,33.7133279658996],[-118.294330263597,33.7132841989334]]]},"properties":{"Name":"Angels Gate Bldg G Classroom Studios, Cultural Center","Type":"Cultural Center","AddrNumber":3601,"Street":"S Gaffey St"}},{"type":"Feature","geometry":{"type":"Polygon","coordinates":[[[-118.294747023254,33.7140458247189],[-118.294603409763,33.7137851099953],[-118.294836476737,33.7136954282557],[-118.294866755837,33.7137504474567],[-118.294722442969,33.7138059766151],[-118.294745970123,33.7138486744495],[-118.294793220832,33.7138304781502],[-118.294833062258,33.7139028115906],[-118.294785713352,33.7139210081465],[-118.294805071725,33.713956159806],[-118.294950632326,33.7139001605105],[-118.294981207803,33.7139556729805],[-118.294747023254,33.7140458247189]]]},"properties":{"Name":"Building F Studios, Angels Gate Cultural Center","Type":"Cultural Center","AddrNumber":3601,"Street":"S Gaffey St"}},{"type":"Feature","geometry":{"type":"Polygon","coordinates":[[[-118.293844661363,33.7144778402799],[-118.293994520711,33.7144189188894],[-118.294035811875,33.714492265949],[-118.293885984787,33.7145511873126],[-118.293844661363,33.7144778402799]]]},"properties":{"Name":"Angels Gate Cultural Center","Type":"Cultural Center","AddrNumber":3601,"Street":"S Gaffey St"}},{"type":"Feature","geometry":{"type":"Polygon","coordinates":[[[-118.294747062281,33.7132606741198],[-118.294897535083,33.7135272523234],[-118.294865554942,33.7135398606877],[-118.294874852194,33.7135563515888],[-118.294807376812,33.7135829507997],[-118.294798047012,33.7135664040801],[-118.294772140313,33.7135766076549],[-118.294642246425,33.7133465239263],[-118.294645792668,33.7133451143069],[-118.294625246711,33.7133087016302],[-118.294747062281,33.7132606741198]]]},"properties":{"Name":"Building H Performance Studios, Angels Gate Cultural Center","Type":"Cultural Center","AddrNumber":3601,"Street":"S Gaffey St"}},{"type":"Feature","geometry":{"type":"Polygon","coordinates":[[[-118.294003222865,33.7146506735303],[-118.294276744789,33.7145446543411],[-118.29431701406,33.7146172068796],[-118.29404349195,33.7147232261615],[-118.294003222865,33.7146506735303]]]},"properties":{"Name":"Angels Gate Cultural Center","Type":"Cultural Center","AddrNumber":3601,"Street":"S Gaffey St"}},{"type":"Feature","geometry":{"type":"Polygon","coordinates":[[[-118.294279795385,33.7145341552087],[-118.294161155608,33.7145784612005],[-118.294139746824,33.71453842651],[-118.294198894869,33.7145163375155],[-118.294188409817,33.7144967302714],[-118.294247902567,33.7144745123966],[-118.294279795385,33.7145341552087]]]},"properties":{"Name":"Angels Gate Cultural Center","Type":"Cultural Center","AddrNumber":3601,"Street":"S Gaffey St"}},{"type":"Feature","geometry":{"type":"Polygon","coordinates":[[[-118.294124136053,33.7145460679435],[-118.294097097292,33.7145580996813],[-118.294086024589,33.7145407205726],[-118.294113062268,33.71452868884],[-118.294124136053,33.7145460679435]]]},"properties":{"Name":"Angels Gate Cultural Center","Type":"Cultural Center","AddrNumber":3601,"Street":"S Gaffey St"}},{"type":"Feature","geometry":{"type":"Polygon","coordinates":[[[-118.29461755319,33.7143698393664],[-118.294497832337,33.7144142871694],[-118.294487129632,33.7143941531063],[-118.294606856981,33.7143497188207],[-118.29461755319,33.7143698393664]]]},"properties":{"Name":"Angels Gate Cultural Center","Type":"Cultural Center","AddrNumber":3601,"Street":"S Gaffey St"}},{"type":"Feature","geometry":{"type":"Polygon","coordinates":[[[-118.294226077698,33.7140945542708],[-118.294503047833,33.7139880591583],[-118.294543385342,33.714061326338],[-118.294266382654,33.7141678216237],[-118.294226077698,33.7140945542708]]]},"properties":{"Name":"Angels Gate Cultural Center","Type":"Cultural Center","AddrNumber":3601,"Street":"S Gaffey St"}},{"type":"Feature","geometry":{"type":"Polygon","coordinates":[[[-118.294017104338,33.7137131516132],[-118.294329928446,33.7135921713843],[-118.29438211025,33.713686401979],[-118.294314764285,33.7137124506812],[-118.29430318306,33.7136915407586],[-118.294057704693,33.7137864733004],[-118.294017104338,33.7137131516132]]]},"properties":{"Name":"Angels Gate Cultural Center","Type":"Cultural Center","AddrNumber":3601,"Street":"S Gaffey St"}},{"type":"Feature","geometry":{"type":"Polygon","coordinates":[[[-118.293789654697,33.7142624663284],[-118.294066760741,33.7141565767958],[-118.294106669617,33.7142295152215],[-118.293829563382,33.7143354048473],[-118.293789654697,33.7142624663284]]]},"properties":{"Name":"Angels Gate Cultural Center","Type":"Cultural Center","AddrNumber":3601,"Street":"S Gaffey St"}},{"type":"Feature","geometry":{"type":"Polygon","coordinates":[[[-118.294623603452,33.7155584780752],[-118.294908203746,33.7154510843636],[-118.294948216185,33.7155251761952],[-118.294663649132,33.7156325699208],[-118.294623603452,33.7155584780752]]]},"properties":{"Name":"Angels Gate Cultural Center","Type":"Cultural Center","AddrNumber":3601,"Street":"S Gaffey St"}},{"type":"Feature","geometry":{"type":"Polygon","coordinates":[[[-118.294833275069,33.7146568301144],[-118.294587295324,33.7147500052442],[-118.294547317281,33.714676297258],[-118.294861433778,33.7145572912661],[-118.294911604344,33.7146498236425],[-118.29484346844,33.7146756546136],[-118.294833275069,33.7146568301144]]]},"properties":{"Name":"Angels Gate Cultural Center","Type":"Cultural Center","AddrNumber":3601,"Street":"S Gaffey St"}},{"type":"Feature","geometry":{"type":"Polygon","coordinates":[[[-118.294333192779,33.7142892201535],[-118.294645230003,33.7141685430265],[-118.294697643736,33.7142631849121],[-118.294631382247,33.7142888191499],[-118.294619899706,33.7142681019351],[-118.294374124918,33.7143631728819],[-118.294333192779,33.7142892201535]]]},"properties":{"Name":"Angels Gate Cultural Center","Type":"Cultural Center","AddrNumber":3601,"Street":"S Gaffey St"}},{"type":"Feature","geometry":{"type":"Polygon","coordinates":[[[-118.294440076273,33.7144832266158],[-118.294716158945,33.7143765411616],[-118.294756726787,33.7144498618006],[-118.294480677366,33.7145565472673],[-118.294440076273,33.7144832266158]]]},"properties":{"Name":"Angels Gate Cultural Center","Type":"Cultural Center","AddrNumber":3601,"Street":"S Gaffey St"}},{"type":"Feature","geometry":{"type":"Polygon","coordinates":[[[-118.293844661363,33.7144778402799],[-118.293994520711,33.7144189188894],[-118.294035811875,33.714492265949],[-118.293885984787,33.7145511873126],[-118.293844661363,33.7144778402799]]]},"properties":{"Name":"Angels Gate Cultural Center","Type":"Cultural Center","AddrNumber":3601,"Street":"S Gaffey St"}},{"type":"Feature","geometry":{"type":"Polygon","coordinates":[[[-118.29474272366,33.7132606847515],[-118.294893196449,33.7135272629606],[-118.294861216308,33.7135398713237],[-118.294870513559,33.7135563622251],[-118.294803038175,33.7135829614337],[-118.294793708376,33.7135664147137],[-118.294767801677,33.7135766182875],[-118.2946379078,33.7133465345543],[-118.294641454043,33.713345124935],[-118.294620908088,33.7133087122576],[-118.29474272366,33.7132606847515]]]},"properties":{"Name":"Angels Gate Cultural Center","Type":"Cultural Center","AddrNumber":3601,"Street":"S Gaffey St"}},{"type":"Feature","geometry":{"type":"Polygon","coordinates":[[[-118.294003222865,33.7146506735303],[-118.294276744789,33.7145446543411],[-118.29431701406,33.7146172068796],[-118.29404349195,33.7147232261615],[-118.294003222865,33.7146506735303]]]},"properties":{"Name":"Angels Gate Cultural Center","Type":"Cultural Center","AddrNumber":3601,"Street":"S Gaffey St"}},{"type":"Feature","geometry":{"type":"Polygon","coordinates":[[[-118.294279795385,33.7145341552087],[-118.294161155608,33.7145784612005],[-118.294139746824,33.71453842651],[-118.294198894869,33.7145163375155],[-118.294188409817,33.7144967302714],[-118.294247902567,33.7144745123966],[-118.294279795385,33.7145341552087]]]},"properties":{"Name":"Angels Gate Cultural Center","Type":"Cultural Center","AddrNumber":3601,"Street":"S Gaffey St"}},{"type":"Feature","geometry":{"type":"Polygon","coordinates":[[[-118.294124136053,33.7145460679435],[-118.294097097292,33.7145580996813],[-118.294086024589,33.7145407205726],[-118.294113062268,33.71452868884],[-118.294124136053,33.7145460679435]]]},"properties":{"Name":"Angels Gate Cultural Center","Type":"Cultural Center","AddrNumber":3601,"Street":"S Gaffey St"}},{"type":"Feature","geometry":{"type":"Polygon","coordinates":[[[-118.293627716469,33.7137534506238],[-118.293478186679,33.7138122607665],[-118.293456350251,33.7137734882034],[-118.293436878913,33.7137811741245],[-118.293420535143,33.7137521982878],[-118.293441483489,33.713743957949],[-118.293438638388,33.713738882228],[-118.293586691059,33.7136806247543],[-118.293627716469,33.7137534506238]]]},"properties":{"Name":"Angels Gate Cultural Center","Type":"Cultural Center","AddrNumber":3601,"Street":"S Gaffey St"}},{"type":"Feature","geometry":{"type":"Polygon","coordinates":[[[-118.292983959401,33.7134045962326],[-118.292982041891,33.7133639062542],[-118.29302918575,33.7133623625315],[-118.293031103283,33.7134030525092],[-118.292983959401,33.7134045962326]]]},"properties":{"Name":"Angels Gate Cultural Center","Type":"Cultural Center","AddrNumber":3601,"Street":"S Gaffey St"}},{"type":"Feature","geometry":{"type":"Polygon","coordinates":[[[-118.293459089939,33.713343563868],[-118.29324160858,33.7135183859487],[-118.29317366983,33.7134593364798],[-118.293391151276,33.7132845424698],[-118.293459089939,33.713343563868]]]},"properties":{"Name":"Galleries Office Information, Angels Gate Cultural Center","Type":"Cultural Center","AddrNumber":3601,"Street":"S Gaffey St"}},{"type":"Feature","geometry":{"type":"Polygon","coordinates":[[[-118.29358042144,33.7138812555608],[-118.29385821426,33.7137749249035],[-118.293898023551,33.7138475616339],[-118.293620230542,33.7139538923843],[-118.29358042144,33.7138812555608]]]},"properties":{"Name":"Belmont Shore Model Railroad Club, Building 824","Type":"Cultural Center","AddrNumber":3601,"Street":"S Gaffey St"}},{"type":"Feature","geometry":{"type":"Polygon","coordinates":[[[-118.293630176228,33.71409021291],[-118.293782564319,33.7140305707222],[-118.293823029077,33.7141027659469],[-118.293670640883,33.7141624081866],[-118.293630176228,33.71409021291]]]},"properties":{"Name":"Angels Gate Cultural Center","Type":"Cultural Center","AddrNumber":3601,"Street":"S Gaffey St"}},{"type":"Feature","geometry":{"type":"Polygon","coordinates":[[[-118.293712025619,33.7135104507579],[-118.293434489213,33.7136146375818],[-118.293394510515,33.7135402972784],[-118.293672080071,33.7134360834213],[-118.293712025619,33.7135104507579]]]},"properties":{"Name":"B Studios, Angels Gate Cultural Center","Type":"Cultural Center","AddrNumber":3601,"Street":"S Gaffey St"}},{"type":"Feature","geometry":{"type":"Polygon","coordinates":[[[-118.283498763732,33.7108566694255],[-118.283506500083,33.7108790183129],[-118.283480547312,33.7108853169642],[-118.283472811061,33.7108629960214],[-118.283498763732,33.7108566694255]]]},"properties":{"Name":"Cabrillo Beach","Type":"Building","AddrNumber":3800,"Street":"S Stephen M White Dr"}},{"type":"Feature","geometry":{"type":"Polygon","coordinates":[[[-118.283550662323,33.711864679564],[-118.283553673884,33.7118412893473],[-118.283580248466,33.7118436724657],[-118.283577270353,33.7118670626041],[-118.283550662323,33.711864679564]]]},"properties":{"Name":"Cabrillo Beach","Type":"Building","AddrNumber":3800,"Street":"S Stephen M White Dr"}},{"type":"Feature","geometry":{"type":"Polygon","coordinates":[[[-118.314753008659,33.7172088584825],[-118.314629504414,33.7171720433218],[-118.314638139799,33.7171518117651],[-118.314761634397,33.7171886503811],[-118.314753008659,33.7172088584825]]]},"properties":{"Name":"White Point Nature Education Center & Preserve","Type":"Building","AddrNumber":1600,"Street":"W Paseo Del Mar"}},{"type":"Feature","geometry":{"type":"Polygon","coordinates":[[[-118.31975730622,33.7304116911513],[-118.319699860561,33.7303444951766],[-118.319789666819,33.7302908667274],[-118.319847144775,33.7303580346263],[-118.31975730622,33.7304116911513]]]},"properties":{"Name":"Martin J Bogdanovich Recreation Center","Type":"Building","AddrNumber":1920,"Street":"W Cumbre Dr"}},{"type":"Feature","geometry":{"type":"Polygon","coordinates":[[[-118.320680950981,33.7309200409714],[-118.320727167539,33.730965924219],[-118.320681019063,33.7309997562753],[-118.320633382843,33.7309550667786],[-118.320680950981,33.7309200409714]]]},"properties":{"Name":"Martin J Bogdanovich Recreation Center","Type":"Building","AddrNumber":1920,"Street":"W Cumbre Dr"}},{"type":"Feature","geometry":{"type":"Polygon","coordinates":[[[-118.309677776924,33.7329079091515],[-118.309687830034,33.7328871919568],[-118.309712364964,33.7328783914224],[-118.309739099452,33.7328864280171],[-118.309750787585,33.7329079411629],[-118.309739981063,33.7329294563306],[-118.309713771526,33.7329388390457],[-118.309687066718,33.732929784571],[-118.309677776924,33.7329079091515]]]},"properties":{"Name":"Averill Park","Type":"Building","AddrNumber":1300,"Street":"S Dodson Ave"}},{"type":"Feature","geometry":{"type":"Polygon","coordinates":[[[-118.311419071185,33.7326022047815],[-118.311451412759,33.7326025546832],[-118.311451840491,33.7325750369727],[-118.311419497849,33.7325746870739],[-118.311419962115,33.7325447983139],[-118.311473274574,33.7325454013366],[-118.311472282709,33.7326061301078],[-118.31150411935,33.7326064876131],[-118.311503505778,33.7326449861226],[-118.311418422518,33.7326440524682],[-118.311419071185,33.7326022047815]]]},"properties":{"Name":"Averill Park","Type":"Building","AddrNumber":1300,"Street":"S Dodson Ave"}},{"type":"Feature","geometry":{"type":"Polygon","coordinates":[[[-118.29474300403,33.7331508767748],[-118.294957834174,33.7331532080357],[-118.294957915185,33.7331483171805],[-118.294988139871,33.7331486550622],[-118.294988328693,33.7331366745191],[-118.295031445575,33.7331371457534],[-118.295029832653,33.7332397795741],[-118.294741660633,33.7332366382923],[-118.29474300403,33.7331508767748]]]},"properties":{"Name":"Ralph C Daniels Field Sports Center","Type":"Building","AddrNumber":845,"Street":"W 12th St"}},{"type":"Feature","geometry":{"type":"Polygon","coordinates":[[[-118.295606527237,33.7332144308556],[-118.295607128127,33.7331889573967],[-118.295633899408,33.7331894135849],[-118.295633298526,33.733214887044],[-118.295606527237,33.7332144308556]]]},"properties":{"Name":"Ralph C Daniels Field Sports Center","Type":"Building","AddrNumber":845,"Street":"W 12th St"}},{"type":"Feature","geometry":{"type":"Polygon","coordinates":[[[-118.296255281246,33.7331996731135],[-118.296223650451,33.7331735920708],[-118.296251324668,33.7331501398272],[-118.296282988816,33.7331761937354],[-118.296255281246,33.7331996731135]]]},"properties":{"Name":"Ralph C Daniels Field Sports Center","Type":"Building","AddrNumber":845,"Street":"W 12th St"}},{"type":"Feature","geometry":{"type":"Polygon","coordinates":[[[-118.296295230429,33.7326191038295],[-118.296194102827,33.7326193528464],[-118.296193832069,33.7325425805757],[-118.296294434121,33.7325423328532],[-118.296295230429,33.7326191038295]]]},"properties":{"Name":"Ralph C Daniels Field Sports Center","Type":"Building","AddrNumber":845,"Street":"W 12th St"}},{"type":"Feature","geometry":{"type":"Polygon","coordinates":[[[-118.290367767207,33.7221723797261],[-118.290273737808,33.7222059649386],[-118.290252881069,33.722165237628],[-118.290346942702,33.722131625309],[-118.290367767207,33.7221723797261]]]},"properties":{"Name":"Harbor View Memorial Park","Type":"Building","AddrNumber":2411,"Street":"S Grand Ave"}},{"type":"Feature","geometry":{"type":"Polygon","coordinates":[[[-118.293966811705,33.7120751430251],[-118.294116215784,33.7118954476601],[-118.294128409729,33.7118600645917],[-118.294131850803,33.7118532804979],[-118.294136607776,33.7118470755554],[-118.294142546436,33.7118416285895],[-118.294149496885,33.7118370932705],[-118.294157261094,33.7118335998987],[-118.2941656172,33.7118312481816],[-118.294174328113,33.711830103607],[-118.294183144772,33.7118302001396],[-118.294191816905,33.7118315347854],[-118.294200097352,33.7118340693845],[-118.294207748544,33.7118377314966],[-118.294214554371,33.7118424161748],[-118.294220320206,33.7118479922763],[-118.294224881516,33.7118542979336],[-118.294228109315,33.7118611558667],[-118.294478670673,33.711837148731],[-118.294485230177,33.7118928021402],[-118.294185120947,33.7119235249649],[-118.294249603366,33.7119592839198],[-118.294226797606,33.7119877396857],[-118.294270088553,33.7120117471188],[-118.294245263622,33.7120427212123],[-118.294191074816,33.7120126706219],[-118.294183607137,33.7120219878665],[-118.294169379297,33.7120140975726],[-118.294159893528,33.7120259331354],[-118.294104795801,33.7119953789873],[-118.293978859617,33.7121317837147],[-118.29391195566,33.7120957727019],[-118.293966811705,33.7120751430251]]]},"properties":{"Name":"Nike Missile Site LA-43 C, Historical Landmark","Type":"Museum","AddrNumber":3601,"Street":"S Gaffey St"}},{"type":"Feature","geometry":{"type":"Polygon","coordinates":[[[-118.296690624755,33.7118087678212],[-118.296680018133,33.7118076481768],[-118.296669334736,33.7118080026745],[-118.296658867937,33.7118098215757],[-118.296648901264,33.7118130555002],[-118.29663970732,33.71181761633],[-118.296631538081,33.711823379037],[-118.296381564136,33.7117908101256],[-118.29638758793,33.7117294310307],[-118.296631538274,33.711763252545],[-118.296649644191,33.7117573733778],[-118.296668650036,33.7117540179932],[-118.296688054523,33.7117532759743],[-118.296707347493,33.7117551666094],[-118.296726020694,33.7117596388655],[-118.296743582903,33.7117665767596],[-118.296759571784,33.7117757966253],[-118.296773564705,33.7117870561009],[-118.296785196014,33.7118000585941],[-118.296794157066,33.7118144613954],[-118.296800213523,33.7118298864534],[-118.296803206452,33.7118459266823],[-118.296965838791,33.7120025053799],[-118.296905604662,33.7120413374798],[-118.296741466124,33.7118684741008],[-118.296741923247,33.7118595472144],[-118.296740616884,33.7118506796702],[-118.296737582404,33.7118421120817],[-118.296732901537,33.7118340786374],[-118.296726703428,33.7118267989845],[-118.296719154896,33.7118204710415],[-118.296710463668,33.7118152682854],[-118.296700866476,33.7118113307659],[-118.296690624755,33.7118087678212]]]},"properties":{"Name":"Battery Osgood-Farley Historic Site, Fort MacArthur Museum","Type":"Museum","AddrNumber":3601,"Street":"S Gaffey St"}},{"type":"Feature","geometry":{"type":"Polygon","coordinates":[[[-118.295620201789,33.7113912257454],[-118.295611572957,33.7113911540987],[-118.295603046458,33.7113922676732],[-118.295594854104,33.7113945352481],[-118.295587217893,33.7113978958776],[-118.295580345695,33.7114022579993],[-118.295574422629,33.7114075030617],[-118.295297344092,33.7114137657393],[-118.295295838464,33.7113561446145],[-118.295533764526,33.7113561444124],[-118.295548787833,33.7113463776014],[-118.295565504751,33.7113387693266],[-118.295583472638,33.7113335208084],[-118.295602220582,33.7113307684286],[-118.295621253719,33.7113305864247],[-118.295640071548,33.7113329796328],[-118.295658178716,33.7113378834611],[-118.295675099067,33.7113451701659],[-118.295690386417,33.7113546470219],[-118.295703638611,33.7113660653028],[-118.295714508329,33.7113791247621],[-118.295722707421,33.7113934808341],[-118.295728020969,33.7114087554174],[-118.295907218468,33.7115390304787],[-118.295865054036,33.7115828723121],[-118.295667785757,33.7114350614464],[-118.295667118615,33.7114278700128],[-118.295665048743,33.711420868638],[-118.295661631822,33.7114142465003],[-118.295656960169,33.7114081818696],[-118.295651161654,33.7114028403077],[-118.295644393197,33.7113983656688],[-118.295636837533,33.7113948810091],[-118.295628701019,33.7113924786759],[-118.295620201789,33.7113912257454]]]},"properties":{"Name":"Battery Osgood-Farley Historic Site, Fort MacArthur Museum","Type":"Museum","AddrNumber":3601,"Street":"S Gaffey St"}},{"type":"Feature","geometry":{"type":"Polygon","coordinates":[[[-118.293207067246,33.7126412125164],[-118.293215919095,33.7126257157761],[-118.293227703585,33.7126116488778],[-118.29324209844,33.7125993957443],[-118.293258711089,33.7125892899855],[-118.293277088359,33.7125816085648],[-118.293296728297,33.7125765609519],[-118.29331709418,33.7125742845817],[-118.293391723106,33.7125238457026],[-118.293483842817,33.7124559471066],[-118.293524655716,33.7125005664583],[-118.293338083311,33.712632483865],[-118.293327897332,33.7126313638004],[-118.293317630035,33.7126316701073],[-118.29330756618,33.712633395781],[-118.293297982821,33.7126364905632],[-118.293289147189,33.7126408708645],[-118.293281301575,33.7126464152931],[-118.293274665496,33.7126529691573],[-118.293269420627,33.7126603517143],[-118.293265712961,33.712668358869],[-118.293263645284,33.7126767695033],[-118.29326327395,33.7126853490898],[-118.293264610005,33.7126938623098],[-118.293267617024,33.7127020721574],[-118.293272210076,33.7127097525627],[-118.293278264362,33.7127166892729],[-118.293285609856,33.7127226915841],[-118.29324479642,33.7129467572414],[-118.293184160359,33.7128924381848],[-118.293212146871,33.7127246322245],[-118.293204493792,33.7127086961204],[-118.293200084757,33.7126919236288],[-118.293199041104,33.7126747742198],[-118.293201389276,33.7126577157077],[-118.293207067246,33.7126412125164]]]},"properties":{"Name":"Battery Leary-Merriam, Historical Landmark, Fort MacArthur Museum","Type":"Museum","AddrNumber":3601,"Street":"S Gaffey St"}},{"type":"Feature","geometry":{"type":"Polygon","coordinates":[[[-118.29406397106,33.7119218180873],[-118.29395278397,33.7120547655304],[-118.293872371461,33.7120083066628],[-118.293993979363,33.711862212482],[-118.294044643112,33.7118825004123],[-118.294032502544,33.7119029418697],[-118.29406397106,33.7119218180873]]]},"properties":{"Name":"Jesse Small Studio, Metal Fabricator","Type":"Cultural Center","AddrNumber":3601,"Street":"S Gaffey St"}},{"type":"Feature","geometry":{"type":"Polygon","coordinates":[[[-118.3189628426,34.0634267736445],[-118.318963889228,34.0633629045256],[-118.318829734152,34.0633613826515],[-118.318830248211,34.0633299908398],[-118.318780578139,34.0633294277681],[-118.31878166518,34.0632630513833],[-118.318828784061,34.0632635860293],[-118.318828909735,34.0632559163619],[-118.318820279145,34.0632558183391],[-118.318820980292,34.0632129738684],[-118.318828560085,34.0632130602405],[-118.318829950332,34.0631281926268],[-118.318851426566,34.0631284361424],[-118.318851510844,34.0631232638289],[-118.318890118233,34.0631237019182],[-118.318890074385,34.0631264075325],[-118.318912747656,34.0631266650058],[-118.318912646458,34.0631327965945],[-118.318968856245,34.0631334351985],[-118.318969546876,34.0630912623962],[-118.319012596825,34.0630917509194],[-118.319010732182,34.0632055616814],[-118.318944580983,34.0632048114154],[-118.318943994056,34.0632406614974],[-118.318974387982,34.0632410067547],[-118.318974026838,34.0632630555835],[-118.319018967219,34.0632635652565],[-118.319018009393,34.0633220195379],[-118.319016294307,34.063426757786],[-118.3189628426,34.0634267736445]]]},"properties":{"Name":"Getty House","Type":"Historic Houses","AddrNumber":605,"Street":"S Irving Blvd"}},{"type":"Feature","geometry":{"type":"Polygon","coordinates":[[[-118.448303920691,34.184551963646],[-118.447515040692,34.1845548850116],[-118.447512898335,34.1841549834861],[-118.44840347643,34.1841516851397],[-118.448404523792,34.1843468023857],[-118.448426905212,34.1843509332057],[-118.448448150823,34.1843580947014],[-118.448467671589,34.184368088014],[-118.448484925778,34.1843806356759],[-118.448499434197,34.184395388766],[-118.448510793271,34.1844119394826],[-118.448518689185,34.1844298274023],[-118.448522903392,34.1844485565876],[-118.44852331702,34.1844676063899],[-118.448519919646,34.1844864503486],[-118.448512804996,34.1845045634198],[-118.448502171067,34.1845214436126],[-118.448488313669,34.1845366228317],[-118.448471615651,34.1845496795389],[-118.448452541541,34.1845602513949],[-118.448431620242,34.1845680443388],[-118.44840943207,34.1845728443563],[-118.448386593566,34.1845745157335],[-118.448364547886,34.1845731216372],[-118.448343056094,34.1845688126091],[-118.448322670956,34.1845616983915],[-118.448303920691,34.184551963646]]]},"properties":{"Name":"Braude Constituent Center","Type":"Municipal Buildings","AddrNumber":6262,"Street":"VAN NUYS BLVD"}},{"type":"Feature","geometry":{"type":"Polygon","coordinates":[[[-118.293681106245,33.712989410093],[-118.293672612827,33.7130241079605],[-118.29367425785,33.7130244059468],[-118.293666283636,33.7130570417155],[-118.293593871792,33.7130446885298],[-118.293602105497,33.7130109811497],[-118.293639544606,33.7130173742503],[-118.29364777848,33.7129837209568],[-118.293681106245,33.712989410093]]]},"properties":{"Name":"Angels Gate Cultural Center","Type":"Cultural Center","AddrNumber":3601,"Street":"S Gaffey St"}},{"type":"Feature","geometry":{"type":"Polygon","coordinates":[[[-118.202681392837,34.100457286044],[-118.202633427534,34.1004332694688],[-118.202760446684,34.1002577167397],[-118.202812496013,34.1002837791955],[-118.202783820394,34.1003234117435],[-118.202789994272,34.1003265035502],[-118.202782036078,34.1003375020605],[-118.20279928496,34.1003461386278],[-118.202805929468,34.1003560533316],[-118.202807087323,34.1003736609923],[-118.202799343996,34.100396845137],[-118.202783797724,34.1004181879272],[-118.202765989607,34.1004256320022],[-118.202749289894,34.1004302947948],[-118.202729224432,34.1004256936908],[-118.202722523241,34.1004192175169],[-118.202709185937,34.1004322156272],[-118.202702491486,34.1004285197622],[-118.202681392837,34.100457286044]]]},"properties":{"Name":"Sycamore Grove Amphitheatre","Type":"Recreation Center","AddrNumber":4702,"Street":"N Figueroa St"}},{"type":"Feature","geometry":{"type":"Polygon","coordinates":[[[-118.308736458427,34.0145119245908],[-118.308733055461,34.0145147758179],[-118.308626885034,34.0144212368374],[-118.308251365112,34.0144193529554],[-118.308250182169,34.0140981256026],[-118.308311144839,34.0141483555034],[-118.308342819629,34.0141477138445],[-118.308344013484,34.0141056156667],[-118.308472093622,34.0141032446553],[-118.30847217743,34.0141259864304],[-118.308741870901,34.0141281394451],[-118.308736458427,34.0145119245908]]]},"properties":{"Name":"Exposition Park Dr Mary McLeod Bethune Regional Library","Type":"Library","AddrNumber":3900,"Street":"S Western Ave"}},{"type":"Feature","geometry":{"type":"Polygon","coordinates":[[[-118.29461755319,33.7143698393664],[-118.294497832337,33.7144142871694],[-118.294487129632,33.7143941531063],[-118.294606856981,33.7143497188207],[-118.29461755319,33.7143698393664]]]},"properties":{"Name":"Angels Gate Cultural Center","Type":"Cultural Center","AddrNumber":3601,"Street":"S Gaffey St"}},{"type":"Feature","geometry":{"type":"Polygon","coordinates":[[[-118.209448899961,34.0874462341699],[-118.209517687071,34.0875032277674],[-118.209346434819,34.0876463063544],[-118.209277647709,34.0875893126591],[-118.209448899961,34.0874462341699]]]},"properties":{"Name":"Heritage Square Colonial Drug","Type":"Museum","AddrNumber":3800,"Street":"HOMER ST"}},{"type":"Feature","geometry":{"type":"Polygon","coordinates":[[[-118.408234240371,34.1517116863538],[-118.408233356713,34.1515307966921],[-118.408573826672,34.151529646624],[-118.408574522722,34.1516720133102],[-118.408566463632,34.151672040544],[-118.408566594652,34.1516988392124],[-118.408512200113,34.1516990230115],[-118.40851206911,34.1516722243431],[-118.408493937242,34.1516722856052],[-118.408494125549,34.1517108085785],[-118.408234240371,34.1517116863538]]]},"properties":{"Name":"Studio City Recreation Center","Type":"Recreation Center","AddrNumber":12621,"Street":"RYE ST"}},{"type":"Feature","geometry":{"type":"Polygon","coordinates":[[[-118.293327163108,34.0997624483983],[-118.293326876088,34.0996806259659],[-118.29337989646,34.0996804972434],[-118.293379732741,34.0996338333947],[-118.293601035368,34.0996332958665],[-118.293601250832,34.0996946617886],[-118.293618155582,34.0996946207116],[-118.293617558532,34.0995245849364],[-118.293821956153,34.0995240880805],[-118.293822569344,34.099698599026],[-118.293844852535,34.0996985448384],[-118.293844998545,34.0997400952354],[-118.293818872514,34.0997401587674],[-118.293819348687,34.0998756760426],[-118.29361495129,34.0998761728914],[-118.293614744793,34.0998173636945],[-118.293590155438,34.099817423443],[-118.293590236234,34.0998404357766],[-118.293374311507,34.0998409602265],[-118.293374040141,34.0997636129654],[-118.293327163108,34.0997624483983]]]},"properties":{"Name":"Barnsdall Gallery Theatre","Type":"Performance Center","AddrNumber":4814,"Street":"HOLLYWOOD BLVD"}},{"type":"Feature","geometry":{"type":"Polygon","coordinates":[[[-118.207536737229,34.1319775822935],[-118.207536157915,34.1319573402918],[-118.207461786739,34.1319574679563],[-118.207461707296,34.1319254592042],[-118.207266670587,34.1319257937841],[-118.207266491279,34.131853480419],[-118.207227445705,34.1318541171309],[-118.207223259982,34.131676611785],[-118.207262602512,34.1316759700575],[-118.207290754652,34.1316770721381],[-118.20728705301,34.131607389173],[-118.207296140806,34.1316089566784],[-118.207296572506,34.1315841259481],[-118.207287881992,34.1315840669257],[-118.207288445941,34.1315264418464],[-118.207297575528,34.1315265037219],[-118.207297864893,34.1315098528341],[-118.207370797357,34.1315107293398],[-118.207370514645,34.1315269970654],[-118.207532885986,34.1315280968454],[-118.207533252122,34.1314834370338],[-118.20760666586,34.1314838536912],[-118.207606298879,34.1315285937408],[-118.207759461496,34.1315296305986],[-118.207759636536,34.1315110740678],[-118.207825817044,34.1315115057286],[-118.207825642059,34.1315300784871],[-118.207838971624,34.1315301682604],[-118.207838406967,34.1315877924426],[-118.20782510016,34.1315877026301],[-118.207824844516,34.1316148220493],[-118.207863115184,34.1316152025031],[-118.2078673945,34.1319174264868],[-118.20765269144,34.1319207290915],[-118.207652781892,34.1319571400047],[-118.207591477711,34.131957245301],[-118.207592028536,34.1319764875525],[-118.207536737229,34.1319775822935]]]},"properties":{"Name":"Yosemite Pool","Type":"Swimming Complex","AddrNumber":1840,"Street":"YOSEMITE DR"}},{"type":"Feature","geometry":{"type":"MultiPolygon","coordinates":[[[[-118.429441946058,34.0730310466457],[-118.42943232779,34.0730200631639],[-118.429426449283,34.0730213083491],[-118.429422036772,34.0730213240359],[-118.429414665069,34.0730182895265],[-118.429345045538,34.0729254966431],[-118.429380893067,34.0729068723979],[-118.42934845483,34.0728636373244],[-118.429366392085,34.0728543174916],[-118.42933857902,34.0728172469085],[-118.429367988932,34.0728019668086],[-118.429392524038,34.0728346684723],[-118.429408129583,34.0728265604731],[-118.429443959258,34.0728743163983],[-118.429398385161,34.0728979940925],[-118.429432829488,34.0729439022887],[-118.429448846715,34.0729355800581],[-118.4294816821,34.0729793446979],[-118.429457124641,34.0729921031052],[-118.429456488343,34.0729979419142],[-118.429457242794,34.0730016111897],[-118.429454322398,34.0730059065752],[-118.429451386288,34.0730071413005],[-118.429461004557,34.0730181247808],[-118.429441946058,34.0730310466457]]],[[[-118.429512314511,34.0728951548867],[-118.429553675246,34.0728727263361],[-118.42959143691,34.0729209486543],[-118.429550076161,34.0729433772177],[-118.429512314511,34.0728951548867]]]]},"properties":{"Name":"Armand Hammer Golf Course","Type":"Golf","AddrNumber":601,"Street":"CLUB VIEW DR"}},{"type":"Feature","geometry":{"type":"Polygon","coordinates":[[[-118.284174631682,33.7121914297429],[-118.284077772057,33.7121823433443],[-118.284089700914,33.7120931495647],[-118.284186593783,33.7121022079282],[-118.284174631682,33.7121914297429]]]},"properties":{"Name":"Cabrillo Beach","Type":"Building","AddrNumber":3800,"Street":"S Stephen M White Dr"}},{"type":"Feature","geometry":{"type":"MultiPolygon","coordinates":[[[[-118.29569842436,33.7120397091769],[-118.295775447591,33.7118999169993],[-118.295751647264,33.7118908433222],[-118.295800770782,33.7118016885103],[-118.296199355875,33.7119536526087],[-118.296149661387,33.7120438430136],[-118.295984054158,33.71198273856],[-118.295908527512,33.712119812773],[-118.29569842436,33.7120397091769]]],[[[-118.293892278084,33.7120215686812],[-118.294006408451,33.7118764339249],[-118.294085118302,33.7119135356821],[-118.294128409729,33.7118600645917],[-118.294131850803,33.7118532804979],[-118.294136607776,33.7118470755554],[-118.294142546436,33.7118416285895],[-118.294149496885,33.7118370932705],[-118.294157261094,33.7118335998987],[-118.2941656172,33.7118312481816],[-118.294174328113,33.711830103607],[-118.294183144772,33.7118302001396],[-118.294191816905,33.7118315347854],[-118.294200097352,33.7118340693845],[-118.294207748544,33.7118377314966],[-118.294214554371,33.7118424161748],[-118.294220320206,33.7118479922763],[-118.294224881516,33.7118542979336],[-118.294228109315,33.7118611558667],[-118.294478670673,33.711837148731],[-118.294485230177,33.7118928021402],[-118.294185120947,33.7119235249649],[-118.294249603366,33.7119592839198],[-118.294226797606,33.7119877396857],[-118.294270088553,33.7120117471188],[-118.294245263622,33.7120427212123],[-118.294191074816,33.7120126706219],[-118.294183607137,33.7120219878665],[-118.294169379297,33.7120140975726],[-118.294159893528,33.7120259331354],[-118.294104795801,33.7119953789873],[-118.293978859617,33.7121317837147],[-118.29391195566,33.7120957727019],[-118.293942127799,33.7120521231311],[-118.293892278084,33.7120215686812]]],[[[-118.296690624755,33.7118087678212],[-118.296680018133,33.7118076481768],[-118.296669334736,33.7118080026745],[-118.296658867937,33.7118098215757],[-118.296648901264,33.7118130555002],[-118.29663970732,33.71181761633],[-118.296631538081,33.711823379037],[-118.296381564136,33.7117908101256],[-118.29638758793,33.7117294310307],[-118.296631538274,33.711763252545],[-118.296649644191,33.7117573733778],[-118.296668650036,33.7117540179932],[-118.296688054523,33.7117532759743],[-118.296707347493,33.7117551666094],[-118.296726020694,33.7117596388655],[-118.296743582903,33.7117665767596],[-118.296759571784,33.7117757966253],[-118.296773564705,33.7117870561009],[-118.296785196014,33.7118000585941],[-118.296794157066,33.7118144613954],[-118.296800213523,33.7118298864534],[-118.296803206452,33.7118459266823],[-118.296965838791,33.7120025053799],[-118.296905604662,33.7120413374798],[-118.296741466124,33.7118684741008],[-118.296741923247,33.7118595472144],[-118.296740616884,33.7118506796702],[-118.296737582404,33.7118421120817],[-118.296732901537,33.7118340786374],[-118.296726703428,33.7118267989845],[-118.296719154896,33.7118204710415],[-118.296710463668,33.7118152682854],[-118.296700866476,33.7118113307659],[-118.296690624755,33.7118087678212]]],[[[-118.295620201789,33.7113912257454],[-118.295611572957,33.7113911540987],[-118.295603046458,33.7113922676732],[-118.295594854104,33.7113945352481],[-118.295587217893,33.7113978958776],[-118.295580345695,33.7114022579993],[-118.295574422629,33.7114075030617],[-118.295297344092,33.7114137657393],[-118.295295838464,33.7113561446145],[-118.295533764526,33.7113561444124],[-118.295548787833,33.7113463776014],[-118.295565504751,33.7113387693266],[-118.295583472638,33.7113335208084],[-118.295602220582,33.7113307684286],[-118.295621253719,33.7113305864247],[-118.295640071548,33.7113329796328],[-118.295658178716,33.7113378834611],[-118.295675099067,33.7113451701659],[-118.295690386417,33.7113546470219],[-118.295703638611,33.7113660653028],[-118.295714508329,33.7113791247621],[-118.295722707421,33.7113934808341],[-118.295728020969,33.7114087554174],[-118.295907218468,33.7115390304787],[-118.295865054036,33.7115828723121],[-118.295667785757,33.7114350614464],[-118.295667118615,33.7114278700128],[-118.295665048743,33.711420868638],[-118.295661631822,33.7114142465003],[-118.295656960169,33.7114081818696],[-118.295651161654,33.7114028403077],[-118.295644393197,33.7113983656688],[-118.295636837533,33.7113948810091],[-118.295628701019,33.7113924786759],[-118.295620201789,33.7113912257454]]],[[[-118.293207067246,33.7126412125164],[-118.293215919095,33.7126257157761],[-118.293227703585,33.7126116488778],[-118.29324209844,33.7125993957443],[-118.293258711089,33.7125892899855],[-118.293277088359,33.7125816085648],[-118.293296728297,33.7125765609519],[-118.29331709418,33.7125742845817],[-118.293391723106,33.7125238457026],[-118.293483842817,33.7124559471066],[-118.293524655716,33.7125005664583],[-118.293338083311,33.712632483865],[-118.293327897332,33.7126313638004],[-118.293317630035,33.7126316701073],[-118.29330756618,33.712633395781],[-118.293297982821,33.7126364905632],[-118.293289147189,33.7126408708645],[-118.293281301575,33.7126464152931],[-118.293274665496,33.7126529691573],[-118.293269420627,33.7126603517143],[-118.293265712961,33.712668358869],[-118.293263645284,33.7126767695033],[-118.29326327395,33.7126853490898],[-118.293264610005,33.7126938623098],[-118.293267617024,33.7127020721574],[-118.293272210076,33.7127097525627],[-118.293278264362,33.7127166892729],[-118.293285609856,33.7127226915841],[-118.29324479642,33.7129467572414],[-118.293184160359,33.7128924381848],[-118.293212146871,33.7127246322245],[-118.293204493792,33.7127086961204],[-118.293200084757,33.7126919236288],[-118.293199041104,33.7126747742198],[-118.293201389276,33.7126577157077],[-118.293207067246,33.7126412125164]]]]},"properties":{"Name":"Fort MacArthur Museum","Type":"Museum","AddrNumber":3601,"Street":"S Gaffey St"}},{"type":"Feature","geometry":{"type":"Polygon","coordinates":[[[-118.417232255834,34.0333473439175],[-118.417222992083,34.0333347733833],[-118.417222360225,34.0333350974146],[-118.417136845014,34.033219419534],[-118.41732456432,34.0331232316305],[-118.417410079688,34.0332389084761],[-118.417394844871,34.0332467143402],[-118.417461277665,34.0332832564346],[-118.417428200589,34.033324938741],[-118.417399753733,34.033309291794],[-118.417384969214,34.0333279217234],[-118.417366764012,34.0333179082098],[-118.417287076644,34.0334183233735],[-118.417290869489,34.0334204099378],[-118.41725453383,34.0334661973259],[-118.41721357155,34.0334436652963],[-118.417243140692,34.0334064045759],[-118.417202936363,34.0333842900384],[-118.417232255834,34.0333473439175]]]},"properties":{"Name":"Palms Child Care Center","Type":"Child Care Center","AddrNumber":2930,"Street":"OVERLAND AVE"}},{"type":"Feature","geometry":{"type":"Polygon","coordinates":[[[-118.256637720115,33.790400268734],[-118.256622329054,33.7901789836466],[-118.256640121287,33.7901781289516],[-118.256635338238,33.790081413483],[-118.25679892059,33.7900820328818],[-118.256807253458,33.7901658870488],[-118.256827015041,33.7901643096221],[-118.256830765774,33.7902524494233],[-118.256796913293,33.7902534997751],[-118.256805442547,33.7903761238464],[-118.256796714181,33.7903758043986],[-118.256798052366,33.7903932295276],[-118.256798234793,33.7904016834954],[-118.256638122463,33.7904068506993],[-118.256637720115,33.790400268734]]]},"properties":{"Name":"Banning Recreation Center","Type":"Recreation Center","AddrNumber":1331,"Street":"EUBANK AVE"}},{"type":"Feature","geometry":{"type":"MultiPolygon","coordinates":[[[[-118.29972346001,33.7993886074939],[-118.299690841677,33.7993028323227],[-118.299667180869,33.7993090458345],[-118.299599756863,33.7992270705891],[-118.299613010857,33.7991653931426],[-118.29956176195,33.7991139947641],[-118.299576783721,33.7990971072344],[-118.29952641897,33.7990383665338],[-118.299594454905,33.7989987164588],[-118.299586503329,33.798990638867],[-118.299634217352,33.7989553945363],[-118.299629798693,33.7989399752597],[-118.299679280495,33.7989289609473],[-118.299683698392,33.7989465835185],[-118.299695352666,33.7989416439761],[-118.299707832587,33.7989383999238],[-118.299720787542,33.7989369441881],[-118.299733850532,33.7989373173493],[-118.299746655458,33.7989395085989],[-118.299758840353,33.7989434557325],[-118.299770064678,33.7989490487121],[-118.299780009316,33.7989561287651],[-118.299785311121,33.7989267587397],[-118.299848930568,33.7989421784385],[-118.299838327158,33.7990045903514],[-118.299845704978,33.7990134653903],[-118.299851322493,33.7990231976428],[-118.299855038463,33.7990335458555],[-118.29985676234,33.799044252422],[-118.299856451064,33.7990550524053],[-118.299854111236,33.7990656780397],[-118.299849801298,33.7990758641352],[-118.299843628334,33.7990853589033],[-118.299944358282,33.7993306013518],[-118.29972346001,33.7993886074939]]],[[[-118.299514105046,33.7994905196872],[-118.299514639274,33.7994595775758],[-118.29958123584,33.7994603792122],[-118.2995807187,33.7994903539593],[-118.299666466948,33.7994901405724],[-118.299666715541,33.7995597564895],[-118.299469829911,33.7995602463541],[-118.299469581481,33.7994906304366],[-118.299514105046,33.7994905196872]]]]},"properties":{"Name":"Harbor City Recreation Center","Type":"Recreation Center","AddrNumber":24901,"Street":"FRAMPTON AVE"}},{"type":"Feature","geometry":{"type":"Polygon","coordinates":[[[-118.29388658706,33.7097892563483],[-118.29387780244,33.7097874648956],[-118.293868325348,33.7097850693259],[-118.293856811386,33.7097832016022],[-118.293844608032,33.7097816105193],[-118.293831354869,33.7097808739177],[-118.293814716599,33.7097803916936],[-118.293785817059,33.7097805722707],[-118.293761986117,33.7097822522774],[-118.293741214376,33.7097842538557],[-118.293732013339,33.7097858422327],[-118.293733173998,33.7097790529035],[-118.293735019894,33.7097711070787],[-118.293739507143,33.7097473280629],[-118.293740857661,33.7097294362931],[-118.293741303637,33.7097064361269],[-118.293741937398,33.7096902499432],[-118.293740532485,33.709673766736],[-118.293738136337,33.7096563799418],[-118.293750340749,33.7096579710328],[-118.293785602121,33.7096626655641],[-118.293812764462,33.7096638910638],[-118.293838936643,33.709664212067],[-118.293865134357,33.7096625812538],[-118.293883508916,33.7096611074801],[-118.293893729263,33.7096598186034],[-118.293890530905,33.7096665858683],[-118.293886951691,33.7096773386952],[-118.293883646632,33.7096912235659],[-118.293880749663,33.70971815846],[-118.293881464008,33.7097533828412],[-118.293883831559,33.7097721444908],[-118.29388658706,33.7097892563483]]]},"properties":{"Name":"Korean Friendship Bell","Type":"Cultural Landmark","AddrNumber":3601,"Street":"S Gaffey St"}},{"type":"Feature","geometry":{"type":"Polygon","coordinates":[[[-118.269282038329,33.9560265949119],[-118.268895337786,33.9560274575563],[-118.268894676746,33.9558215371665],[-118.268872041269,33.9558215876229],[-118.268871723391,33.9557225566982],[-118.269284830372,33.9557216351792],[-118.269285118417,33.9558112344144],[-118.269262481861,33.9558112849465],[-118.269262678926,33.9558725891175],[-118.269319269277,33.9558724627816],[-118.269319516927,33.9559494867339],[-118.269283676375,33.9559495667496],[-118.269282038329,33.9560265949119]]]},"properties":{"Name":"Green Meadows Pools","Type":"Swimming Complex","AddrNumber":431,"Street":"E 89TH St"}},{"type":"Feature","geometry":{"type":"Polygon","coordinates":[[[-118.203073281698,34.0958654494975],[-118.203020843386,34.095865537619],[-118.203020865682,34.0958747214759],[-118.202830431901,34.0958750413044],[-118.202830381779,34.0958543764992],[-118.202813822371,34.0958544042961],[-118.202813649746,34.0957832269253],[-118.202827449061,34.0957832037617],[-118.202827354389,34.0957441712427],[-118.202874273553,34.0957440924721],[-118.202874089736,34.0956683227225],[-118.203014843849,34.0956680863072],[-118.203014905165,34.0956933434914],[-118.203072863523,34.0956932460949],[-118.203073281698,34.0958654494975]]]},"properties":{"Name":"Montecito Heights Senior Citizen Center","Type":"Senior Center","AddrNumber":4545,"Street":"HOMER ST"}},{"type":"Feature","geometry":{"type":"Polygon","coordinates":[[[-118.282356217842,33.9763555846423],[-118.28235562462,33.9763462119545],[-118.282325724468,33.9763474674311],[-118.282325025504,33.9763590482772],[-118.282248417315,33.9763585558748],[-118.282247219428,33.976242335642],[-118.282196415343,33.9762417828403],[-118.282195371469,33.976171245316],[-118.282206662295,33.976171890545],[-118.282207102794,33.9760630562966],[-118.282479653071,33.9760610752238],[-118.282479235585,33.9761766266965],[-118.282470365536,33.976176647463],[-118.282468162292,33.9762404744096],[-118.282438324089,33.9762398726238],[-118.282438711036,33.9763546027268],[-118.282356217842,33.9763555846423]]]},"properties":{"Name":"South LA Sports Activity Center","Type":"Recreation Center","AddrNumber":7020,"Street":"S Figueroa St"}},{"type":"Feature","geometry":{"type":"Polygon","coordinates":[[[-118.314655274389,33.7173900582487],[-118.314775176591,33.7174296693539],[-118.314751035815,33.7174807043486],[-118.314631133548,33.7174410923175],[-118.314655274389,33.7173900582487]]]},"properties":{"Name":"White Point Nature Education Center & Preserve","Type":"Building","AddrNumber":1600,"Street":"W Paseo Del Mar"}},{"type":"Feature","geometry":{"type":"Polygon","coordinates":[[[-118.306353048485,33.7506666521941],[-118.306110272222,33.7506654922597],[-118.306110400849,33.7506468974686],[-118.306064214088,33.7506466768881],[-118.306065823586,33.7504137750204],[-118.306076785302,33.7504138273728],[-118.306077531311,33.7503058403801],[-118.306107464735,33.7503059833035],[-118.306097714569,33.7502791738784],[-118.306191197143,33.7502571313176],[-118.306193988319,33.7502234881248],[-118.306330723451,33.7502281281468],[-118.306329328516,33.7503104968931],[-118.306365657279,33.7503109227715],[-118.306364345819,33.7503883573641],[-118.306379553597,33.7503885350058],[-118.306375648244,33.7506190257869],[-118.30635301405,33.750618760674],[-118.306353048485,33.7506666521941]]]},"properties":{"Name":"Peck Park Gym","Type":"Gymnasium","AddrNumber":560,"Street":"S Western Ave"}},{"type":"Feature","geometry":{"type":"Polygon","coordinates":[[[-118.28432171218,33.7111452777105],[-118.284323992792,33.7112364978405],[-118.284226939949,33.711238211095],[-118.284224658364,33.7111469909657],[-118.28432171218,33.7111452777105]]]},"properties":{"Name":"Cabrillo Beach","Type":"Building","AddrNumber":3800,"Street":"S Stephen M White Dr"}},{"type":"Feature","geometry":{"type":"Polygon","coordinates":[[[-118.401345616373,34.1942752758588],[-118.40134531804,34.1942131888331],[-118.401426337331,34.1942129199993],[-118.401426362496,34.194218156048],[-118.401435364158,34.1942181261759],[-118.401435475608,34.1942413151648],[-118.401441777966,34.1942412942499],[-118.40144194335,34.1942757045024],[-118.401427539813,34.1942757523012],[-118.401427654857,34.1942996895545],[-118.401478966658,34.1942995192661],[-118.401478901936,34.1942860541103],[-118.401548219236,34.1942858240324],[-118.401548870147,34.1944212184453],[-118.401385030173,34.1944217621986],[-118.401384573645,34.1943267623509],[-118.401358466948,34.1943268489735],[-118.401358233303,34.194278226202],[-118.401345616373,34.1942752758588]]]},"properties":{"Name":"Valley Plaza Recreation Center","Type":"Recreation Center","AddrNumber":12331,"Street":"VANOWEN ST"}},{"type":"Feature","geometry":{"type":"Polygon","coordinates":[[[-118.282972158165,33.7095336734161],[-118.282946329169,33.709625289626],[-118.282894807305,33.7096151616658],[-118.282892305911,33.7096241528004],[-118.28281716133,33.7096093547032],[-118.282819467738,33.7096010780168],[-118.28276271513,33.7095899183629],[-118.282788480057,33.7094984393721],[-118.282844837536,33.7095095179062],[-118.28284746914,33.7095001135797],[-118.282919290174,33.7095142613803],[-118.282916886541,33.7095228123532],[-118.282972158165,33.7095336734161]]]},"properties":{"Name":"Cabrillo Beach","Type":"Building","AddrNumber":3800,"Street":"S Stephen M White Dr"}},{"type":"Feature","geometry":{"type":"Polygon","coordinates":[[[-118.286237091052,33.9581391999901],[-118.286238925954,33.9579565357089],[-118.286239901764,33.9579565216736],[-118.28623989673,33.9579550485925],[-118.286361863925,33.9579547591129],[-118.286424533196,33.9579538530427],[-118.286424526049,33.9579546103412],[-118.286518133006,33.9579543880402],[-118.28651644121,33.957796009318],[-118.28662864969,33.9577957427467],[-118.286632143268,33.958122700693],[-118.28651993435,33.9581229672675],[-118.286518662982,33.9580040013474],[-118.286424027108,33.9580042260919],[-118.286422697617,33.9581365173293],[-118.286237091052,33.9581391999901]]]},"properties":{"Name":"Algin Sutton Child Care","Type":"Child Care Center","AddrNumber":8800,"Street":"S Hoover St"}},{"type":"Feature","geometry":{"type":"MultiPolygon","coordinates":[[[[-118.285245387792,33.9575914949451],[-118.284967574292,33.9575910949777],[-118.284969926474,33.9571589881858],[-118.284990404298,33.9571568058959],[-118.284987745519,33.9571280057295],[-118.285360268101,33.9571132559774],[-118.285356631025,33.9571730104876],[-118.285400157253,33.957171840107],[-118.285395505722,33.9573094807201],[-118.285428797273,33.9573104684547],[-118.285420674882,33.9575569395429],[-118.285383545153,33.9575570273912],[-118.285377718049,33.957725610248],[-118.285243281156,33.9577248617157],[-118.285245387792,33.9575914949451]]],[[[-118.284967574292,33.9575910949777],[-118.284967563126,33.9575932189985],[-118.284964995082,33.957591091154],[-118.284967574292,33.9575910949777]]]]},"properties":{"Name":"Algin Sutton Pool","Type":"Swimming Complex","AddrNumber":8800,"Street":"S Hoover St"}},{"type":"Feature","geometry":{"type":"Polygon","coordinates":[[[-118.288519236661,34.0125674158983],[-118.288521338256,34.0119305355521],[-118.289080094771,34.0119318130988],[-118.289080131638,34.0119208585303],[-118.289353402982,34.0119214821241],[-118.2893533089,34.0119500112385],[-118.289367791775,34.0119500441341],[-118.289365588838,34.0126196322317],[-118.289351007453,34.0126193209992],[-118.289352151789,34.0126587935131],[-118.289079832568,34.0126577655484],[-118.289081801191,34.0126434833166],[-118.28868139327,34.0126427611474],[-118.288516774029,34.012578483547],[-118.288519236661,34.0125674158983]]]},"properties":{"Name":"John C Argue Swim Stadium - EXPO Center","Type":"Swimming Complex","AddrNumber":3980,"Street":"S Bill Robertson Lane"}},{"type":"Feature","geometry":{"type":"Polygon","coordinates":[[[-118.294160544471,33.7121782481985],[-118.294105119781,33.712162172049],[-118.294094303406,33.712115623365],[-118.2941378486,33.71208160964],[-118.294192941349,33.712096861713],[-118.294206099607,33.7121455484284],[-118.294160544471,33.7121782481985]]]},"properties":{"Name":"Angels Gate Cultural Center","Type":"Cultural Center","AddrNumber":3601,"Street":"S Gaffey St"}},{"type":"Feature","geometry":{"type":"Polygon","coordinates":[[[-118.31867303752,33.9906228804411],[-118.318955753165,33.9906231892135],[-118.318955571176,33.9907393498645],[-118.318928300169,33.9907393200689],[-118.318910624697,33.9907574235002],[-118.318884691817,33.9907722762003],[-118.318868881023,33.9907818218952],[-118.318868985588,33.9908092785771],[-118.318642054929,33.9908098780023],[-118.31864197455,33.9907887572001],[-118.318610280568,33.9907888408841],[-118.318609854616,33.9906769036984],[-118.318675778315,33.9906767296258],[-118.31867303752,33.9906228804411]]]},"properties":{"Name":"Van Ness Child Care Center","Type":"Child Care Center","AddrNumber":5720,"Street":"2ND AVE"}},{"type":"Feature","geometry":{"type":"Polygon","coordinates":[[[-118.249306159152,33.9359065084102],[-118.249282235823,33.9363301845396],[-118.248961734716,33.9363346627572],[-118.248966080624,33.9362564159914],[-118.248821861323,33.9362605306869],[-118.248823438533,33.9359437610162],[-118.248937678288,33.935943525255],[-118.248937549624,33.9359067740247],[-118.249306159152,33.9359065084102]]]},"properties":{"Name":"109th Street Pool","Type":"Swimming Complex","AddrNumber":1500,"Street":"E 109th St"}},{"type":"Feature","geometry":{"type":"Polygon","coordinates":[[[-118.256686737642,33.7907869434076],[-118.256520681533,33.7907966306749],[-118.256506603871,33.7906284092251],[-118.256482262913,33.7906285250915],[-118.25648002283,33.7905862400481],[-118.256474410642,33.79051917969],[-118.256688044289,33.7905059896573],[-118.256693451551,33.7905705956319],[-118.256698022128,33.7906193467384],[-118.256672512445,33.7906203693494],[-118.256686737642,33.7907869434076]]]},"properties":{"Name":"Banning Recreation Center","Type":"Recreation Center","AddrNumber":1331,"Street":"EUBANK AVE"}},{"type":"Feature","geometry":{"type":"MultiPolygon","coordinates":[[[[-118.287814137248,33.9760466135416],[-118.287761842741,33.9759769718107],[-118.287696318778,33.9760091836626],[-118.287609893076,33.9758868271248],[-118.287566936618,33.9759001287712],[-118.287507787464,33.9758116469317],[-118.287550730941,33.9757945751517],[-118.287516613772,33.9757456314235],[-118.287744846387,33.9756413801801],[-118.287774404813,33.9756809065483],[-118.287846719765,33.9756486793543],[-118.287878560365,33.975693857334],[-118.287889864032,33.9756900592757],[-118.287987663864,33.9758293588065],[-118.28797637315,33.9758369279301],[-118.288012760873,33.9758877512022],[-118.2879246232,33.9759256733375],[-118.287963286585,33.975980263183],[-118.287961022818,33.9759802685859],[-118.287814137248,33.9760466135416]]],[[[-118.287657512819,33.9762869780429],[-118.287654916325,33.9761797250636],[-118.288241778745,33.9761814789219],[-118.288246348191,33.9762838697496],[-118.287657512819,33.9762869780429]]]]},"properties":{"Name":"Mount Carmel Recreation Center","Type":"Recreation Center","AddrNumber":830,"Street":"W 70th St"}},{"type":"Feature","geometry":{"type":"Polygon","coordinates":[[[-118.289547606034,33.7213464498102],[-118.289486311025,33.7213652548165],[-118.289490719152,33.7213752734158],[-118.289455932263,33.7213859632971],[-118.289427495723,33.7213212939735],[-118.289490991404,33.7213018247034],[-118.289494969095,33.7213109103824],[-118.289527061724,33.7213010509473],[-118.289547606034,33.7213464498102]]]},"properties":{"Name":"Harbor View Memorial Park","Type":"Building","AddrNumber":2411,"Street":"S Grand Ave"}},{"type":"Feature","geometry":{"type":"Polygon","coordinates":[[[-118.18854026422,34.112724205503],[-118.188389943629,34.1127024948556],[-118.188385387818,34.1127168137628],[-118.188284404254,34.1126997969691],[-118.188285520916,34.1126864372438],[-118.1881283071,34.1126599670098],[-118.188127173238,34.112665693497],[-118.188050282183,34.1126505466407],[-118.188074100943,34.1125302904108],[-118.188038590462,34.1125243306535],[-118.18809526559,34.1122907179703],[-118.188171438756,34.1122215691572],[-118.188656617369,34.1123012392189],[-118.188735120199,34.1124019682186],[-118.188683446978,34.112628006846],[-118.188654751562,34.1126247980187],[-118.188624046671,34.1127431565714],[-118.188541424957,34.1127299284143],[-118.18854026422,34.112724205503]]]},"properties":{"Name":"Highland Park Pool","Type":"Swimming Complex","AddrNumber":6150,"Street":"PIEDMONT AVE"}},{"type":"Feature","geometry":{"type":"Polygon","coordinates":[[[-118.449818897875,34.0457954730567],[-118.449898927476,34.045889040143],[-118.449732401774,34.0459882443409],[-118.449693889306,34.0459461237588],[-118.449623587877,34.0459894555321],[-118.449323027424,34.0456423938538],[-118.449646262165,34.0454517626004],[-118.449754515132,34.0455909307558],[-118.449781294734,34.0455749612699],[-118.449912363618,34.0457388058889],[-118.449818897875,34.0457954730567]]]},"properties":{"Name":"Felicia Mahood Multipurpose Center","Type":"Multipurpose Center","AddrNumber":11338,"Street":"SANTA MONICA BLVD"}},{"type":"Feature","geometry":{"type":"Polygon","coordinates":[[[-118.3215805769,34.2612759901747],[-118.32131810838,34.2612746505093],[-118.321320219925,34.2609894271667],[-118.32138085177,34.2609897368282],[-118.321380899381,34.2609832086866],[-118.32151078132,34.2609838717448],[-118.321510713656,34.2609930838095],[-118.32157712105,34.2609934222097],[-118.3215805769,34.2612759901747]]]},"properties":{"Name":"Sunland Senior Citizen Center","Type":"Senior Center","AddrNumber":8640,"Street":"FENWICK ST"}},{"type":"Feature","geometry":{"type":"Polygon","coordinates":[[[-118.293518952525,33.7112511482651],[-118.293519629868,33.7110686666747],[-118.293814129286,33.7110694314968],[-118.293814159432,33.711059237255],[-118.293843290038,33.7110593031188],[-118.293843263165,33.7110704322086],[-118.29384858985,33.7110704462401],[-118.293847905534,33.7112507299927],[-118.293769159266,33.7112505103657],[-118.293769456569,33.7111661796713],[-118.293691762206,33.7111659853711],[-118.293691883245,33.7111345776979],[-118.293598867919,33.7111343378095],[-118.293598454959,33.7112513662101],[-118.293518952525,33.7112511482651]]]},"properties":{"Name":"Angels Gate Park Recreation Center and Office","Type":"Recreation Center","AddrNumber":3601,"Street":"S Gaffey St"}},{"type":"Feature","geometry":{"type":"Polygon","coordinates":[[[-118.346167716253,34.0282334943699],[-118.346284668702,34.0280790899301],[-118.346420449116,34.0281503838738],[-118.346411482788,34.0281622214685],[-118.346572251256,34.0282466365537],[-118.346479401404,34.0283692201618],[-118.346387356555,34.0283208908332],[-118.346283940757,34.0284574233515],[-118.346167994361,34.0283965427706],[-118.346167716253,34.0282334943699]]]},"properties":{"Name":"Vineyard Recreation / Senior Citizen Center","Type":"Recreation Center","AddrNumber":2942,"Street":"VINEYARD AVE"}},{"type":"Feature","geometry":{"type":"Polygon","coordinates":[[[-118.250051267526,33.7832839562511],[-118.249989967782,33.7832413727934],[-118.250031433357,33.783200139118],[-118.250019044891,33.7831915329037],[-118.250029325974,33.7831813100788],[-118.249870936459,33.7830712780728],[-118.250036830703,33.7829063100316],[-118.249987284599,33.7828718905636],[-118.250100002431,33.7827598026598],[-118.250083449936,33.7827483040493],[-118.250106644922,33.7827252376423],[-118.250122683532,33.7827363794184],[-118.25016244265,33.7826968431801],[-118.250265553964,33.7827684745816],[-118.250229591439,33.7828042355581],[-118.250360535038,33.7828952013728],[-118.25033162852,33.7829239465897],[-118.250374911863,33.7829540147395],[-118.250051267526,33.7832839562511]]]},"properties":{"Name":"East Wilmington Greenbelt Community Center","Type":"Community Center","AddrNumber":918,"Street":"STANFORD AVE"}},{"type":"Feature","geometry":{"type":"MultiPolygon","coordinates":[[[[-118.413746034138,33.9592546815162],[-118.41374431496,33.9589066473402],[-118.413992779797,33.9589057948712],[-118.413993621067,33.9590760017054],[-118.414073187743,33.9591366990672],[-118.414000314994,33.9591966493938],[-118.414013929118,33.9592081395457],[-118.413969589077,33.9592446170581],[-118.413947366035,33.9592258603633],[-118.413875496232,33.95923264306],[-118.413855786033,33.9592543050267],[-118.413746034138,33.9592546815162]]],[[[-118.413783917018,33.9595174863432],[-118.413779850913,33.9593091531508],[-118.414189858844,33.9593035963064],[-118.414191080433,33.9593661934395],[-118.414215989641,33.9593658563819],[-118.414218103872,33.9594741868601],[-118.414160159743,33.9594749727117],[-118.414160409641,33.9595123835376],[-118.413783917018,33.9595174863432]]]]},"properties":{"Name":"Westchester Recreation Center","Type":"Recreation Center","AddrNumber":7000,"Street":"W Manchester Ave"}},{"type":"Feature","geometry":{"type":"Polygon","coordinates":[[[-118.463876981439,33.9949068205727],[-118.463749301963,33.9947793782051],[-118.463738867525,33.9947685521131],[-118.463615003379,33.9948525245],[-118.463632674546,33.994869806633],[-118.463577541354,33.9949052602998],[-118.463467147369,33.9947990680049],[-118.463474567837,33.9947945291319],[-118.463447193102,33.9947588289389],[-118.463513968645,33.9947097760521],[-118.463467774195,33.9946676994742],[-118.463717290732,33.9944992918285],[-118.463771088473,33.9945577208652],[-118.463787264596,33.9945452544929],[-118.463858046189,33.9946148937043],[-118.463868159021,33.994607526263],[-118.463894716611,33.9946361777028],[-118.463883924194,33.9946429842999],[-118.463916607583,33.9946778147416],[-118.463907842513,33.9946840500885],[-118.463956858269,33.9947346035948],[-118.46398602014,33.9947318175272],[-118.464052781938,33.9947977081773],[-118.464027057444,33.9948211595295],[-118.463918574768,33.9948947324893],[-118.463906252852,33.9948858970423],[-118.463876981439,33.9949068205727]]]},"properties":{"Name":"Oakwood Community Center","Type":"Community Center","AddrNumber":767,"Street":"CALIFORNIA AVE"}},{"type":"Feature","geometry":{"type":"Polygon","coordinates":[[[-118.351457841672,34.0225888491839],[-118.350955708813,34.022591238601],[-118.350951915079,34.0222186665248],[-118.351458520303,34.0222190507301],[-118.351457841672,34.0225888491839]]]},"properties":{"Name":"Rancho Cienega Recreation Center","Type":"Recreation Center","AddrNumber":5001,"Street":"OBAMA BLVD"}},{"type":"Feature","geometry":{"type":"Polygon","coordinates":[[[-118.223851159919,34.071747437478],[-118.223845361379,34.071702742234],[-118.223755526495,34.0717152641518],[-118.223728617347,34.0716420385084],[-118.223692338151,34.0714739414366],[-118.22371812197,34.0714691227865],[-118.223737966467,34.0713867934379],[-118.223759320753,34.0713330848784],[-118.223747702621,34.0712758592221],[-118.223811126029,34.0712669418852],[-118.223802093058,34.0712495194186],[-118.224044199607,34.0712156779161],[-118.224155105304,34.0717866493454],[-118.2241226934,34.0717894248978],[-118.223999660205,34.0717703982304],[-118.223851159919,34.071747437478]]]},"properties":{"Name":"Downey Recreation Center Pool","Type":"Swimming Complex","AddrNumber":1775,"Street":"N Spring St"}},{"type":"Feature","geometry":{"type":"Polygon","coordinates":[[[-118.301312433884,33.7109592973079],[-118.301336442045,33.7108785627632],[-118.30137892068,33.7108874136422],[-118.301354912461,33.7109681211507],[-118.301312433884,33.7109592973079]]]},"properties":{"Name":"Point Fermin Park","Type":"Restrooms","AddrNumber":807,"Street":"W Paseo Del Mar"}},{"type":"Feature","geometry":{"type":"Polygon","coordinates":[[[-118.207000355664,34.027399931731],[-118.206881625228,34.0273493278284],[-118.206906450508,34.0273092123612],[-118.206850524052,34.0272842628442],[-118.206931012141,34.0271624745154],[-118.206964569314,34.0271781603778],[-118.20699110932,34.0271366103273],[-118.207097806688,34.0271872347635],[-118.207001934202,34.0273433969021],[-118.207032902757,34.0273547932059],[-118.207000355664,34.027399931731]]]},"properties":{"Name":"Ramon Garcia Preschool","Type":"Preschool","AddrNumber":1016,"Street":"S Fresno St"}},{"type":"Feature","geometry":{"type":"Polygon","coordinates":[[[-118.384808784358,34.049674906443],[-118.384569840949,34.0496517273919],[-118.384582390073,34.0495620938965],[-118.384600447496,34.0495638457657],[-118.384619361834,34.0494287528863],[-118.38460222654,34.0494270900397],[-118.384616200696,34.0493272781939],[-118.384731779812,34.0493384902194],[-118.384734003952,34.0493226044181],[-118.384841627643,34.0493330438267],[-118.384834154143,34.0493864249232],[-118.384866241361,34.0493895375325],[-118.384835776928,34.0496071431817],[-118.384816103913,34.0496052351216],[-118.384808784358,34.049674906443]]]},"properties":{"Name":"Robertson Recreation Center","Type":"Recreation Center","AddrNumber":1641,"Street":"PREUSS ROAD"}},{"type":"Feature","geometry":{"type":"Polygon","coordinates":[[[-118.213776541835,34.0324524866025],[-118.213703916659,34.0324211319948],[-118.213707756205,34.0324134144256],[-118.213700028973,34.0324095731672],[-118.213897596824,34.0321078784076],[-118.213905326763,34.0321123624383],[-118.21391531488,34.0320949966298],[-118.213967087,34.0321206056636],[-118.21395709232,34.0321354012304],[-118.213983361141,34.0321469203847],[-118.213858049865,34.0323360450822],[-118.213850322633,34.0323322038335],[-118.213800356096,34.032409395548],[-118.213812713548,34.0324132286003],[-118.213790421,34.0324479643014],[-118.213782693761,34.0324441230483],[-118.213776540193,34.0324518438156],[-118.213776541835,34.0324524866025]]]},"properties":{"Name":"Boyle Heights Sports Center","Type":"Recreation Center","AddrNumber":933,"Street":"S Mott St"}},{"type":"Feature","geometry":{"type":"Polygon","coordinates":[[[-118.225407471828,34.0894565785566],[-118.225386395216,34.0896146445484],[-118.22519206897,34.0895967085341],[-118.225179853354,34.0896883250527],[-118.225053441271,34.0896766576789],[-118.225063487068,34.0896013187522],[-118.225009796243,34.0895963638731],[-118.225035052053,34.089406961961],[-118.225202533006,34.0894224212777],[-118.225201525034,34.0894299770851],[-118.225407471828,34.0894565785566]]]},"properties":{"Name":"Cypress Recreation Center","Type":"Recreation Center","AddrNumber":2630,"Street":"PEPPER AVE"}},{"type":"Feature","geometry":{"type":"Polygon","coordinates":[[[-118.222287747986,34.0467680690886],[-118.222322067967,34.0464195134447],[-118.222615264825,34.0464404405019],[-118.222583513317,34.0467846984149],[-118.222287747986,34.0467680690886]]]},"properties":{"Name":"Pecan Recreation Center","Type":"Recreation Center","AddrNumber":145,"Street":"S Pecan St"}},{"type":"Feature","geometry":{"type":"Polygon","coordinates":[[[-118.485928676078,34.1666558379388],[-118.48601233504,34.1666562031352],[-118.486012590072,34.1667000467563],[-118.486084769181,34.1666997566416],[-118.48608507735,34.1667527272508],[-118.486069632002,34.1667527893349],[-118.486069706308,34.1667655620699],[-118.486075753636,34.1667673624814],[-118.486079613757,34.1667705402237],[-118.486080756457,34.1667782906866],[-118.486112591707,34.1667790750759],[-118.486114837438,34.166836971129],[-118.486079056312,34.1668363567646],[-118.486069656423,34.1668513231665],[-118.486069730724,34.1668640950001],[-118.486091133638,34.1668640089683],[-118.486091744033,34.1669689269616],[-118.48600393818,34.1669692798841],[-118.485989982314,34.166980593515],[-118.485988533456,34.1669804352573],[-118.485987072758,34.1669804789923],[-118.485985640343,34.1669807236573],[-118.485984277379,34.166981160973],[-118.485983019598,34.1669817808788],[-118.485981903771,34.1669825651962],[-118.485980959055,34.1669834921708],[-118.485980021464,34.1669830334482],[-118.485979009761,34.1669826994362],[-118.485977948934,34.1669824972465],[-118.485976863958,34.1669824321881],[-118.48597577979,34.1669825059638],[-118.485974721363,34.1669827166702],[-118.485973713593,34.1669830587981],[-118.485972781382,34.1669835250349],[-118.48597087663,34.1669829313617],[-118.485968883368,34.166982597688],[-118.48596685045,34.1669825319313],[-118.485964832126,34.1669827374798],[-118.485962878242,34.1669832069208],[-118.485961082512,34.1669823369377],[-118.485959143965,34.1669817136493],[-118.485957110428,34.1669813548941],[-118.485955034006,34.1669812685765],[-118.485952967861,34.1669814571877],[-118.485944350116,34.1669783670771],[-118.485936477274,34.1669741209015],[-118.485929570206,34.1669688385801],[-118.485923825015,34.1669626707839],[-118.48591940322,34.1669557890583],[-118.485916429605,34.1669483894382],[-118.485914988897,34.1669406807405],[-118.48591512141,34.1669328809764],[-118.485916822989,34.1669252083354],[-118.485920046101,34.166917882083],[-118.485924699749,34.1669111072346],[-118.485930652731,34.1669050763453],[-118.485937735745,34.1668999577821],[-118.485945750078,34.1668958983928],[-118.485943708967,34.1668882696408],[-118.485944433245,34.1668807704164],[-118.485948927731,34.1668755351371],[-118.485954737568,34.1668710004785],[-118.485961615358,34.1668660287882],[-118.485969281588,34.166864403154],[-118.485980023487,34.1668640408395],[-118.48600534852,34.1668636199152],[-118.486001030208,34.166851221247],[-118.485996077332,34.1668470138264],[-118.485994671071,34.1668420582976],[-118.485993722444,34.1668367186762],[-118.485987746311,34.1668355977365],[-118.485983838479,34.166834659611],[-118.485979910665,34.1668302857927],[-118.485979885139,34.1668258971935],[-118.485975728507,34.1668217154214],[-118.485970878739,34.166816773731],[-118.485968776007,34.166810484917],[-118.485968969336,34.1668043780025],[-118.485970997704,34.1667978814602],[-118.485973943595,34.1667911910053],[-118.485978493509,34.1667841118507],[-118.485985821516,34.1667808386561],[-118.485990863499,34.1667794823092],[-118.485997520559,34.1667792644283],[-118.485995772306,34.1667759276386],[-118.48600038601,34.1667712382122],[-118.486003517382,34.1667660426678],[-118.486006392806,34.1667545103183],[-118.486004114186,34.1667485629944],[-118.486002655714,34.1667445137243],[-118.486001184756,34.1667383179352],[-118.48599486038,34.1667364347901],[-118.485987667619,34.166733124389],[-118.485983624315,34.1667288465984],[-118.485980162777,34.16672576011],[-118.485979279128,34.1667217085295],[-118.485928483835,34.1667214357396],[-118.485928676078,34.1666558379388]]]},"properties":{"Name":"Hjelte Sports Center / Sepulveda Basin Recreation Area","Type":"Baseball Complex","AddrNumber":16200,"Street":"BURBANK BLVD"}},{"type":"Feature","geometry":{"type":"Polygon","coordinates":[[[-118.412797471728,34.2761134213777],[-118.412840494786,34.2761085100713],[-118.412895002688,34.276104750519],[-118.412939478019,34.276103407921],[-118.413002625148,34.2761055744162],[-118.413047118168,34.2761078054142],[-118.413090200174,34.2761148049355],[-118.413090300423,34.2761350549357],[-118.41313188298,34.2761289575087],[-118.413160828087,34.2761788877851],[-118.413418991122,34.2761541825844],[-118.413496864238,34.2762325343838],[-118.413126548885,34.2765006211447],[-118.412753142606,34.2761445430215],[-118.412797471728,34.2761134213777]]]},"properties":{"Name":"Alicia Broadous-Duncan Multi-Purpose Senior Center","Type":"Multipurpose Center","AddrNumber":11300,"Street":"N Glenoaks Blvd"}},{"type":"Feature","geometry":{"type":"Polygon","coordinates":[[[-118.603834499965,34.1767995111],[-118.603833681639,34.1769067541882],[-118.603656865576,34.1769058220548],[-118.603642764276,34.1769394813707],[-118.603515323724,34.1769387930168],[-118.603499184588,34.1769097472781],[-118.603319197852,34.176911969659],[-118.603317257728,34.1768034367015],[-118.603372705342,34.176821674252],[-118.603383779491,34.1768110276299],[-118.603407663544,34.1768095849968],[-118.603421931904,34.1768002459051],[-118.603448953879,34.1767921675487],[-118.603488670994,34.17677740578],[-118.603528455047,34.1767719115659],[-118.603576231602,34.1767703496664],[-118.60363523531,34.1767793221829],[-118.603692656279,34.1767896278451],[-118.603724580664,34.1767987354858],[-118.603738993584,34.1768092549096],[-118.603766072938,34.1768091197254],[-118.60376775138,34.1768210270913],[-118.603834499965,34.1767995111]]]},"properties":{"Name":"Lou Bredlow Pavilion","Type":"Pavillion","AddrNumber":5800,"Street":"TOPANGA CANYON BLVD"}},{"type":"Feature","geometry":{"type":"MultiPolygon","coordinates":[[[[-118.381299795922,34.165720323911],[-118.381299409519,34.1656356518739],[-118.381381614785,34.1656353926388],[-118.38138130967,34.1655685473378],[-118.381347355396,34.1655686544197],[-118.38134681979,34.1654513021374],[-118.381395070648,34.1654511499654],[-118.381394227828,34.1654622938178],[-118.381456775324,34.1654620965292],[-118.381457582353,34.165638867357],[-118.381453113968,34.1656388814523],[-118.381453330981,34.1656864161088],[-118.381333597718,34.1656867937411],[-118.381333750258,34.1657202168424],[-118.381299795922,34.165720323911]]],[[[-118.381389247927,34.1657415813424],[-118.381388583269,34.1657245146388],[-118.381453469828,34.1657227683471],[-118.381454049696,34.1657376517952],[-118.381464278166,34.1657373770162],[-118.381466948081,34.1658059629377],[-118.381467091821,34.1658096524752],[-118.381358768868,34.1658125671234],[-118.381357978007,34.1657424228273],[-118.381389247927,34.1657415813424]]]]},"properties":{"Name":"North Hollywood Park Maintenance","Type":"Maintenance Buildings","AddrNumber":11456,"Street":"W Magnolia Blvd"}},{"type":"Feature","geometry":{"type":"Polygon","coordinates":[[[-118.481688339637,34.1758680983111],[-118.480615587433,34.1745358426078],[-118.481080447953,34.1742678468242],[-118.48104664032,34.1732323199482],[-118.481031852676,34.1730819476518],[-118.481121778734,34.1729832309152],[-118.48134446233,34.1729707726225],[-118.48145593747,34.1729876862485],[-118.481992741513,34.1727952480233],[-118.483560220692,34.1734952398177],[-118.483449521808,34.1758610709171],[-118.481688339637,34.1758680983111]]]},"properties":{"Name":"Apollo Field / Model Airplane RC","Type":"Apollo Field","AddrNumber":6201,"Street":"WOODLEY AVE"}},{"type":"Feature","geometry":{"type":"Polygon","coordinates":[[[-118.374877061073,34.2489133995773],[-118.374968988784,34.2489996146013],[-118.374976551467,34.2489940539347],[-118.375044234323,34.2490575315165],[-118.375036197686,34.2490634407476],[-118.375064452688,34.2490899395242],[-118.374913495254,34.2492009319848],[-118.374879163194,34.2491687335455],[-118.374869490416,34.2491758450734],[-118.374852419246,34.2491598343563],[-118.374862683928,34.2491522882591],[-118.374817749214,34.2491101453284],[-118.374891081103,34.249056227209],[-118.374797601979,34.2489685555383],[-118.374877061073,34.2489133995773]]]},"properties":{"Name":"Stonehurst Recreation Center/Preschool","Type":"Recreation Center","AddrNumber":9901,"Street":"DRONFIELD AVE"}},{"type":"Feature","geometry":{"type":"MultiPolygon","coordinates":[[[[-118.28820300762,34.1331588801274],[-118.288277247429,34.1331341768776],[-118.288316401012,34.1332063251923],[-118.288238337399,34.1332323006327],[-118.28820300762,34.1331588801274]]],[[[-118.288557785315,34.1334161879083],[-118.288571266069,34.1333864673215],[-118.288683006099,34.1334215117892],[-118.288672037915,34.1334520197379],[-118.288557785315,34.1334161879083]]],[[[-118.288415654973,34.1333759788301],[-118.288432255474,34.1333473732248],[-118.288521697285,34.1333832643947],[-118.288504677746,34.1334117024257],[-118.288415654973,34.1333759788301]]],[[[-118.288766752209,34.1335042366308],[-118.288783616679,34.1334930678108],[-118.288846083589,34.1335599187413],[-118.288816378478,34.1335795890611],[-118.288769800993,34.1335309517076],[-118.288783590251,34.1335218195862],[-118.288766752209,34.1335042366308]]],[[[-118.288548559893,34.1335015076378],[-118.288558137692,34.1334790050323],[-118.288613886831,34.1334965158539],[-118.288589275602,34.133554342187],[-118.288553247209,34.1335437396125],[-118.288568699016,34.133507434928],[-118.288548559893,34.1335015076378]]]]},"properties":{"Name":"Old LA Abandoned Zoo","Type":"Old Zoo","AddrNumber":4801,"Street":"GRIFFITH PARK DR"}},{"type":"Feature","geometry":{"type":"Polygon","coordinates":[[[-118.409043118561,34.0469363516804],[-118.408992962734,34.0469646395295],[-118.408956986961,34.0469204410321],[-118.408948894068,34.0469250049619],[-118.408877995182,34.0468379025763],[-118.408883877185,34.046834584846],[-118.408850143879,34.0467931419277],[-118.408903217964,34.0467632070693],[-118.40893650238,34.0468040988522],[-118.408946674374,34.0467983621981],[-118.409017588558,34.0468854843253],[-118.409007579649,34.0468911293781],[-118.409043118561,34.0469363516804]]]},"properties":{"Name":"Cheviot Hills Team Building","Type":"Recreation Center","AddrNumber":2551,"Street":"MOTOR AVE"}},{"type":"Feature","geometry":{"type":"Polygon","coordinates":[[[-118.317893428424,33.9904474229917],[-118.31828674382,33.9904510886083],[-118.318287438346,33.9904951363687],[-118.318428798676,33.9904935887453],[-118.31843113877,33.9906418966595],[-118.31846421266,33.9906415344146],[-118.318465825729,33.9907438022765],[-118.318431931445,33.9907441738989],[-118.318435092892,33.9909445249001],[-118.318283556348,33.9909461841131],[-118.318283166939,33.9909214724356],[-118.317900970639,33.9909256550679],[-118.317893428424,33.9904474229917]]]},"properties":{"Name":"Van Ness Pool","Type":"Swimming Complex","AddrNumber":5720,"Street":"2ND AVE"}},{"type":"Feature","geometry":{"type":"Polygon","coordinates":[[[-118.354843992595,34.1043554908245],[-118.354676970231,34.1043577707234],[-118.354549367664,34.1043581451895],[-118.35454933732,34.104350988895],[-118.354522813241,34.1043510667164],[-118.354522638783,34.1043099202766],[-118.354501850003,34.1043099812666],[-118.354502054791,34.104358284001],[-118.354403127578,34.1043585741841],[-118.354402819219,34.1042858221289],[-118.354490276863,34.1042855655935],[-118.354490168157,34.1042599244586],[-118.354518126026,34.1042598424378],[-118.354518088101,34.1042508975204],[-118.354547479788,34.1042508112861],[-118.354547396347,34.1042311328285],[-118.354561016009,34.1042310928665],[-118.354560990721,34.1042251292877],[-118.354595400226,34.1042250283184],[-118.354595425516,34.1042309918972],[-118.354614064089,34.104230937201],[-118.354614114669,34.104242863457],[-118.354721644663,34.1042425478473],[-118.354721586477,34.104228832067],[-118.354739508681,34.1042287794545],[-118.354739483385,34.1042228167773],[-118.354771025249,34.1042227241764],[-118.354771055608,34.1042298795693],[-118.354786826542,34.1042298332658],[-118.354786851846,34.1042357968445],[-118.354843483936,34.1042356305554],[-118.354843628182,34.1042696207002],[-118.35492248397,34.1042693891114],[-118.354922681405,34.1043159023206],[-118.354843825574,34.1043161339095],[-118.354843992595,34.1043554908245]]]},"properties":{"Name":"Wattles Mansion and Gardens","Type":"Mansion / Gardens","AddrNumber":1825,"Street":"N Curson Ave"}},{"type":"Feature","geometry":{"type":"Polygon","coordinates":[[[-118.282619224412,33.7871435057749],[-118.282242948847,33.7871825521608],[-118.282231982857,33.7871197191959],[-118.282128506528,33.7871300640626],[-118.282120259196,33.7870762046561],[-118.282108164176,33.7870773562813],[-118.282083393166,33.7869067981871],[-118.282052486003,33.7869102386451],[-118.282038684714,33.7868036358945],[-118.282178430498,33.7867853485357],[-118.282170154061,33.7867225101658],[-118.282558522554,33.7866823123406],[-118.282619224412,33.7871435057749]]]},"properties":{"Name":"Harbor Park Pool","Type":"Swimming Complex","AddrNumber":1221,"Street":"N Figueroa Pl"}},{"type":"Feature","geometry":{"type":"MultiPolygon","coordinates":[[[[-118.619952151059,34.1946154794051],[-118.619950701917,34.1945713849122],[-118.619818917301,34.19457437451],[-118.619819800292,34.1946012532419],[-118.619746386627,34.1946029185986],[-118.619744741155,34.1945528208008],[-118.619734615817,34.194553051182],[-118.619730938435,34.1944411293297],[-118.619814679057,34.1944392298569],[-118.619814900488,34.1944459686943],[-118.620009479526,34.1944415555722],[-118.620013018862,34.1945493003526],[-118.620217608484,34.1945446597853],[-118.620215857543,34.1944913548258],[-118.6202987933,34.1944894735696],[-118.620299743227,34.1946075940133],[-118.619952151059,34.1946154794051]]],[[[-118.620300335856,34.1946109862038],[-118.620338064409,34.1946101111599],[-118.620339235599,34.1946507911095],[-118.620301702287,34.1946516615463],[-118.620300335856,34.1946109862038]]]]},"properties":{"Name":"Shadow Ranch Recreation Center / Historic Ranch House","Type":"Historic Houses","AddrNumber":22633,"Street":"VANOWEN ST"}},{"type":"Feature","geometry":{"type":"Polygon","coordinates":[[[-118.283777339795,34.1328543153632],[-118.283751787955,34.1328525172856],[-118.283727001015,34.1328470562796],[-118.283703729774,34.1328380991702],[-118.283682683102,34.1328259174594],[-118.283664499739,34.1328108819828],[-118.283649731978,34.1327934494248],[-118.283638829368,34.1327741488334],[-118.283632122396,34.1327535681356],[-118.28362981591,34.1327323307128],[-118.283631978233,34.1327110828044],[-118.283638545422,34.1326904709597],[-118.283649316858,34.13267111951],[-118.283663966043,34.1326536179216],[-118.283682047028,34.1326384973416],[-118.283703010625,34.1326262170364],[-118.28372622063,34.132617150831],[-118.28375097003,34.1326115735484],[-118.283776509181,34.1326096555345],[-118.283802060948,34.1326114536069],[-118.283826847823,34.1326169145975],[-118.283850119016,34.1326258716831],[-118.283871165661,34.1326380533648],[-118.283889349024,34.1326530888102],[-118.28390411681,34.1326705213389],[-118.283915019468,34.1326898219063],[-118.283921726505,34.1327104025883],[-118.283924033064,34.1327316400055],[-118.283921870815,34.1327528879192],[-118.283915303691,34.1327734997793],[-118.283904532303,34.1327928512528],[-118.283889883144,34.1328103528703],[-118.28387180216,34.1328254734815],[-118.283850838537,34.1328377538161],[-118.283827628485,34.1328468200455],[-118.28380287902,34.1328523973437],[-118.283777339795,34.1328543153632]]]},"properties":{"Name":"Griffith Merry-Go-Round","Type":"Merry-Go-Round","AddrNumber":4730,"Street":"CRYSTAL SPRINGS DR"}},{"type":"Feature","geometry":{"type":"Polygon","coordinates":[[[-118.46876484248,34.061429678924],[-118.468723759173,34.0612315623235],[-118.46895894603,34.0611977801821],[-118.468974325469,34.0612719467539],[-118.469023965483,34.061264815756],[-118.469055176527,34.0614153261426],[-118.469037885885,34.0614178094139],[-118.469051606553,34.0614839731593],[-118.469037277226,34.0614860311239],[-118.469040538181,34.0615017584039],[-118.468979384987,34.0615105424583],[-118.468975438236,34.0614915082954],[-118.468823940645,34.0615132690825],[-118.468805942778,34.0614264749017],[-118.46876484248,34.061429678924]]]},"properties":{"Name":"Barrington Recreation Center","Type":"Recreation Center","AddrNumber":333,"Street":"S Barrington Ave"}},{"type":"Feature","geometry":{"type":"Polygon","coordinates":[[[-118.269533452348,33.7750752020145],[-118.269349023047,33.7750846155138],[-118.2693571118,33.7751410949258],[-118.269232542033,33.7751545428522],[-118.269224452295,33.7750940282839],[-118.26905620175,33.775106131307],[-118.268886332756,33.7745924331357],[-118.268798971443,33.7746126038743],[-118.268735877414,33.774436439539],[-118.268954280196,33.7743853383614],[-118.269098264756,33.774831800323],[-118.269502714089,33.77481162931],[-118.26950918471,33.7748815565228],[-118.269352258828,33.7748909697455],[-118.269357112124,33.7749972061197],[-118.269530217028,33.7749877927238],[-118.269533452348,33.7750752020145]]]},"properties":{"Name":"Harbor Community Teen Center","Type":"Teen Center","AddrNumber":612,"Street":"W E St"}},{"type":"Feature","geometry":{"type":"MultiPolygon","coordinates":[[[[-118.241058432299,34.064276655439],[-118.240954502738,34.0644602602566],[-118.240711915543,34.0643751445528],[-118.240808823663,34.0641877044098],[-118.240824600834,34.0641924438519],[-118.240897253826,34.0640420246628],[-118.240974717838,34.0640693010021],[-118.240987556576,34.0640490008685],[-118.240931605699,34.0640276443475],[-118.240965786877,34.0639536317312],[-118.240898364132,34.0639299135337],[-118.240904034846,34.0639084340793],[-118.240958198674,34.063806950741],[-118.241019880855,34.0638282958124],[-118.241139593952,34.0635978745098],[-118.241415022883,34.0636963150414],[-118.241278194077,34.0639542007768],[-118.241253797484,34.0639423231644],[-118.241198197353,34.0640426167798],[-118.241189578992,34.0640354785433],[-118.241079811456,34.0642360628301],[-118.241064023953,34.0642277461693],[-118.241044077931,34.0642683359152],[-118.241058432299,34.064276655439]]],[[[-118.240958651479,34.0644617160654],[-118.240954348615,34.0644605319247],[-118.240954502738,34.0644602602566],[-118.240958651479,34.0644617160654]]]]},"properties":{"Name":"Alpine Recreation Center","Type":"Recreation Center","AddrNumber":817,"Street":"N Yale St"}},{"type":"Feature","geometry":{"type":"Polygon","coordinates":[[[-118.222351750096,34.0472532517031],[-118.22237794699,34.0469384110591],[-118.222479295405,34.0469467501418],[-118.222483770074,34.0469180813791],[-118.222574456566,34.0469253987587],[-118.222826039891,34.0469418943552],[-118.222823300039,34.0469708511237],[-118.222778795911,34.0469679329463],[-118.222768398497,34.0470845667498],[-118.222799781951,34.0470867509538],[-118.222790868784,34.0471754968174],[-118.22276048079,34.0471733819955],[-118.222750169569,34.0472890519046],[-118.222627121888,34.0472814508387],[-118.222628215625,34.0472691907278],[-118.222351750096,34.0472532517031]]]},"properties":{"Name":"Pecan Pool","Type":"Swimming Complex","AddrNumber":120,"Street":"S Gless St"}},{"type":"Feature","geometry":{"type":"Polygon","coordinates":[[[-118.319786276429,33.7302324069065],[-118.319773145472,33.7302182025573],[-118.319710834871,33.7302547231102],[-118.319471499991,33.729973926558],[-118.319695549778,33.7298418416397],[-118.319935184163,33.7301229903347],[-118.319915281251,33.7301347231463],[-118.319927551951,33.7301491199848],[-118.319786276429,33.7302324069065]]]},"properties":{"Name":"Martin J Bogdanovich Recreation Center","Type":"Recreation Center","AddrNumber":1920,"Street":"CUMBRE DR"}},{"type":"Feature","geometry":{"type":"Polygon","coordinates":[[[-118.189990081987,34.0858377805589],[-118.189864089066,34.0858379786297],[-118.189863769244,34.0856970969994],[-118.189906434267,34.0856970299413],[-118.18990634233,34.0856565405592],[-118.190196990075,34.0856560833375],[-118.190197402537,34.0858374543488],[-118.190108741574,34.0858375938966],[-118.19010866971,34.085805978245],[-118.189990010168,34.0858061649072],[-118.189990081987,34.0858377805589]]]},"properties":{"Name":"Rose Hill Recreation Center","Type":"Recreation Center","AddrNumber":4530,"Street":"MERCURY AVE"}},{"type":"Feature","geometry":{"type":"Polygon","coordinates":[[[-118.40660304663,33.9936253751426],[-118.406555558386,33.9936763707067],[-118.406545066734,33.9936695913737],[-118.406503453208,33.9937143014807],[-118.406511991612,33.9937198234496],[-118.40646401022,33.9937713705732],[-118.406423271589,33.9937450460219],[-118.406425372278,33.9937427851178],[-118.406389100522,33.9937193583602],[-118.406378959809,33.9937302469509],[-118.406318960938,33.9936914559304],[-118.406328149813,33.993681588379],[-118.406289463405,33.9936566028598],[-118.406334557365,33.993608225397],[-118.406305864223,33.9935896918537],[-118.406396281074,33.9934926350166],[-118.406424575653,33.9935108949134],[-118.40643327362,33.9935015780401],[-118.406532422308,33.9935656269612],[-118.406509777378,33.9935899120749],[-118.406547008013,33.9936139954869],[-118.406561448151,33.993598503601],[-118.40660304663,33.9936253751426]]]},"properties":{"Name":"Mar Vista Family Center","Type":"Recreation Center","AddrNumber":11430,"Street":"Woodbine Ave"}},{"type":"Feature","geometry":{"type":"Polygon","coordinates":[[[-118.31909637468,33.9905964170867],[-118.318859299477,33.9905959871548],[-118.318860115642,33.9902833952531],[-118.318940492217,33.9902835407518],[-118.318940508935,33.9902768486603],[-118.319092611182,33.9902771245084],[-118.319092472854,33.990330285316],[-118.31914101984,33.9903303733025],[-118.319140472581,33.9905403137363],[-118.319096148655,33.9905402335144],[-118.31909637468,33.9905964170867]]]},"properties":{"Name":"Van Ness Recreation Center","Type":"Recreation Center","AddrNumber":5720,"Street":"2ND AVE"}},{"type":"Feature","geometry":{"type":"Polygon","coordinates":[[[-118.444760970411,34.3078273937026],[-118.444842003995,34.3078912072371],[-118.444859458624,34.3078759450029],[-118.444986655222,34.3079761120177],[-118.444974868136,34.3079864193316],[-118.445044992994,34.3080416423774],[-118.445011010476,34.3080713566153],[-118.445035871414,34.3080909350423],[-118.445011079574,34.3081126134594],[-118.445060592007,34.3081516042933],[-118.444940799968,34.3083880652974],[-118.444808054987,34.3082859739897],[-118.444703945873,34.3083791885427],[-118.444643229296,34.3083324926742],[-118.444651100962,34.3083254453036],[-118.44461740398,34.3082995289613],[-118.444604295714,34.3083112655186],[-118.444494091497,34.3082265088525],[-118.444510033786,34.308212235797],[-118.444478653975,34.3081881022698],[-118.444461339554,34.3082036046449],[-118.444407228647,34.3081619889307],[-118.444760970411,34.3078273937026]]]},"properties":{"Name":"Sylmar Pool","Type":"Swimming Complex","AddrNumber":13109,"Street":"BORDEN AVE"}},{"type":"Feature","geometry":{"type":"Polygon","coordinates":[[[-118.511470722635,34.1859001487028],[-118.511355913272,34.1859006341349],[-118.511355446017,34.1858243052234],[-118.511470255275,34.1858238197916],[-118.511470722635,34.1859001487028]]]},"properties":{"Name":"Pedlow Field Skate Park","Type":"Skate Center","AddrNumber":17334,"Street":"VICTORY BLVD"}},{"type":"Feature","geometry":{"type":"Polygon","coordinates":[[[-118.373017714703,34.18705593961],[-118.373178579886,34.187055443412],[-118.373179644167,34.1872936721604],[-118.373018778526,34.1872941683597],[-118.373018824444,34.1873044511481],[-118.372913643675,34.1873047754686],[-118.372913590119,34.187292778882],[-118.372711477739,34.1872934018303],[-118.37271109538,34.1872077074183],[-118.372682222368,34.1872077963828],[-118.37268184769,34.1871238166703],[-118.372774653476,34.1871235306896],[-118.372774469915,34.1870823977325],[-118.373013704948,34.1870816602021],[-118.373017714703,34.18705593961]]]},"properties":{"Name":"Victory Vineland Recreation Center","Type":"Recreation Center","AddrNumber":11117,"Street":"VICTORY BLVD"}},{"type":"Feature","geometry":{"type":"Polygon","coordinates":[[[-118.45569801726,34.0063815538315],[-118.455846365134,34.0065881031259],[-118.45571139693,34.0066553353566],[-118.455720283568,34.0066677087189],[-118.455622856889,34.0067162401105],[-118.455612178096,34.0067013708468],[-118.455444288383,34.0067850033487],[-118.455349020622,34.0066523576364],[-118.455406014492,34.0066239669504],[-118.455369069787,34.0065725277605],[-118.455575711027,34.0064695923958],[-118.455560104124,34.0064478612192],[-118.45569801726,34.0063815538315]]]},"properties":{"Name":"Penmar Recreation Center","Type":"Recreation Center","AddrNumber":1341,"Street":"LAKE ST"}},{"type":"Feature","geometry":{"type":"Polygon","coordinates":[[[-118.267785253894,33.9557438370466],[-118.267782245329,33.955982775825],[-118.267361401161,33.9559790953391],[-118.26736219439,33.9559161238559],[-118.267289630149,33.9559154895254],[-118.267289422966,33.9559319301961],[-118.267204884506,33.9559400427996],[-118.267195262413,33.9558803308642],[-118.267172510518,33.9558442264974],[-118.267247919884,33.9558299127179],[-118.267232548369,33.9557419191592],[-118.267294771604,33.9557339208965],[-118.267345747884,33.9557479555597],[-118.267377876169,33.9557667478591],[-118.267375924198,33.9557463164152],[-118.267785253894,33.9557438370466]]]},"properties":{"Name":"Green Meadows Recreation Center","Type":"Recreation Center","AddrNumber":431,"Street":"E 89TH St"}},{"type":"Feature","geometry":{"type":"Polygon","coordinates":[[[-118.428370761922,34.0716071105205],[-118.428227226827,34.0717889039993],[-118.428192946531,34.0717701608781],[-118.428195796789,34.0717665509396],[-118.428149563936,34.0717412725679],[-118.428170242293,34.0717150817629],[-118.428139223413,34.0716981220245],[-118.428177167988,34.0716500645583],[-118.428242709387,34.0716859008737],[-118.428259887328,34.0716641454006],[-118.42819455453,34.0716284237518],[-118.428230278474,34.0715831788203],[-118.428256993019,34.0715977854602],[-118.428280173889,34.071568425879],[-118.428327550668,34.0715943303177],[-118.428333239317,34.0715871249009],[-118.428370761922,34.0716071105205]]]},"properties":{"Name":"Holmby Park Lawn Bowling Park","Type":"Recreation Center","AddrNumber":646,"Street":"COMSTOCK AVE"}},{"type":"Feature","geometry":{"type":"Polygon","coordinates":[[[-118.400518684739,34.1882826860273],[-118.400516500438,34.1884258123965],[-118.400476383872,34.1884402571369],[-118.400278363829,34.1884480680966],[-118.400275584745,34.188467160145],[-118.400180875307,34.1884698589891],[-118.400177616253,34.1883887692288],[-118.400189097263,34.1883887312446],[-118.400179446881,34.1881716980999],[-118.400254064536,34.1881690657418],[-118.400263257919,34.1882906870358],[-118.400518684739,34.1882826860273]]]},"properties":{"Name":"Victory Valley Childcare Center","Type":"Child Care Center","AddrNumber":6451,"Street":"ST CLAIR AVE"}},{"type":"Feature","geometry":{"type":"Polygon","coordinates":[[[-118.603824118712,34.2161832162942],[-118.603357164599,34.2161941861025],[-118.603345654613,34.2161847384866],[-118.603254116823,34.2161843312171],[-118.603250222814,34.2160772026707],[-118.603207577598,34.2160774152774],[-118.60320856104,34.2160696327286],[-118.603173196453,34.2160698090268],[-118.603171663753,34.2160015533311],[-118.603202867647,34.2160013977754],[-118.603201633445,34.2159746171635],[-118.603253639556,34.2159743578885],[-118.603252934167,34.2158767175533],[-118.603307830266,34.2158444722843],[-118.603297266314,34.2158220584057],[-118.603290900478,34.2158048083913],[-118.603289717273,34.2157849396868],[-118.60328751834,34.2157685334796],[-118.603296791863,34.2157563893822],[-118.603312331339,34.215747671474],[-118.603326893618,34.2157475988629],[-118.603342532972,34.2157527047746],[-118.603348822812,34.2157595864731],[-118.60335201252,34.2157690755778],[-118.603352068709,34.2157768520421],[-118.60336666113,34.2157811003909],[-118.603372789721,34.215765515439],[-118.60338623013,34.2157542151393],[-118.603400703914,34.2157420460028],[-118.603419376889,34.2157350398182],[-118.603448512847,34.2157366227773],[-118.603466245028,34.2157434474026],[-118.603477723738,34.2157485740479],[-118.60350466697,34.2157346144405],[-118.603516089483,34.2157319655193],[-118.603546227588,34.2157283586593],[-118.603562895172,34.2157317320496],[-118.60357644797,34.2157359846573],[-118.603587939185,34.215742840397],[-118.603596303121,34.2157488471525],[-118.603610796694,34.2157392698396],[-118.603640941041,34.215736526607],[-118.603667996679,34.2157381198917],[-118.603682646414,34.2157501446611],[-118.603692088546,34.2157613308277],[-118.603705697577,34.2157733598852],[-118.603713046893,34.2157828282264],[-118.603726549734,34.2157801689056],[-118.603727552954,34.2157749791029],[-118.603726437286,34.2157646159771],[-118.603735748229,34.2157576564562],[-118.603751300149,34.2157506657933],[-118.603767961501,34.2157531755044],[-118.603775298326,34.2157609156385],[-118.603779546444,34.2157729913985],[-118.603782803848,34.2157919860663],[-118.603777747268,34.2158118850018],[-118.603764363131,34.2158309618092],[-118.603751981129,34.2158448497191],[-118.603826073741,34.2158781798165],[-118.603824118712,34.2161832162942]]]},"properties":{"Name":"Lanark Pool","Type":"Swimming Complex","AddrNumber":21817,"Street":"STRATHERN ST"}},{"type":"Feature","geometry":{"type":"Polygon","coordinates":[[[-118.458563083238,34.229978949703],[-118.458561648476,34.2301750157718],[-118.458394666284,34.2301766914644],[-118.458393582254,34.2302079817166],[-118.458133682303,34.2302089658844],[-118.45813356785,34.2301881082862],[-118.458104690929,34.2301882176005],[-118.458104570765,34.2301663178435],[-118.458081970686,34.2301664033919],[-118.458081718923,34.2301205177574],[-118.458044052508,34.2301206603272],[-118.458043394548,34.2300007318411],[-118.458117471472,34.2300004514441],[-118.458117282639,34.229966037669],[-118.458158716379,34.2299658808137],[-118.458158619092,34.229948152396],[-118.458292962327,34.2299476437165],[-118.458293111163,34.2299747578729],[-118.458563083238,34.229978949703]]]},"properties":{"Name":"Sepulveda Recreation Center","Type":"Basketball Complex","AddrNumber":8825,"Street":"KESTER AVE"}},{"type":"Feature","geometry":{"type":"Polygon","coordinates":[[[-118.292901941493,33.7055885666084],[-118.292754579669,33.7056033962758],[-118.292758923576,33.7056449457427],[-118.292704488463,33.7056496704761],[-118.292694297065,33.7055684214694],[-118.292734747573,33.705564910843],[-118.292725222931,33.705488976361],[-118.292887680384,33.70547487444],[-118.292901941493,33.7055885666084]]]},"properties":{"Name":"American Cetacean Society","Type":"Aquarium","AddrNumber":745,"Street":"W Paseo Del Mar"}},{"type":"Feature","geometry":{"type":"MultiPolygon","coordinates":[[[[-118.258796078224,33.7901536831689],[-118.258788937346,33.7900501583382],[-118.258704164998,33.7900541971937],[-118.25870051778,33.7900013260846],[-118.258679476114,33.7900023287018],[-118.258675028715,33.7899378550803],[-118.25869362193,33.7899369695123],[-118.258690199617,33.7898873523699],[-118.258773785365,33.7898833701652],[-118.258770839968,33.7898406683817],[-118.258959356332,33.7898316869647],[-118.258982992142,33.790144778183],[-118.258796078224,33.7901536831689]]],[[[-118.258836048004,33.7907259927578],[-118.258835624116,33.7907191349835],[-118.258709315143,33.7907245829473],[-118.258698001785,33.7905420867108],[-118.258988877315,33.7905295406525],[-118.259000593611,33.7907188946814],[-118.258836048004,33.7907259927578]]],[[[-118.25919845322,33.7901982734436],[-118.259394856786,33.7901952874336],[-118.259395627863,33.7902306222452],[-118.259378761276,33.7902308785538],[-118.259380157665,33.7902949133806],[-118.259241434142,33.7902970224135],[-118.259241391319,33.7902950436921],[-118.259200532519,33.7902936387689],[-118.25919845322,33.7901982734436]]],[[[-118.259125908885,33.7903464971577],[-118.259171253865,33.7903433290068],[-118.259198280853,33.7903627163837],[-118.259198385159,33.7903964903164],[-118.259175162087,33.7904180332049],[-118.259134716893,33.7904201675972],[-118.259106458104,33.7903987355286],[-118.259102692126,33.7903700864453],[-118.259125908885,33.7903464971577]]],[[[-118.259021290483,33.7901425646202],[-118.259087272304,33.7901398398149],[-118.259091150928,33.7902053333535],[-118.259025170136,33.7902080581586],[-118.259021290483,33.7901425646202]]]]},"properties":{"Name":"Banning Residence Museum","Type":"Historic Houses","AddrNumber":3601,"Street":"E M St"}},{"type":"Feature","geometry":{"type":"Polygon","coordinates":[[[-118.258966162416,34.0683352870645],[-118.259105082963,34.0683979610799],[-118.259093614325,34.0684155673389],[-118.25911469033,34.0684250756521],[-118.259085428406,34.0684699940972],[-118.259106906894,34.0684796836577],[-118.259091731445,34.0685029802182],[-118.259154776126,34.068524753074],[-118.259152533021,34.0685409782326],[-118.259145701327,34.0685562585147],[-118.259140007984,34.0685686739932],[-118.259134319468,34.0685829980022],[-118.259128627995,34.0685963681976],[-118.259121775605,34.068604969981],[-118.25907812852,34.0685793023596],[-118.259055305652,34.0686136996423],[-118.258938199283,34.06856147443],[-118.258939319922,34.0685528849447],[-118.258788912888,34.0684835559054],[-118.258793477852,34.0684768675831],[-118.258795744641,34.0684682756436],[-118.258793418817,34.0684577850029],[-118.258779625441,34.0684463651116],[-118.258878026647,34.0683822284914],[-118.258898707857,34.068396495969],[-118.258935242499,34.0683468027965],[-118.258947886793,34.0683572713137],[-118.258966162416,34.0683352870645]]]},"properties":{"Name":"Echo Park Youth Center","Type":"Youth Center","AddrNumber":515,"Street":"LAVETA TER"}},{"type":"Feature","geometry":{"type":"Polygon","coordinates":[[[-118.379574508836,34.1667180626145],[-118.37978395716,34.1667199906111],[-118.379783267184,34.1667717301805],[-118.379716824607,34.1667711184325],[-118.37971493244,34.166913214711],[-118.3797236616,34.1669132954854],[-118.379721549999,34.167071780592],[-118.379718162673,34.1670717497577],[-118.379716324538,34.1672097465785],[-118.379782038585,34.1672103516006],[-118.379781291432,34.1672664547888],[-118.37957927804,34.1672645954029],[-118.379579637192,34.1672376509423],[-118.379287840934,34.1672426964467],[-118.379290746648,34.166778969188],[-118.379575794146,34.166778002673],[-118.379574508836,34.1667180626145]]]},"properties":{"Name":"North Hollywood Pool","Type":"Swimming Complex","AddrNumber":5301,"Street":"TUJUNGA AVE"}},{"type":"Feature","geometry":{"type":"Polygon","coordinates":[[[-118.428873037284,34.0171825015289],[-118.428408751375,34.017416717972],[-118.428378524248,34.0173751698729],[-118.428331255176,34.0173990154958],[-118.428140984142,34.0171374811842],[-118.428189828647,34.0171128412053],[-118.428221646364,34.017156576238],[-118.428257886664,34.0171382943855],[-118.428207932563,34.0170696304776],[-118.42825310007,34.0170468453502],[-118.428299235888,34.0171102605342],[-118.428392198179,34.0170633646307],[-118.428395875115,34.017061509748],[-118.428387284465,34.0170497012928],[-118.428315855772,34.0170857348368],[-118.428298673409,34.0170621179183],[-118.428369052465,34.0170266146052],[-118.428331507273,34.0169750079078],[-118.428435499102,34.0169225473322],[-118.428506452931,34.0170200758381],[-118.428595213267,34.0169752997756],[-118.428542077421,34.0169022622423],[-118.428599849953,34.0168731178914],[-118.428648849137,34.0169404696902],[-118.428686664763,34.0169213923708],[-118.428769391165,34.0170351029175],[-118.428818761318,34.0170101975684],[-118.428866488338,34.0170757994146],[-118.428820269196,34.0170991150037],[-118.428873037284,34.0171825015289]]]},"properties":{"Name":"Mar Vista Pool","Type":"Swimming Complex","AddrNumber":11655,"Street":"PALMS BLVD"}},{"type":"Feature","geometry":{"type":"Polygon","coordinates":[[[-118.288633650964,34.0117334911861],[-118.28863099533,34.011619500987],[-118.288525799685,34.0116212003422],[-118.288517626217,34.0112703573882],[-118.288663592042,34.0112679988917],[-118.288668111749,34.0114619962361],[-118.288733431866,34.0114704009237],[-118.288741496509,34.0114269351432],[-118.288876655225,34.0114443267958],[-118.288856421493,34.0115533781978],[-118.288816493548,34.0115482412674],[-118.288804506076,34.0116128455765],[-118.288665790346,34.0115949962584],[-118.288664934895,34.0116194198254],[-118.289034873007,34.0116185345529],[-118.289035269875,34.0117334722511],[-118.288633650964,34.0117334911861]]]},"properties":{"Name":"Ralph M Parsons Preschool - EXPO Center","Type":"Preschool","AddrNumber":841,"Street":"W Martin Luther King Jr Blvd"}},{"type":"Feature","geometry":{"type":"MultiPolygon","coordinates":[[[[-118.364292366771,34.0237456752553],[-118.364281013827,34.0237361163126],[-118.364243891923,34.0237636592352],[-118.364105344869,34.0236341997912],[-118.364127524543,34.0236177430433],[-118.364115775584,34.0236067437302],[-118.364106374111,34.0235942777555],[-118.364099580388,34.0235806878186],[-118.364095582272,34.0235663483905],[-118.364094489763,34.0235516567155],[-118.364096332768,34.0235370165896],[-118.364101061076,34.0235228329519],[-118.364108543204,34.0235094956605],[-118.364118572875,34.0234973740636],[-118.364130875441,34.0234868016542],[-118.364145108952,34.0234780715594],[-118.364160881414,34.023471422064],[-118.364177758377,34.0234670392918],[-118.364195273708,34.0234650427495],[-118.364212944745,34.0234654870832],[-118.36423028313,34.023468361145],[-118.364246811033,34.0234735852388],[-118.364262073077,34.0234810146909],[-118.364275647196,34.0234904461275],[-118.36430846647,34.0234617234529],[-118.364358781269,34.0235033143344],[-118.364729738734,34.0234974232391],[-118.364733506861,34.0237049336861],[-118.364648980204,34.0237059986111],[-118.364649420285,34.0237302169372],[-118.364435839688,34.0237329056595],[-118.364425072194,34.0237429235317],[-118.364412492853,34.0237513511607],[-118.364398437425,34.0237579657557],[-118.364383277608,34.0237625912969],[-118.364367416725,34.0237651048598],[-118.364351276755,34.0237654393588],[-118.364335285341,34.0237635862908],[-118.364319867131,34.0237595948602],[-118.364305432946,34.0237535711098],[-118.364292366771,34.0237456752553]]],[[[-118.363806125426,34.0236884004566],[-118.364006653959,34.0236877959771],[-118.364006980741,34.0237629322674],[-118.363806452027,34.0237635367475],[-118.363806125426,34.0236884004566]]]]},"properties":{"Name":"Baldwin Hills Recreation Center","Type":"Recreation Center","AddrNumber":5401,"Street":"HIGHLIGHT PL"}},{"type":"Feature","geometry":{"type":"Polygon","coordinates":[[[-118.289600837909,34.0675775776698],[-118.288968425632,34.0675954677415],[-118.288961449549,34.0674246594995],[-118.289593860536,34.0674067694646],[-118.289600837909,34.0675775776698]]]},"properties":{"Name":"Shatto Recreation Center","Type":"Recreation Center","AddrNumber":3191,"Street":"W 4th St"}},{"type":"Feature","geometry":{"type":"Polygon","coordinates":[[[-118.550960340542,34.1743555127322],[-118.550958429186,34.1740656849159],[-118.551245599521,34.174064376297],[-118.55124612536,34.1741440704033],[-118.551259039761,34.1741440755467],[-118.551259025669,34.1741708722078],[-118.551309548127,34.174170641904],[-118.55131004502,34.174245940213],[-118.551258986693,34.1742461729594],[-118.551258970574,34.1742774295688],[-118.551247005269,34.1742774255084],[-118.551247511873,34.1743542041087],[-118.550960340542,34.1743555127322]]]},"properties":{"Name":"Tarzana Child Care Center","Type":"Child Care Center","AddrNumber":5700,"Street":"BECKFORD AVE"}},{"type":"Feature","geometry":{"type":"MultiPolygon","coordinates":[[[[-118.617223186928,34.2612448272054],[-118.617179457232,34.2611487928311],[-118.617170402738,34.2611517609059],[-118.617138647947,34.261084986496],[-118.617148876623,34.2610816328864],[-118.617123575319,34.261026068772],[-118.617190694113,34.2610050000355],[-118.617196838124,34.2610206177726],[-118.617428016365,34.2609504868139],[-118.617419257625,34.2609332515242],[-118.617568719702,34.2608863335498],[-118.617668332318,34.2611050925189],[-118.617223186928,34.2612448272054]]],[[[-118.616804139148,34.2608524250635],[-118.616862483366,34.2607983072118],[-118.616978035381,34.2608841866844],[-118.616919691185,34.2609383054932],[-118.616804139148,34.2608524250635]]]]},"properties":{"Name":"Chatsworth Recreation Center","Type":"Recreation Center","AddrNumber":22360,"Street":"DEVONSHIRE ST"}},{"type":"Feature","geometry":{"type":"Polygon","coordinates":[[[-118.223459708373,34.0708542525656],[-118.223168839841,34.0709804834767],[-118.223181139393,34.0710001096056],[-118.223137643699,34.0710189868707],[-118.223107923524,34.0709715617728],[-118.223086716722,34.070980764997],[-118.223036778823,34.0709010771913],[-118.223021957444,34.0709075099307],[-118.223006474544,34.0708828041305],[-118.223018065885,34.0708777738273],[-118.222994080516,34.0708395012677],[-118.223061518437,34.0708102347825],[-118.223065240381,34.0708161735017],[-118.22333338038,34.0706998052356],[-118.223335314801,34.0707028930064],[-118.223395936442,34.0706765842367],[-118.223462701208,34.0707831216948],[-118.223447832272,34.0707895753096],[-118.223477392643,34.0708367454863],[-118.22347936841,34.0708398971871],[-118.223478684268,34.0708429339055],[-118.223476767213,34.0708443222028],[-118.223459708373,34.0708542525656]]]},"properties":{"Name":"Downey Recreation Center","Type":"Recreation Center","AddrNumber":1172,"Street":"N Spring St"}},{"type":"Feature","geometry":{"type":"Polygon","coordinates":[[[-118.501480143161,34.1599984125647],[-118.501549796452,34.1599989062085],[-118.501547662299,34.160207077422],[-118.501495406204,34.1602067072582],[-118.501493860121,34.1603574829887],[-118.501533169939,34.1603577617037],[-118.50153245984,34.1604270075558],[-118.501505294887,34.1604268155045],[-118.501504874992,34.1604678022312],[-118.501474505152,34.1604675874035],[-118.501474629568,34.1604554295983],[-118.501371795968,34.1604547011562],[-118.501371993048,34.1604354920927],[-118.501350997062,34.1604353429447],[-118.501353875564,34.160154670277],[-118.501307901247,34.1601543443065],[-118.50130937334,34.160010883996],[-118.501302326993,34.1600108338736],[-118.501303040987,34.1599413022192],[-118.501308496288,34.159941340907],[-118.501308834976,34.1599083142295],[-118.501337525731,34.1599085180289],[-118.501337431831,34.1599176312011],[-118.501369556278,34.1599178586211],[-118.501369608314,34.1599127944459],[-118.501435395105,34.1599132609133],[-118.501434994317,34.1599523768611],[-118.501448831043,34.1599524745454],[-118.501448598271,34.1599751303507],[-118.501434927478,34.1599750337814],[-118.501434669546,34.1600001842568],[-118.50145191395,34.1600003065755],[-118.501452020766,34.1599899140619],[-118.501481042337,34.1599901200616],[-118.501480143161,34.1599984125647]]]},"properties":{"Name":"Encino Community Center","Type":"Community Center","AddrNumber":4935,"Street":"BALBOA BLVD"}},{"type":"Feature","geometry":{"type":"Polygon","coordinates":[[[-118.401211569186,34.193071688686],[-118.401078612531,34.1930709287484],[-118.401079159018,34.1930048874812],[-118.401098525573,34.1930049981652],[-118.401099570519,34.1928787361185],[-118.401058811851,34.1928785034331],[-118.401059395632,34.1928080246728],[-118.401093259355,34.1928082180142],[-118.401094345526,34.1926769838495],[-118.401081041783,34.1926769071551],[-118.401081488215,34.1926230171478],[-118.401089483256,34.1926230627614],[-118.401089603365,34.1926085367844],[-118.401173288181,34.1926090147654],[-118.401173184286,34.1926214923947],[-118.401207974485,34.192621690745],[-118.401274412856,34.1926220707923],[-118.401274927838,34.1925598927183],[-118.401498164978,34.1925611678079],[-118.401497893257,34.1925940189488],[-118.401569170508,34.1925944260469],[-118.401568202148,34.1927114209372],[-118.401628923954,34.1927117683796],[-118.401627994281,34.1928241562833],[-118.401633821592,34.1928241892246],[-118.401633225985,34.1928961690891],[-118.401632956835,34.192928641576],[-118.401556277283,34.192928203765],[-118.401555099851,34.1930705451867],[-118.401486147266,34.1930701510987],[-118.401486023351,34.1930852252241],[-118.401242019721,34.1930838314719],[-118.401242101556,34.193073990914],[-118.401211569186,34.193071688686]]]},"properties":{"Name":"Valley Plaza Pool","Type":"Swimming Complex","AddrNumber":6715,"Street":"LAURELGROVE AVE"}},{"type":"Feature","geometry":{"type":"Polygon","coordinates":[[[-118.401414576923,34.2288730490757],[-118.401616706032,34.2290576012142],[-118.401314793704,34.2292857299369],[-118.401295110376,34.2292677581394],[-118.401247369737,34.2293038319056],[-118.401178755618,34.2292411843265],[-118.401159523739,34.2292557168614],[-118.401095394737,34.2291971635774],[-118.401160182672,34.2291482098872],[-118.401129696792,34.229120375887],[-118.401321121769,34.2289757340709],[-118.401300135745,34.2289565729582],[-118.401414576923,34.2288730490757]]]},"properties":{"Name":"Fernangeles Recreation Center","Type":"Recreation Center","AddrNumber":8851,"Street":"LAUREL CANYON BLVD"}},{"type":"Feature","geometry":{"type":"MultiPolygon","coordinates":[[[[-118.531199074381,34.2550654577312],[-118.531151833551,34.2550241561725],[-118.531142281447,34.2550320469183],[-118.531090515101,34.254988839496],[-118.531130114633,34.2549561272646],[-118.531131133209,34.2548771548325],[-118.531228763228,34.2548780228551],[-118.531227822299,34.2549509275625],[-118.531324914932,34.2549517906537],[-118.531322607167,34.2549431748184],[-118.531343010383,34.2549284973952],[-118.531371572498,34.2549308034858],[-118.531453137746,34.2548648004644],[-118.531509167465,34.2549125409042],[-118.531350756145,34.2550407289533],[-118.531360763448,34.2550492559976],[-118.531335008725,34.2550700973228],[-118.531199074381,34.2550654577312]]],[[[-118.53148338094,34.2550160151381],[-118.531585304989,34.2549883743569],[-118.531625999705,34.2550918370442],[-118.531567867268,34.2551076015728],[-118.531506947098,34.2551532788921],[-118.531441470003,34.2550930674092],[-118.531496029435,34.2550481735433],[-118.53148338094,34.2550160151381]]]]},"properties":{"Name":"Devonshire House","Type":"Historic Houses","AddrNumber":18300,"Street":"LEMARSH ST"}},{"type":"Feature","geometry":{"type":"Polygon","coordinates":[[[-118.45844946806,34.2294099701339],[-118.458330186186,34.2294093788676],[-118.458244808764,34.2294097021877],[-118.458244860279,34.2294190879266],[-118.458164649076,34.2294454632657],[-118.45808287878,34.229416572833],[-118.458082815837,34.2294051009736],[-118.457977361568,34.2294075862633],[-118.457873140201,34.2294058944688],[-118.457872562567,34.2293005670215],[-118.457869648223,34.2289981438047],[-118.458095644765,34.2289972885319],[-118.458095215618,34.2289190743407],[-118.458237085086,34.2289174950467],[-118.458455547797,34.2289166676279],[-118.45844946806,34.2294099701339]]]},"properties":{"Name":"Sepulveda Pool","Type":"Swimming Complex","AddrNumber":8737,"Street":"KESTER AVE"}},{"type":"Feature","geometry":{"type":"Polygon","coordinates":[[[-118.321700501644,34.2603285702235],[-118.321701612714,34.2602007584486],[-118.321821060174,34.2602014741408],[-118.321821935418,34.2601006892092],[-118.321773301298,34.2601003983681],[-118.321774142921,34.2600035514314],[-118.32204538724,34.2600051759793],[-118.322044620464,34.2600934806749],[-118.322050782523,34.2600935174734],[-118.322049824826,34.2602038156248],[-118.322084880744,34.2602040252805],[-118.322083749116,34.2603342361],[-118.321700501644,34.2603285702235]]]},"properties":{"Name":"Sunland Recreation Center","Type":"Recreation Center","AddrNumber":8651,"Street":"FOOTHILL BLVD"}},{"type":"Feature","geometry":{"type":"Polygon","coordinates":[[[-118.237613527305,34.0808045779123],[-118.237657153461,34.0807608075094],[-118.237695069269,34.0807607329122],[-118.23769513824,34.0807850019908],[-118.23782059019,34.0807968896939],[-118.23782345857,34.080779895597],[-118.237975167601,34.0807941583668],[-118.237967557973,34.0808507525409],[-118.238059671437,34.08086142008],[-118.238019788091,34.0810998625648],[-118.237880011821,34.0810836750243],[-118.237901008956,34.0809581459698],[-118.237622622108,34.0809259060949],[-118.237596165075,34.0808531504898],[-118.237613527305,34.0808045779123]]]},"properties":{"Name":"Elysian Therapeutic Recreation Center","Type":"Recreation Center","AddrNumber":929,"Street":"ACADEMY ROAD"}},{"type":"Feature","geometry":{"type":"Polygon","coordinates":[[[-118.188700073777,34.1434628654446],[-118.18867609097,34.1434337500436],[-118.18868550049,34.1434275634719],[-118.188560338891,34.1432724203227],[-118.188680410178,34.1432092023964],[-118.1886715238,34.1431968760985],[-118.18871472583,34.143173852966],[-118.188736870552,34.1432048121566],[-118.188787486673,34.1431826663337],[-118.188793497461,34.1431882284134],[-118.188823779059,34.1431733004381],[-118.18889715857,34.143299444426],[-118.188905259018,34.1432983950075],[-118.188923407438,34.1433294649861],[-118.188896004196,34.1433403919988],[-118.188894124449,34.1433362487913],[-118.188872945051,34.1433457732076],[-118.188866374773,34.1433344602333],[-118.188848549732,34.1433423674662],[-118.188852182018,34.1433495424926],[-118.188815651366,34.1433681819244],[-118.188832592176,34.1433912247609],[-118.18870487644,34.1434606329679],[-118.188700073777,34.1434628654446]]]},"properties":{"Name":"Eagle Rock Child Care","Type":"Child Care Center","AddrNumber":1100,"Street":"N Eagle Vista Dr"}},{"type":"Feature","geometry":{"type":"MultiPolygon","coordinates":[[[[-118.207429096551,34.133525287977],[-118.207158499469,34.1334727482483],[-118.207162242533,34.1334594180939],[-118.207134044647,34.1334554095218],[-118.207141798277,34.1334176950739],[-118.207086897979,34.1334072123666],[-118.20711997675,34.1332874214418],[-118.207166744168,34.1332963512099],[-118.207171524019,34.1332731006248],[-118.207324771645,34.1332948857479],[-118.20732467905,34.1332575543732],[-118.207523993649,34.133257212361],[-118.207524103146,34.1333013160142],[-118.207575971466,34.1332979913594],[-118.207527180118,34.133441113084],[-118.20746714112,34.1334525682328],[-118.207478136082,34.1334820646142],[-118.207464551035,34.1335093340272],[-118.207435703524,34.1335017556725],[-118.207429096551,34.133525287977]]],[[[-118.207885871612,34.1336285067232],[-118.207924981137,34.1334719389304],[-118.207869247032,34.1334619087784],[-118.207865827706,34.1334745874921],[-118.207656116228,34.1334354824679],[-118.207584483577,34.1334273916442],[-118.207597937796,34.1333479030109],[-118.207622920412,34.1333537921837],[-118.207630646458,34.1333251426545],[-118.207659071954,34.1333304435164],[-118.207666495069,34.1332955081235],[-118.207865455062,34.1333247391082],[-118.207861988411,34.1333410555843],[-118.207931051852,34.1333518714861],[-118.207922094315,34.1333914190674],[-118.208116901654,34.1334264761699],[-118.208097013422,34.1335028972068],[-118.208044413882,34.1334934315074],[-118.208005510668,34.133649171378],[-118.207885871612,34.1336285067232]]]]},"properties":{"Name":"Yosemite Recreation Center","Type":"Recreation Center","AddrNumber":1840,"Street":"YOSEMITE DR"}},{"type":"Feature","geometry":{"type":"Polygon","coordinates":[[[-118.279363430671,34.1329934521856],[-118.279284730734,34.133205166242],[-118.279196524355,34.1331824800709],[-118.279281904453,34.1329527524252],[-118.279325760114,34.1329640275428],[-118.279318784505,34.1329827838372],[-118.279363430671,34.1329934521856]]]},"properties":{"Name":"Park Ranger Division Administrative Offices","Type":"Administrative Buildings","AddrNumber":4730,"Street":"CRYSTAL SPRINGS DR"}},{"type":"Feature","geometry":{"type":"MultiPolygon","coordinates":[[[[-118.222038061995,34.0468214842841],[-118.22204454327,34.0468065439428],[-118.222027423189,34.0468058974718],[-118.222026627476,34.0468133626959],[-118.221906776448,34.0468061192379],[-118.221913160654,34.0467329267662],[-118.221891022167,34.0467315890097],[-118.221921247942,34.0464227010828],[-118.222191932658,34.0464398462506],[-118.222157759435,34.0468136984993],[-118.222089431521,34.0468093715311],[-118.222083736692,34.0468309006078],[-118.222038061995,34.0468214842841]]],[[[-118.222285753167,34.0468488344611],[-118.22229152049,34.0467979469393],[-118.222435011796,34.0468051473735],[-118.222447271611,34.0468173387092],[-118.222441698647,34.0468675632565],[-118.222297592597,34.0468564837796],[-118.222285753167,34.0468488344611]]]]},"properties":{"Name":"Pecan Recreation Center","Type":"Recreation Center","AddrNumber":145,"Street":"S Pecan St"}},{"type":"Feature","geometry":{"type":"Polygon","coordinates":[[[-118.371021781006,34.2185815024411],[-118.371020492838,34.2182915901505],[-118.371019073339,34.218291594503],[-118.371018963185,34.2182668034773],[-118.371044955851,34.2182667237752],[-118.371044760403,34.21822273929],[-118.371059200644,34.218222695009],[-118.371059094032,34.2181987036355],[-118.371124556949,34.2181985028721],[-118.371124578273,34.2182033007862],[-118.371156347665,34.2182032033422],[-118.371156337002,34.2182008043852],[-118.371193882054,34.2182006892152],[-118.371193899828,34.2182046874769],[-118.371210265287,34.218204637272],[-118.371210251067,34.2182014386626],[-118.371258385917,34.2182012909847],[-118.371258265023,34.2181741001005],[-118.371368973838,34.2181737603728],[-118.371369769283,34.218136171054],[-118.371431381712,34.218135981942],[-118.371431691197,34.2182055571043],[-118.37146634842,34.2182054507143],[-118.371466316404,34.2181982538433],[-118.371489421217,34.2181981829111],[-118.371489456797,34.218206180336],[-118.371507747476,34.2182061241801],[-118.371507715453,34.2181989264076],[-118.371543335283,34.2181988170401],[-118.371543377984,34.2182084137696],[-118.371569370631,34.2182083339549],[-118.371569324369,34.218197937573],[-118.371625160097,34.2181977661013],[-118.371625245518,34.2182169595603],[-118.371678194513,34.2182167969299],[-118.37167854692,34.218295968821],[-118.371624635264,34.218296134408],[-118.371624763395,34.2183249245964],[-118.371639260087,34.2183248800729],[-118.371640393791,34.2185796040483],[-118.371021781006,34.2185815024411]]]},"properties":{"Name":"Sun Valley Park Pool","Type":"Swimming Complex","AddrNumber":8133,"Street":"VINELAND AVE"}},{"type":"Feature","geometry":{"type":"Polygon","coordinates":[[[-118.278082285501,34.0602547092839],[-118.278071326856,34.060234221076],[-118.278054118426,34.0602304445142],[-118.278040338046,34.0602233198852],[-118.278031136498,34.0602142770741],[-118.278024797921,34.0602042738519],[-118.278020790516,34.0602057138068],[-118.278009850917,34.0601909502724],[-118.278015573679,34.0601880747377],[-118.277990203533,34.0601432891741],[-118.27804665507,34.0600544260235],[-118.27815036427,34.0600427377745],[-118.278180794293,34.0600579333152],[-118.27817566626,34.0600670091205],[-118.27820773442,34.0600578712607],[-118.278191152616,34.0600838897805],[-118.278259563043,34.0601101668808],[-118.278245053402,34.0601420441923],[-118.278233524417,34.0601656854592],[-118.278213849541,34.0601957851269],[-118.278192882188,34.0602251728544],[-118.278161199461,34.0602642460653],[-118.278098608756,34.060229097965],[-118.278082285501,34.0602547092839]]]},"properties":{"Name":"Levitt Pavilion at MacArthur Park","Type":"Pavillion","AddrNumber":2230,"Street":"W 6th St"}},{"type":"Feature","geometry":{"type":"Polygon","coordinates":[[[-118.245090442772,34.0993467492883],[-118.245038146514,34.0992921404889],[-118.245067929071,34.0992732957723],[-118.244879473447,34.0990824827964],[-118.244860160887,34.0990966101709],[-118.24481649276,34.0990551055863],[-118.244902598398,34.0989932113311],[-118.244897751822,34.0989905381957],[-118.244925109593,34.0989696862099],[-118.244936432977,34.0989810676335],[-118.244987938914,34.098945407704],[-118.245084175929,34.0990384615776],[-118.245124420469,34.099012216589],[-118.24526028181,34.099142758564],[-118.245243384189,34.0991555396188],[-118.245274931798,34.0991883472356],[-118.245223424751,34.0992240072899],[-118.245240405023,34.0992394025439],[-118.245158320924,34.0992979342813],[-118.245165592255,34.0993026156069],[-118.245139035895,34.0993214538025],[-118.24513337318,34.0993154268309],[-118.245090442772,34.0993467492883]]]},"properties":{"Name":"Elysian Valley Recreation Center","Type":"Recreation Center","AddrNumber":1811,"Street":"RIPPLE ST"}},{"type":"Feature","geometry":{"type":"Polygon","coordinates":[[[-118.444421694098,33.9953783595553],[-118.444334782419,33.9954225337719],[-118.444286603388,33.9953567712085],[-118.444246725953,33.9953770402336],[-118.444203352914,33.9953178375323],[-118.444258844726,33.995289633444],[-118.444102774382,33.9950766022067],[-118.444111009568,33.9950724167343],[-118.444087484985,33.9950403059468],[-118.444126947792,33.9950202485575],[-118.44411747123,33.9950073121729],[-118.444228894877,33.9949506797512],[-118.444232503644,33.994955605066],[-118.444273900758,33.9949345641477],[-118.444303007534,33.9949742939396],[-118.444336915377,33.9949570588981],[-118.44459585328,33.9953104997445],[-118.444432363825,33.9953935958415],[-118.444421694098,33.9953783595553]]]},"properties":{"Name":"S Venice High School Indoor Pool","Type":"Swimming Complex","AddrNumber":2490,"Street":"WALGROVE AVE"}},{"type":"Feature","geometry":{"type":"Polygon","coordinates":[[[-118.20481630903,34.0388740407039],[-118.204843880507,34.0388847266302],[-118.204818766885,34.0389252054959],[-118.204946600996,34.0389804650495],[-118.20497979012,34.0389303242888],[-118.205028957055,34.0389559073316],[-118.205040020477,34.0389436277558],[-118.205076895638,34.0389610241349],[-118.205051081934,34.0389968388277],[-118.205111312071,34.0390254916861],[-118.204988389096,34.039214798769],[-118.204989618563,34.0392158217198],[-118.204642990091,34.0390623240273],[-118.204671262164,34.039029578566],[-118.20463069935,34.039011158767],[-118.20475730986,34.0388208288736],[-118.204829830578,34.0388515291356],[-118.20481630903,34.0388740407039]]]},"properties":{"Name":"Evergreen Recreation Center","Type":"Recreation Center","AddrNumber":2844,"Street":"E 2nd St"}},{"type":"Feature","geometry":{"type":"Polygon","coordinates":[[[-118.205556600158,34.0389852934722],[-118.205399535979,34.0392356321788],[-118.205174012281,34.03913756958],[-118.205331078034,34.0388872311662],[-118.205556600158,34.0389852934722]]]},"properties":{"Name":"Boyle Heights Senior Citizen Center","Type":"Senior Center","AddrNumber":2839,"Street":"E 3rd St"}},{"type":"Feature","geometry":{"type":"Polygon","coordinates":[[[-118.268926673514,33.7730010264519],[-118.269107115443,33.7735645614129],[-118.268866580427,33.7736182752942],[-118.268877259944,33.7736516288673],[-118.268744406125,33.7736812957942],[-118.268685745491,33.7734980906975],[-118.268756563262,33.7734822770075],[-118.268624464324,33.7730697137438],[-118.268926673514,33.7730010264519]]]},"properties":{"Name":"Wilmington Recreation Center","Type":"Recreation Center","AddrNumber":325,"Street":"N Neptune Ave"}},{"type":"Feature","geometry":{"type":"Polygon","coordinates":[[[-118.286491892332,33.9570621932708],[-118.286493765888,33.957107986324],[-118.286547012494,33.9571092905704],[-118.286545975031,33.9573082263916],[-118.286578612233,33.9573095804812],[-118.28657049933,33.9574484229888],[-118.286295709967,33.9574505071079],[-118.286294399003,33.9570669552269],[-118.286490184125,33.9570650596717],[-118.286491892332,33.9570621932708]]]},"properties":{"Name":"Algin Sutton Recreation Center","Type":"Recreation Center","AddrNumber":8800,"Street":"S Hoover St"}},{"type":"Feature","geometry":{"type":"Polygon","coordinates":[[[-118.186109919839,34.1058640669202],[-118.186061718146,34.1058304761828],[-118.186037106734,34.1058555216383],[-118.185992332962,34.1058267352628],[-118.186015405001,34.1058029750644],[-118.186003827446,34.1057959393084],[-118.186077658763,34.105719520975],[-118.186150223585,34.1057636130734],[-118.186174209025,34.1057422089407],[-118.186225714049,34.1057762579294],[-118.186177311227,34.1058149090159],[-118.186200964254,34.1058335495861],[-118.186171583186,34.1058591171925],[-118.186139611285,34.1058391623775],[-118.186109919839,34.1058640669202]]]},"properties":{"Name":"Hermon Park Art in the Park Building","Type":"Cultural Center","AddrNumber":5568,"Street":"Marisol"}},{"type":"Feature","geometry":{"type":"Polygon","coordinates":[[[-118.222267993342,34.0707862067934],[-118.22244048246,34.0707107304923],[-118.222504022368,34.0708112918618],[-118.222491169409,34.0708169158434],[-118.222520241913,34.0708629268825],[-118.222384878827,34.07092215699],[-118.222430049275,34.0709936463112],[-118.222369185293,34.0710202786911],[-118.222325640232,34.070951361126],[-118.22231150389,34.0709575473009],[-118.222271331453,34.0708939686826],[-118.222286031553,34.0708875362586],[-118.22222897799,34.0707972384836],[-118.222264368568,34.0707817526914],[-118.222267993342,34.0707862067934]]]},"properties":{"Name":"Downey Child Care Center","Type":"Child Care Center","AddrNumber":219,"Street":"S Avenue 18"}},{"type":"Feature","geometry":{"type":"Polygon","coordinates":[[[-118.603893925509,34.2170700163474],[-118.604184202623,34.2169286796034],[-118.604212176498,34.2169683287957],[-118.60424586886,34.2169519236839],[-118.604273047804,34.2169904453904],[-118.604283416679,34.2169853963319],[-118.604339253819,34.2170645347419],[-118.604327183824,34.2170704118077],[-118.604353463708,34.2171076586915],[-118.604315009701,34.217126382052],[-118.604319995502,34.2171334487201],[-118.60419639383,34.2171936302895],[-118.60418444854,34.2171766993808],[-118.604133060361,34.2172017205629],[-118.604087761956,34.2172427020601],[-118.604056747651,34.2172364252585],[-118.604022129883,34.2172671478975],[-118.603949773146,34.2171646037933],[-118.603955538349,34.2171589466587],[-118.603893925509,34.2170700163474]]]},"properties":{"Name":"Lanark Recreation Center","Type":"Recreation Center","AddrNumber":21816,"Street":"LANARK ST"}},{"type":"Feature","geometry":{"type":"Polygon","coordinates":[[[-118.481470272581,34.1845213729033],[-118.480242987306,34.1845262520825],[-118.480176916281,34.1844770360288],[-118.480174630133,34.1844378965895],[-118.480159843779,34.1835485670944],[-118.480151684999,34.1833553208209],[-118.480207795178,34.1833082422724],[-118.480376107421,34.1831640792383],[-118.480523226174,34.1830112146525],[-118.480556535757,34.1821616125417],[-118.480571483579,34.1806058161955],[-118.480585471927,34.1802681335244],[-118.48147977428,34.1802639654204],[-118.481568169089,34.1845384523314],[-118.481470272581,34.1845213729033]]]},"properties":{"Name":"The Japanese Garden / Sepulveda Basin Recreation Area","Type":"Japanese Botanical Garden","AddrNumber":6100,"Street":"WOODLEY AVE"}},{"type":"Feature","geometry":{"type":"Polygon","coordinates":[[[-118.197858405073,34.0508488248616],[-118.197754896617,34.0508027730134],[-118.197694407394,34.0509025982926],[-118.197569240402,34.0508500483585],[-118.19765552022,34.050707661218],[-118.197671176502,34.0507142347843],[-118.197713199152,34.0506487943191],[-118.197966997731,34.050761711547],[-118.197928019383,34.0508224122812],[-118.19793671758,34.0508260636417],[-118.197850438117,34.0509684509839],[-118.197799002366,34.0509468570752],[-118.197858405073,34.0508488248616]]]},"properties":{"Name":"Malabar Library","Type":"Library","AddrNumber":2801,"Street":"WABASH AVE"}},{"type":"Feature","geometry":{"type":"Polygon","coordinates":[[[-118.278709532812,33.7391018924373],[-118.278602668911,33.7391018929248],[-118.278602668529,33.7389654944904],[-118.278495804801,33.7389654948829],[-118.278486644216,33.738963411075],[-118.278477993351,33.7389601469197],[-118.278470065047,33.7389557830596],[-118.278463060378,33.7389504299147],[-118.278457154591,33.738944220502],[-118.278452493879,33.7389373113451],[-118.278449196426,33.7389298734562],[-118.278447342706,33.7389220950637],[-118.278443614788,33.7388466631457],[-118.278586514368,33.7388042961311],[-118.278585271707,33.7386895979727],[-118.278439887754,33.7386461980566],[-118.278434917401,33.7385800653238],[-118.278442372704,33.7385511323363],[-118.278461011634,33.7385356329169],[-118.278485863811,33.7385263322777],[-118.278864911108,33.738516571811],[-118.278870656351,33.7386885744365],[-118.278887246664,33.7386881907061],[-118.278890503295,33.7387856780916],[-118.278726157989,33.7387894747269],[-118.278729414209,33.7388683622916],[-118.278714502683,33.7388683625782],[-118.278709532812,33.7391018924373]]]},"properties":{"Name":"Los Angeles Maritime Museum","Type":"Museum","AddrNumber":600,"Street":"S Sampson Way"}},{"type":"Feature","geometry":{"type":"Polygon","coordinates":[[[-118.188285050697,34.1430772187911],[-118.188070464743,34.1431244099134],[-118.188074588014,34.1431464702912],[-118.187976104352,34.1431677526595],[-118.187919796103,34.1429943494318],[-118.187960357026,34.1429877565827],[-118.187903469414,34.1427784354222],[-118.188180748252,34.1427216106233],[-118.188285050697,34.1430772187911]]]},"properties":{"Name":"Eagle Rock Recreation Center","Type":"Recreation Center","AddrNumber":1100,"Street":"N Eagle Vista Dr"}},{"type":"Feature","geometry":{"type":"Polygon","coordinates":[[[-118.311755202119,33.959334624332],[-118.311754310171,33.9593353721995],[-118.311555641223,33.9593329032249],[-118.311553817409,33.9593239593836],[-118.31149027784,33.9593226323477],[-118.311489964488,33.9592383719854],[-118.311447900491,33.9592369894712],[-118.311447789585,33.9592071627545],[-118.311437946558,33.9592071881674],[-118.311437322735,33.9590394129999],[-118.311511598128,33.9590399676786],[-118.311511398457,33.9589862795895],[-118.311601775375,33.9589853006049],[-118.311602720027,33.9589987200905],[-118.311714012791,33.9589976130661],[-118.311714602061,33.9590042017018],[-118.31173324997,33.9590060359],[-118.311733390764,33.9590427033218],[-118.311775590713,33.9590422679075],[-118.311774209276,33.9591518853761],[-118.311822530736,33.9591517604765],[-118.311823160884,33.959321026754],[-118.311755152163,33.9593212025349],[-118.311755202119,33.959334624332]]]},"properties":{"Name":"Saint Andrews Recreation Center","Type":"Recreation Center","AddrNumber":3916,"Street":"S Saint Andrews Pl"}},{"type":"Feature","geometry":{"type":"Polygon","coordinates":[[[-118.453039041861,34.0380379220319],[-118.453034370222,34.0380145365912],[-118.45302977648,34.037931727925],[-118.453049669966,34.0379309627052],[-118.453088632261,34.0379301268282],[-118.453118490393,34.0379320856079],[-118.453145868576,34.037935433939],[-118.453170770547,34.0379408614842],[-118.45317892294,34.0379152930796],[-118.453222918798,34.0379254811795],[-118.453270251369,34.0379391078164],[-118.453313448744,34.037954820788],[-118.453362486798,34.0379774139723],[-118.453402390799,34.0379972800326],[-118.453373537898,34.0380277584152],[-118.453383516434,34.038033241952],[-118.453405147482,34.0380469650428],[-118.453435051488,34.0380709706321],[-118.453461565088,34.0380974140787],[-118.45348379007,34.0380832459126],[-118.453519661017,34.038123833558],[-118.453554384519,34.0381057580556],[-118.453567758573,34.0381257237161],[-118.45358029939,34.0381450028304],[-118.453593687342,34.0381677298404],[-118.453606250617,34.0381911496222],[-118.453618840093,34.0382194015365],[-118.453628091271,34.0382435243359],[-118.453586701264,34.0382554133213],[-118.453593397659,34.0382671216546],[-118.453600146438,34.038288493354],[-118.453603578274,34.0383098766127],[-118.453570471202,34.0383133105233],[-118.453571740391,34.0383322902984],[-118.45345747513,34.0384058169185],[-118.45336649919,34.0383923993121],[-118.453294437129,34.0384382479205],[-118.452977399737,34.0380739505907],[-118.453039041861,34.0380379220319]]]},"properties":{"Name":"Stoner Park Pool","Type":"Swimming Complex","AddrNumber":1835,"Street":"STONER AVE"}},{"type":"Feature","geometry":{"type":"Polygon","coordinates":[[[-118.304048338097,34.0235949846673],[-118.304048027811,34.023509571781],[-118.304019781798,34.0235096429177],[-118.304019534492,34.0234415599865],[-118.304090894378,34.0234413802561],[-118.304090822419,34.0234215747223],[-118.304064061927,34.0234216421275],[-118.304063805592,34.0233510836177],[-118.304101004636,34.0233596554254],[-118.304100959659,34.0233472766287],[-118.304261519221,34.0233468720675],[-118.304261460721,34.0233307799025],[-118.3043432276,34.0233305737927],[-118.304343268108,34.0233417138982],[-118.30436259463,34.0233416651738],[-118.304362234509,34.0232426357036],[-118.304473733794,34.0232423545403],[-118.304474224641,34.0233772826101],[-118.304413271904,34.0233774363249],[-118.304413587063,34.0234640869991],[-118.304467106991,34.0234639520305],[-118.304467651866,34.0236137344776],[-118.304090037457,34.0236146862533],[-118.3040899565,34.0235924042389],[-118.304048338097,34.0235949846673]]]},"properties":{"Name":"Denker Recreation Center","Type":"Recreation Center","AddrNumber":1550,"Street":"W 35th Pl"}},{"type":"Feature","geometry":{"type":"Polygon","coordinates":[[[-118.259501800177,34.0654846262015],[-118.259356730872,34.0657125563189],[-118.259173999254,34.0656320055097],[-118.259185416632,34.0656140666895],[-118.259123286191,34.0655866780629],[-118.259228532699,34.0654213179087],[-118.259235513084,34.0654243942763],[-118.259304892387,34.0653153872952],[-118.259538173017,34.0654182224204],[-118.259496704918,34.0654833759069],[-118.259501800177,34.0654846262015]]]},"properties":{"Name":"Echo Park  Community Center","Type":"Community Center","AddrNumber":313,"Street":"PATTON ST"}},{"type":"Feature","geometry":{"type":"Polygon","coordinates":[[[-118.200732712525,34.0605360982164],[-118.200458755192,34.0603560742382],[-118.20066984172,34.0601335633971],[-118.200943798778,34.0603135868947],[-118.200732712525,34.0605360982164]]]},"properties":{"Name":"Hazard Park And Recreation Center","Type":"Recreation Center","AddrNumber":2230,"Street":"NORFOLK ST"}},{"type":"Feature","geometry":{"type":"Polygon","coordinates":[[[-118.415709933669,33.9595008293822],[-118.415561863009,33.9594989180609],[-118.415560729547,33.9595460963186],[-118.415260684406,33.9595444249952],[-118.415260702606,33.9594917945215],[-118.414942217987,33.9594917211878],[-118.414942439634,33.9588240717876],[-118.415715705857,33.9588242483067],[-118.415709933669,33.9595008293822]]]},"properties":{"Name":"Westchester Tennis Courts","Type":"Tennis Complex","AddrNumber":7000,"Street":"W Manchester Ave"}},{"type":"Feature","geometry":{"type":"Polygon","coordinates":[[[-118.285611285747,33.7364421233059],[-118.285315242327,33.7364421234501],[-118.285315243349,33.7363547650359],[-118.284967043279,33.7363547653952],[-118.284967043186,33.736239306215],[-118.285055929048,33.7362393066026],[-118.285440124954,33.7362393062334],[-118.285440124375,33.7361226255173],[-118.285589247744,33.73612262502],[-118.285589247936,33.7363419365224],[-118.285610551176,33.7363419364367],[-118.285611285747,33.7364421233059]]]},"properties":{"Name":"Anderson Memorial Senior Citizen Center","Type":"Senior Center","AddrNumber":828,"Street":"S Mesa St"}},{"type":"Feature","geometry":{"type":"MultiPolygon","coordinates":[[[[-118.349382002705,34.0226484402168],[-118.349388854124,34.0216534975848],[-118.350050961692,34.0216566559924],[-118.35004411923,34.0226515995606],[-118.349382002705,34.0226484402168]]],[[[-118.35015568391,34.0220938943066],[-118.350291560668,34.0220935001088],[-118.350292124704,34.0222282684002],[-118.350156247728,34.0222286625986],[-118.35015568391,34.0220938943066]]]]},"properties":{"Name":"Arthur Ashe Tennis Center","Type":"Tennis Complex","AddrNumber":5001,"Street":"Rodeo Road"}},{"type":"Feature","geometry":{"type":"Polygon","coordinates":[[[-118.488781956072,34.0769181868323],[-118.488675029093,34.0767690829764],[-118.488875101401,34.0766697352209],[-118.488982028609,34.0768188388992],[-118.488781956072,34.0769181868323]]]},"properties":{"Name":"Crestwood Hills Recreation Center","Type":"Recreation Center","AddrNumber":1000,"Street":"S Hanley Ave"}},{"type":"Feature","geometry":{"type":"Polygon","coordinates":[[[-118.407183652513,34.0448009598581],[-118.407263651621,34.0447529835714],[-118.407230356792,34.044714511992],[-118.407413598566,34.0446046206917],[-118.407441052401,34.044636343209],[-118.40754537597,34.0445737789677],[-118.407670378557,34.0447182164611],[-118.407694703341,34.044703629548],[-118.407780180272,34.0448023961146],[-118.407758559437,34.0448153628723],[-118.407878694272,34.0449541756908],[-118.407817343356,34.0449909680776],[-118.40779904135,34.0449698203887],[-118.407784987022,34.0449782485159],[-118.407666019869,34.0448407848654],[-118.407652236599,34.0448490515889],[-118.407732066416,34.0449412930165],[-118.407692607386,34.0449649571985],[-118.407724150095,34.0450014043125],[-118.407540096884,34.0451117820458],[-118.407520042489,34.0450886090719],[-118.407493285724,34.0451046556271],[-118.40747050414,34.0450783328716],[-118.407433477898,34.0451005381904],[-118.407183652513,34.0448009598581]]]},"properties":{"Name":"Cheviot Hills Pool","Type":"Swimming Complex","AddrNumber":2693,"Street":"MOTOR AVE"}},{"type":"Feature","geometry":{"type":"Polygon","coordinates":[[[-118.268846546031,34.1149050249253],[-118.268696116164,34.1149370375304],[-118.268594250528,34.1146058911842],[-118.268740677534,34.1145747305392],[-118.268766327476,34.11465811396],[-118.268805258726,34.114649829737],[-118.26885162422,34.1148005521272],[-118.268816592321,34.114808007297],[-118.268846546031,34.1149050249253]]]},"properties":{"Name":"Griffith Park Adult Community Center","Type":"Adult Center","AddrNumber":3201,"Street":"RIVERSIDE DR"}},{"type":"Feature","geometry":{"type":"Polygon","coordinates":[[[-118.262383763857,33.7928315837342],[-118.262383701232,33.7928236406661],[-118.262339423774,33.7928260504307],[-118.262300378612,33.7928277104429],[-118.262297817198,33.7927851395094],[-118.262258167589,33.7927892808788],[-118.262260045748,33.7927655896125],[-118.262243628102,33.792765930987],[-118.26223094161,33.792624439584],[-118.262285167532,33.7926222939646],[-118.262277686088,33.7925594587913],[-118.262320620922,33.7925586620714],[-118.262654545716,33.7925391059908],[-118.262719339053,33.7925348825797],[-118.262717201493,33.7925122268896],[-118.262808173377,33.7925062974398],[-118.262817855006,33.7926088933828],[-118.262837363189,33.7926076211351],[-118.262847827722,33.7927185029492],[-118.262818716002,33.7927204010768],[-118.262827965206,33.7928217836319],[-118.262740694701,33.7928274724288],[-118.26273845216,33.79280370811],[-118.262679877802,33.7928075258056],[-118.262619954165,33.7928107865782],[-118.262620081061,33.7928189034974],[-118.262383763857,33.7928315837342]]]},"properties":{"Name":"Banning High School Pool","Type":"Swimming Complex","AddrNumber":1450,"Street":"N Avalon Blvd"}},{"type":"Feature","geometry":{"type":"Polygon","coordinates":[[[-118.534488603542,34.2534154344998],[-118.534537199079,34.2534162278482],[-118.534537234609,34.2534217757886],[-118.534672068942,34.2534211803161],[-118.534675439001,34.2533782961462],[-118.534690646105,34.2533817594203],[-118.534739773667,34.2532761339707],[-118.534798808237,34.2532945342186],[-118.534744232576,34.2534032093386],[-118.534745192225,34.2535529956147],[-118.534784502808,34.2536214131709],[-118.534729369029,34.2536428393895],[-118.534686400886,34.2535724212188],[-118.534671834042,34.2535739983492],[-118.534670935291,34.2535286114177],[-118.534565263528,34.2535305908995],[-118.534567363106,34.2535739548748],[-118.53447807456,34.2535733412157],[-118.534477328782,34.2535516569836],[-118.534442272417,34.2535785425197],[-118.534397676495,34.2535383917341],[-118.534439966224,34.2535029005995],[-118.534440214674,34.2534469172716],[-118.534395037752,34.2534108034564],[-118.534440359784,34.2533747949723],[-118.534488603542,34.2534154344998]]]},"properties":{"Name":"Northridge Child Care Center","Type":"Child Care Center","AddrNumber":10058,"Street":"RESEDA BLVD"}},{"type":"Feature","geometry":{"type":"MultiPolygon","coordinates":[[[[-118.296139695657,34.1410058753143],[-118.29615109998,34.140972871967],[-118.296075794589,34.1409548814963],[-118.296146958326,34.1407489338487],[-118.296196012247,34.1407606526155],[-118.296226660633,34.1406713013096],[-118.296418230657,34.1407170660108],[-118.296354684393,34.1409009724728],[-118.296308363911,34.1408899069932],[-118.296270728581,34.1409988252091],[-118.296237702482,34.1409909347787],[-118.296230648051,34.141011350174],[-118.296202252377,34.1410045662897],[-118.296197064311,34.1410195805274],[-118.296139695657,34.1410058753143]]],[[[-118.296755915639,34.1408615341851],[-118.296884246401,34.1405858924039],[-118.297046368387,34.1406377461651],[-118.297056382959,34.1407351909108],[-118.296990087223,34.1407835867698],[-118.296919254149,34.1409153946513],[-118.296755915639,34.1408615341851]]],[[[-118.295994821657,34.1415099613546],[-118.296075747867,34.1415097631852],[-118.29607604753,34.1415943542915],[-118.295995121239,34.1415945524611],[-118.295994821657,34.1415099613546]]],[[[-118.296679918595,34.1406337362796],[-118.296728863745,34.1405760297641],[-118.29679529944,34.1406149878454],[-118.296746354313,34.1406726943878],[-118.296679918595,34.1406337362796]]],[[[-118.296587810085,34.1408935851602],[-118.296594984541,34.140825746956],[-118.296677343858,34.1408317681557],[-118.296670169472,34.1408996072664],[-118.296587810085,34.1408935851602]]],[[[-118.296015153279,34.1413368819485],[-118.296023785766,34.1412721865623],[-118.296108289922,34.1412799825268],[-118.296099658583,34.1413446779164],[-118.296015153279,34.1413368819485]]],[[[-118.296074739102,34.1412531593192],[-118.29608302071,34.1411858431272],[-118.296164313349,34.1411927571038],[-118.29615603289,34.1412600732987],[-118.296074739102,34.1412531593192]]],[[[-118.296402803363,34.1405881808646],[-118.29645195691,34.1405295733183],[-118.296513034531,34.1405649881417],[-118.296463879926,34.1406235966171],[-118.296402803363,34.1405881808646]]],[[[-118.295872443439,34.141062456355],[-118.295954758865,34.1410560315761],[-118.295961988811,34.141120066967],[-118.295879673326,34.1411264926524],[-118.295872443439,34.141062456355]]],[[[-118.295962796323,34.1409926196328],[-118.29604296931,34.1409853102247],[-118.296051565215,34.1410504962289],[-118.295971392166,34.1410578056427],[-118.295962796323,34.1409926196328]]],[[[-118.2959919338,34.1414231840547],[-118.295998792827,34.1413592016181],[-118.296080083562,34.1413652267439],[-118.296073224598,34.1414292091851],[-118.2959919338,34.1414231840547]]],[[[-118.296318142274,34.1405359308496],[-118.296372374508,34.1404877344235],[-118.296427060781,34.1405302780624],[-118.296372827466,34.1405784745157],[-118.296318142274,34.1405359308496]]],[[[-118.29659535965,34.1409351174405],[-118.296669079199,34.1409171546959],[-118.296690766889,34.1409786879668],[-118.296617047294,34.1409966516262],[-118.29659535965,34.1409351174405]]],[[[-118.296579917485,34.1407789077571],[-118.296623974856,34.1407236059466],[-118.296685045298,34.1407572428763],[-118.296640987949,34.140812544709],[-118.296579917485,34.1407789077571]]],[[[-118.295829506603,34.1411523992976],[-118.295905403495,34.141145100445],[-118.295914180607,34.141208207078],[-118.295838284743,34.1412155059334],[-118.295829506603,34.1411523992976]]],[[[-118.296332740349,34.1404309781434],[-118.296373150159,34.1403780816433],[-118.296438500707,34.1404125971157],[-118.296398090923,34.1404654936378],[-118.296332740349,34.1404309781434]]],[[[-118.296173918344,34.1411773407806],[-118.296177186956,34.1411123583135],[-118.296248840018,34.1411148494834],[-118.296245571465,34.1411798328539],[-118.296173918344,34.1411773407806]]],[[[-118.296640621892,34.1407094074088],[-118.296684033981,34.1406568324972],[-118.296742966276,34.1406904737433],[-118.296699554209,34.1407430495776],[-118.296640621892,34.1407094074088]]],[[[-118.296554506592,34.1405486876507],[-118.296592184045,34.1404948818211],[-118.296654311825,34.1405249596198],[-118.296616633314,34.1405787654715],[-118.296554506592,34.1405486876507]]],[[[-118.296287291292,34.1410776436022],[-118.296354636547,34.1410712552399],[-118.296361932349,34.141124421552],[-118.296294587054,34.1411308108198],[-118.296287291292,34.1410776436022]]],[[[-118.29585021673,34.1412439246397],[-118.295916501444,34.141240205855],[-118.295920902528,34.1412944349752],[-118.295854616687,34.141298153765],[-118.29585021673,34.1412439246397]]],[[[-118.296444077507,34.1404671596058],[-118.296486376877,34.1404248974371],[-118.29653247069,34.140456792446],[-118.296490171327,34.1404990546309],[-118.296444077507,34.1404671596058]]]]},"properties":{"Name":"Griffith Park Boys Camp","Type":"Camp","AddrNumber":4730,"Street":"CRYSTAL SPRINGS DR"}},{"type":"Feature","geometry":{"type":"MultiPolygon","coordinates":[[[[-118.203105746165,34.0997235666394],[-118.203174069132,34.0995207001743],[-118.203267349382,34.099542441478],[-118.203243150249,34.0996142936306],[-118.203285757815,34.0996242244418],[-118.20326363526,34.0996899129442],[-118.203207241518,34.099676769716],[-118.20318570528,34.0997407163619],[-118.203105746165,34.0997235666394]]],[[[-118.202140931822,34.1005338406474],[-118.202111094002,34.1005129245554],[-118.202284522312,34.1003578541064],[-118.202316921269,34.1003829300387],[-118.202279984435,34.1004159572585],[-118.202298570413,34.1004303416232],[-118.202276014888,34.1004505087663],[-118.202285605377,34.1004579312432],[-118.202236863007,34.1005015144048],[-118.20221211644,34.1004823613248],[-118.202170497115,34.1005195758445],[-118.202163201916,34.1005139291404],[-118.202140931822,34.1005338406474]]],[[[-118.202810752642,34.0998647947148],[-118.202902322071,34.0997883110664],[-118.202968403379,34.0998430618481],[-118.202876835035,34.099919545545],[-118.202810752642,34.0998647947148]]]]},"properties":{"Name":"Sycamore Grove Park","Type":"Recreation Center","AddrNumber":4702,"Street":"N Figueroa St"}},{"type":"Feature","geometry":{"type":"Polygon","coordinates":[[[-118.406213096224,33.9937271108993],[-118.406050391744,33.9939035707426],[-118.406023362754,33.9938862801536],[-118.406032293887,33.9938765946998],[-118.405952820366,33.9938257551381],[-118.406019098029,33.9937538739193],[-118.406011061549,33.993748733378],[-118.406098557327,33.9936538403516],[-118.406213096224,33.9937271108993]]]},"properties":{"Name":"Culver Slauson Rec Center","Type":"Recreation Center","AddrNumber":5070,"Street":"S Slauson Ave"}},{"type":"Feature","geometry":{"type":"Polygon","coordinates":[[[-118.284021088571,33.7131940166714],[-118.284074186812,33.7131250869501],[-118.284164572941,33.7131737014196],[-118.284112326362,33.7132415031955],[-118.284021088571,33.7131940166714]]]},"properties":{"Name":"Cabrillo Beach","Type":"Building","AddrNumber":3800,"Street":"S Stephen M White Dr"}},{"type":"Feature","geometry":{"type":"Polygon","coordinates":[[[-118.284037286354,33.7131224263214],[-118.284000619285,33.7131693350408],[-118.283951176211,33.7131423589773],[-118.283949670347,33.7131442863345],[-118.28393962281,33.7131387865597],[-118.283976191922,33.7130919330821],[-118.28398617239,33.7130973780206],[-118.283987711506,33.7130953955929],[-118.284037286354,33.7131224263214]]]},"properties":{"Name":"Cabrillo Beach","Type":"Building","AddrNumber":3800,"Street":"S Stephen M White Dr"}},{"type":"Feature","geometry":{"type":"MultiPolygon","coordinates":[[[[-118.539611925582,34.256791093677],[-118.539612182336,34.2567661504307],[-118.539508336996,34.2567654160286],[-118.539508953113,34.2567053587674],[-118.539719700221,34.2567068499155],[-118.539720297953,34.2566914894573],[-118.539821602396,34.2566922061582],[-118.539820804669,34.2567699786599],[-118.539784072577,34.2567697196276],[-118.53978384083,34.2567923097346],[-118.539611925582,34.256791093677]]],[[[-118.539885968409,34.2566375966136],[-118.540061127719,34.256636815314],[-118.54006151323,34.2566963929981],[-118.539960216339,34.2566968448646],[-118.539960862522,34.2567967257894],[-118.539837758497,34.2567972748195],[-118.539837384474,34.2567394487833],[-118.539886625833,34.2567392291874],[-118.539885968409,34.2566375966136]]]]},"properties":{"Name":"The Oakridge Estate","Type":"Historic Houses","AddrNumber":18650,"Street":"DEVONSHIRE ST"}},{"type":"Feature","geometry":{"type":"Polygon","coordinates":[[[-118.222686394177,34.0908728893448],[-118.222835815302,34.090846949064],[-118.222860004717,34.0909433998214],[-118.22280508287,34.0909529347368],[-118.222802633926,34.0909431711642],[-118.222705480895,34.0909600367223],[-118.22270878191,34.0909731947937],[-118.222607295338,34.0909908129255],[-118.222603746803,34.0909766627217],[-118.222579932657,34.090980796842],[-118.222559035798,34.0908974752708],[-118.22257423819,34.0908948355305],[-118.222549415,34.0907958615971],[-118.222719563283,34.0907663240341],[-118.222731508955,34.0908139560413],[-118.222673299973,34.0908240613152],[-118.222686394177,34.0908728893448]]]},"properties":{"Name":"Cypress Park Club House","Type":"Club House","AddrNumber":3320,"Street":"PEPPER AVE"}},{"type":"Feature","geometry":{"type":"Polygon","coordinates":[[[-118.266686444917,34.0923838460872],[-118.266755732483,34.092264189649],[-118.266886327216,34.0923165317824],[-118.266830564718,34.0924128303838],[-118.26684343184,34.0924179875787],[-118.266776822317,34.0925330178029],[-118.266725626122,34.0925124983723],[-118.266711229298,34.0925373601495],[-118.266507423402,34.0924556748983],[-118.266527970646,34.092420190349],[-118.266494834525,34.0924069099494],[-118.266520422119,34.092362721712],[-118.266484685261,34.0923483985648],[-118.266480529685,34.0923555740085],[-118.266417652498,34.0923303724105],[-118.26644782891,34.0922782586187],[-118.266505818112,34.0923015002338],[-118.266503561434,34.0923053980269],[-118.266686444917,34.0923838460872]]]},"properties":{"Name":"Silver Lake Recreation Center","Type":"Recreation Center","AddrNumber":1850,"Street":"W Silver Lake Dr"}},{"type":"Feature","geometry":{"type":"Polygon","coordinates":[[[-118.247063971465,33.9944254450459],[-118.247065162056,33.994272128909],[-118.247568108109,33.9942748386308],[-118.247565958079,33.994551772339],[-118.247491685749,33.9945513729447],[-118.247491479554,33.9945779170307],[-118.24735531826,33.9945771837779],[-118.247354981097,33.9946205939016],[-118.247149931065,33.9946194895284],[-118.247150152953,33.9945908917321],[-118.24706610785,33.9945904381646],[-118.247066752057,33.994507614451],[-118.247082290576,33.9945076989354],[-118.247082960961,33.9944212816815],[-118.247063971465,33.9944254450459]]]},"properties":{"Name":"Slauson Senior Multipurpose Center","Type":"Multipurpose Center","AddrNumber":5306,"Street":"S Compton Ave"}},{"type":"Feature","geometry":{"type":"Polygon","coordinates":[[[-118.236894837391,34.0989183433691],[-118.2369049639,34.0990508261188],[-118.236514228006,34.0990714955897],[-118.23650410103,34.0989390128093],[-118.236894837391,34.0989183433691]]]},"properties":{"Name":"Rio de Los Angeles Recreation Center","Type":"Recreation Center","AddrNumber":1900,"Street":"N San Fernando Road"}},{"type":"Feature","geometry":{"type":"Polygon","coordinates":[[[-118.179287483374,34.0749431320645],[-118.179287058309,34.0747448187017],[-118.179799688848,34.074744056767],[-118.179800115129,34.074942370128],[-118.179287483374,34.0749431320645]]]},"properties":{"Name":"El Sereno Senior Citizen Center","Type":"Senior Center","AddrNumber":4818,"Street":"KLAMATH PL"}},{"type":"Feature","geometry":{"type":"Polygon","coordinates":[[[-118.181884454585,34.0768185723694],[-118.181492355425,34.0768397287031],[-118.181490981228,34.076813069827],[-118.181486532885,34.0767856844287],[-118.181453815044,34.0767858066026],[-118.181451804656,34.0767605361361],[-118.181449561333,34.0767382609014],[-118.181445994534,34.0767127006771],[-118.181453074887,34.0767028182906],[-118.181462193395,34.0766940507391],[-118.181450344617,34.0766947987766],[-118.181433699049,34.0767097972866],[-118.181428352572,34.0766729183236],[-118.181424224817,34.0766419759067],[-118.181437804635,34.0766396142381],[-118.181433654849,34.0766319809075],[-118.181426073704,34.0765733135227],[-118.181441322437,34.0765711675173],[-118.18150782237,34.0765691590773],[-118.18151130775,34.0765901450599],[-118.181677547157,34.0765813080859],[-118.181676384329,34.0765736765821],[-118.181742880114,34.0765697603818],[-118.181749861356,34.0766165014105],[-118.181866798994,34.0766086921618],[-118.181884454585,34.0768185723694]]]},"properties":{"Name":"El Sereno Recreation Center","Type":"Recreation Center","AddrNumber":4721,"Street":"KLAMATH ST"}},{"type":"Feature","geometry":{"type":"MultiPolygon","coordinates":[[[[-118.293621830195,33.7054334940788],[-118.293670789375,33.7053641032994],[-118.293814631935,33.705434340313],[-118.293750458625,33.7055252943243],[-118.29368340794,33.7054920602112],[-118.293690457467,33.7054820697049],[-118.293627163221,33.7054511639766],[-118.29363506925,33.7054399579638],[-118.293621830195,33.7054334940788]]],[[[-118.293900564031,33.7049246017999],[-118.293910652066,33.7049140223887],[-118.293927865063,33.7049159618188],[-118.293946037817,33.7048922512342],[-118.293987013544,33.7049107129576],[-118.293968393485,33.7049342055773],[-118.294090206296,33.7050052245121],[-118.294040146679,33.7050629860993],[-118.293896069366,33.704976390419],[-118.293901887044,33.7049685611013],[-118.293891336546,33.7049597936553],[-118.293886606068,33.7049441741114],[-118.293891234022,33.7049304861505],[-118.293900564031,33.7049246017999]]],[[[-118.293664671066,33.7057188719242],[-118.293775036575,33.70556854775],[-118.293826153376,33.7055890185428],[-118.293789390662,33.7056464825025],[-118.293801732365,33.7056523364432],[-118.293733436314,33.7057525399908],[-118.293664671066,33.7057188719242]]]]},"properties":{"Name":"Point Fermin Lighthouse Buildings","Type":"Historic Lighthouse","AddrNumber":807,"Street":"W Paseo Del Mar"}},{"type":"Feature","geometry":{"type":"Polygon","coordinates":[[[-118.265965378599,34.0070504160276],[-118.265802488259,34.0070525337368],[-118.265801218842,34.0069854880725],[-118.265717118518,34.0069866081333],[-118.26571802851,34.0070342266556],[-118.265640163122,34.0070352499957],[-118.265639249859,34.0069865866088],[-118.265503315377,34.0069883696195],[-118.265501929219,34.0069154994357],[-118.265527763375,34.0069151405931],[-118.265527367578,34.0068944495875],[-118.265502226147,34.0068947798603],[-118.26550087817,34.0068233664625],[-118.265534310826,34.0067947974111],[-118.265682487361,34.0067934273638],[-118.265717125689,34.0068227806005],[-118.265717374347,34.0068489396982],[-118.265738226315,34.0068487838043],[-118.265737872226,34.0068098746247],[-118.265796627341,34.0067967749638],[-118.265796428552,34.0068483806817],[-118.265816687916,34.0068484181047],[-118.265816770091,34.0068224782514],[-118.265864747145,34.0067815946548],[-118.265993389527,34.0067798273068],[-118.265993975036,34.0068084035606],[-118.266075568097,34.0068072897352],[-118.26607611941,34.0068353161318],[-118.266144547497,34.0068343692149],[-118.266147260763,34.006971399134],[-118.266077017287,34.0069723780016],[-118.266077531815,34.0069993884572],[-118.265995344269,34.0070005035936],[-118.265995892068,34.0070274319371],[-118.265964943113,34.0070278291966],[-118.265965378599,34.0070504160276]]]},"properties":{"Name":"Theresa Lindsay Senior Center","Type":"Senior Center","AddrNumber":429,"Street":"E 42nd Pl"}},{"type":"Feature","geometry":{"type":"Polygon","coordinates":[[[-118.535140915053,34.2528576805874],[-118.535773809328,34.2528526091527],[-118.535779715483,34.2533606757087],[-118.535636708005,34.2533611138474],[-118.53563639293,34.2533448387783],[-118.535616268552,34.2533449278241],[-118.535616185482,34.2533319829309],[-118.535299979622,34.253333654798],[-118.535300126338,34.2533462045337],[-118.535278101422,34.2533463812633],[-118.535278241484,34.2533584018225],[-118.535148679102,34.2533594398608],[-118.535140915053,34.2528576805874]]]},"properties":{"Name":"Northridge Park Aquatic Center","Type":"Swimming Complex","AddrNumber":10058,"Street":"RESEDA BLVD"}},{"type":"Feature","geometry":{"type":"Polygon","coordinates":[[[-118.317575015013,33.9905490685031],[-118.31730141753,33.9905272022145],[-118.317336510345,33.990222551926],[-118.317450206904,33.9902316386985],[-118.317451158991,33.9902204166701],[-118.317627971458,33.990213077252],[-118.31762825458,33.9902877104566],[-118.317614700256,33.9904438872875],[-118.3175875845,33.9904439586532],[-118.317575015013,33.9905490685031]]]},"properties":{"Name":"Van Ness Recreation Center","Type":"Recreation Center","AddrNumber":5715,"Street":"S Van Ness Ave"}},{"type":"Feature","geometry":{"type":"MultiPolygon","coordinates":[[[[-118.24744813977,33.9902399959245],[-118.247448046869,33.9902085607747],[-118.247203610069,33.9902112046841],[-118.247203226176,33.9900811773504],[-118.247505134195,33.9900805585095],[-118.24750350535,33.9901098533595],[-118.247551536311,33.9901097548383],[-118.24755363618,33.9902397795536],[-118.24744813977,33.9902399959245]]],[[[-118.247205212204,33.9898846954225],[-118.247506251205,33.9898821409764],[-118.247507177635,33.9899579259308],[-118.247206138362,33.9899604803794],[-118.247205212204,33.9898846954225]]]]},"properties":{"Name":"Augustus F Hawkins Natural Park","Type":"Nature Center","AddrNumber":5790,"Street":"COMPTON AVE"}},{"type":"Feature","geometry":{"type":"Polygon","coordinates":[[[-118.613024581131,34.176523723616],[-118.613026778683,34.1768232011095],[-118.613052999056,34.1768230826246],[-118.61305228482,34.1769213161441],[-118.612836862201,34.1769239928585],[-118.612788816127,34.1768719447599],[-118.612635784008,34.176802997989],[-118.612478835984,34.1767198092796],[-118.612356831796,34.1767220120054],[-118.612328315212,34.1767332481271],[-118.612255659664,34.1767050937117],[-118.612334582819,34.1765478185907],[-118.612664545739,34.176565162933],[-118.61266425523,34.1765255495118],[-118.613024581131,34.176523723616]]]},"properties":{"Name":"Woodland Hills Pool","Type":"Aquatic Center","AddrNumber":5858,"Street":"SHOUP AVE"}},{"type":"Feature","geometry":{"type":"Polygon","coordinates":[[[-118.441366673811,34.2273096752432],[-118.441600917944,34.2271883668936],[-118.441708593027,34.2273318163439],[-118.441677789697,34.2273477688215],[-118.441779844464,34.2274837298002],[-118.441811969457,34.2274670936123],[-118.441873942086,34.2275496566105],[-118.441638197106,34.2276717426811],[-118.441583548285,34.2275989363444],[-118.441620571298,34.2275797634335],[-118.441514622029,34.2274386146474],[-118.441477638022,34.2274577675499],[-118.441366673811,34.2273096752432]]]},"properties":{"Name":"Panorama Park Recreation Center","Type":"Recreation Center","AddrNumber":8600,"Street":"HAZELTINE AVE"}},{"type":"Feature","geometry":{"type":"Polygon","coordinates":[[[-118.406362067996,34.0443767563263],[-118.405906649614,34.0438248947559],[-118.406948157542,34.0432292920809],[-118.407395140869,34.0437709232243],[-118.406782756178,34.0441211278954],[-118.406893646109,34.0442554994104],[-118.407270535792,34.0440399683507],[-118.40749031933,34.0443062865888],[-118.407170780299,34.0444890209716],[-118.406955368057,34.0442279974567],[-118.406864932155,34.0442797149137],[-118.406899764265,34.0443219227793],[-118.406742703981,34.0444117407974],[-118.40668322378,34.0443396660292],[-118.406835303034,34.0442526965903],[-118.406750111493,34.0441494667082],[-118.406362067996,34.0443767563263]]]},"properties":{"Name":"Cheviot Hills Tennis Complex","Type":"Tennis Complex","AddrNumber":2551,"Street":"MOTOR AVE"}},{"type":"Feature","geometry":{"type":"Polygon","coordinates":[[[-118.571356233125,34.2224425379427],[-118.571356291613,34.2222828045706],[-118.571419620192,34.2222825055355],[-118.571419260181,34.2222299002625],[-118.571662212035,34.2222287527455],[-118.571662797902,34.222204944673],[-118.571823280546,34.2222088618225],[-118.571821431982,34.2224432101419],[-118.571659986477,34.2224418687439],[-118.571659144961,34.2224535423222],[-118.571556432434,34.2224532621006],[-118.571556135464,34.2224434916534],[-118.571356233125,34.2224425379427]]]},"properties":{"Name":"Winnetka Recreation Center","Type":"Recreation Center","AddrNumber":8401,"Street":"WINNETKA AVE"}},{"type":"Feature","geometry":{"type":"Polygon","coordinates":[[[-118.181265775591,34.0762906225654],[-118.181263581519,34.0759665827018],[-118.181305991836,34.0759652578157],[-118.18130445265,34.0759539161768],[-118.181616492609,34.0759521871003],[-118.181614558196,34.0757593365642],[-118.181656969488,34.0757580124548],[-118.181698144385,34.0758852591532],[-118.181716513383,34.0759734651424],[-118.181725791003,34.0760604235661],[-118.181740940812,34.0760616611129],[-118.181742787883,34.0762141764373],[-118.18173066069,34.0762104136662],[-118.18172627298,34.076282267683],[-118.181712795472,34.0763541353735],[-118.181617362929,34.0763530185519],[-118.181621849265,34.0763265410893],[-118.181599125308,34.076325314914],[-118.181594591361,34.076330363986],[-118.181408274529,34.0763306439279],[-118.18141425748,34.0762953409537],[-118.181265775591,34.0762906225654]]]},"properties":{"Name":"Richard Alatorre Pool","Type":"Swimming Complex","AddrNumber":4721,"Street":"KLAMATH ST"}},{"type":"Feature","geometry":{"type":"Polygon","coordinates":[[[-118.259264574915,34.0649723944651],[-118.25918853574,34.0649400926351],[-118.259173863588,34.0649633881238],[-118.258953548333,34.06486727697],[-118.25896696901,34.0648459684611],[-118.258754196347,34.0647555799185],[-118.258954548599,34.0644289252809],[-118.258990107833,34.064444030816],[-118.25904817255,34.0643533862863],[-118.259054873037,34.0643563586868],[-118.259065284176,34.0643416504187],[-118.259121231651,34.0643690811855],[-118.259112224774,34.064381804881],[-118.2592130826,34.0644265532205],[-118.259241625617,34.0643822349087],[-118.259353158295,34.0644319880561],[-118.259324750077,34.0644760969499],[-118.2594111115,34.0645144131737],[-118.259424716894,34.0644922937409],[-118.259499466342,34.0645241393126],[-118.259485223968,34.0645472941783],[-118.259489799457,34.0645493245126],[-118.259435929747,34.0646334214421],[-118.259464925693,34.0646457389777],[-118.259398942014,34.0647533206484],[-118.25942720173,34.0647647039853],[-118.25935719749,34.0648850770755],[-118.25932586936,34.0648724589021],[-118.259264574915,34.0649723944651]]]},"properties":{"Name":"Echo Park Deep Pool","Type":"Swimming Complex","AddrNumber":1419,"Street":"COLTON ST"}},{"type":"Feature","geometry":{"type":"Polygon","coordinates":[[[-118.550818323798,34.1743348480406],[-118.550632004575,34.1743356965034],[-118.550631648745,34.174281708252],[-118.550570112548,34.1742819884133],[-118.550568764313,34.1740774044393],[-118.550536287407,34.1740775522871],[-118.550535444814,34.1739496874161],[-118.550815775983,34.1739484109495],[-118.55081615066,34.1740052398804],[-118.550828116625,34.1740051853798],[-118.550829231315,34.1741742513816],[-118.550817265326,34.1741743058823],[-118.550818323798,34.1743348480406]]]},"properties":{"Name":"Tarzana Recreation Center","Type":"Recreation Center","AddrNumber":5655,"Street":"VANALDEN AVE"}},{"type":"Feature","geometry":{"type":"Polygon","coordinates":[[[-118.187591246054,34.1133098275765],[-118.187638830425,34.1132641704918],[-118.187633392396,34.1132597551221],[-118.187797076241,34.1131020710181],[-118.187804157478,34.1131055372193],[-118.187821320693,34.1130890675216],[-118.187844118846,34.1131067679082],[-118.187872783961,34.1130800326214],[-118.187906241521,34.1131042020395],[-118.187919976823,34.1130908226969],[-118.187970527258,34.1131250924156],[-118.18795449952,34.1131394291492],[-118.188038043665,34.1131935019406],[-118.188058738018,34.1134179077004],[-118.187924476737,34.1134253134725],[-118.187925146673,34.1134383738127],[-118.187926133245,34.1134495674914],[-118.187924880848,34.1134623639677],[-118.187916867418,34.1134772183341],[-118.187909547427,34.1134842454306],[-118.187899944116,34.1134890583105],[-118.187887453582,34.1134925432153],[-118.187876238212,34.1134933603092],[-118.187865924894,34.1134933249545],[-118.187855403243,34.1134912596747],[-118.187834833123,34.1134869156158],[-118.187591246054,34.1133098275765]]]},"properties":{"Name":"Highland Park Recreation Center","Type":"Recreation Center","AddrNumber":6150,"Street":"PIEDMONT AVE"}},{"type":"Feature","geometry":{"type":"Polygon","coordinates":[[[-118.461578222521,34.2726762010711],[-118.461580603957,34.2720477439493],[-118.462023455415,34.2720541299867],[-118.462024704173,34.2720201804455],[-118.462142417276,34.272022590893],[-118.462142711533,34.2720567031341],[-118.462575823817,34.272060279966],[-118.462565823615,34.2726894162524],[-118.461578222521,34.2726762010711]]]},"properties":{"Name":"Brand Park Memory Garden","Type":"Community Center","AddrNumber":15177,"Street":"S Brand Blvd"}},{"type":"Feature","geometry":{"type":"Polygon","coordinates":[[[-118.294247445053,33.7112491762563],[-118.294248584207,33.7110674904549],[-118.29432825199,33.7110678445406],[-118.294327112913,33.7112495032981],[-118.294247445053,33.7112491762563]]]},"properties":{"Name":"Angels Gate Cultural Center","Type":"Cultural Center","AddrNumber":3601,"Street":"S Gaffey St"}},{"type":"Feature","geometry":{"type":"MultiPolygon","coordinates":[[[[-118.640455153717,34.2186089635227],[-118.640436059813,34.2185728006753],[-118.640418044064,34.218579148271],[-118.640375286823,34.2184999670239],[-118.640443575481,34.2184733452769],[-118.640348057248,34.2182862754109],[-118.64028276476,34.2183110060282],[-118.640316340809,34.2183708525881],[-118.640260803914,34.2183917793204],[-118.640227999135,34.2183344295615],[-118.640206230524,34.2183420483328],[-118.640203191335,34.2183383130673],[-118.640194158968,34.2183383608565],[-118.640183593706,34.2183346645081],[-118.640178296156,34.2183309411904],[-118.640166115442,34.21831287368],[-118.640180329224,34.218301543541],[-118.6401505781,34.2182498050746],[-118.64023013708,34.2182206229241],[-118.640236235711,34.2182305942435],[-118.640287276048,34.2182121922132],[-118.640275027119,34.2181853710332],[-118.640324562209,34.2181669769521],[-118.640338316362,34.2181937901614],[-118.640362324103,34.2181836586189],[-118.640348560355,34.2181555950145],[-118.640401077061,34.2181334337771],[-118.64052714771,34.2183784899847],[-118.640503125543,34.2183867455125],[-118.640533681757,34.2184453575496],[-118.64054192741,34.218440936879],[-118.640555680593,34.2184677500694],[-118.640550427271,34.2184696540031],[-118.640576400743,34.2185195362482],[-118.640559133375,34.2185252551297],[-118.640567574604,34.21854646897],[-118.640578831025,34.2185637191211],[-118.640559488304,34.2185715216509],[-118.640455153717,34.2186089635227]]],[[[-118.640804267514,34.2183963645408],[-118.640804065986,34.2183701043846],[-118.640742354834,34.2183710568592],[-118.640742381422,34.2183794717775],[-118.640713083087,34.2183818411243],[-118.640707526397,34.2182461910165],[-118.640765470175,34.218244633736],[-118.640766610867,34.2182952731171],[-118.640874224069,34.218292827071],[-118.640879521898,34.2183947146285],[-118.640804267514,34.2183963645408]]]]},"properties":{"Name":"Orcutt Ranch Horticultural Center","Type":"Horticultural Center","AddrNumber":23600,"Street":"ROSCOE BLVD"}},{"type":"Feature","geometry":{"type":"Polygon","coordinates":[[[-118.293205959225,33.7061379832103],[-118.293083047451,33.7060833462956],[-118.293090188228,33.7060719600797],[-118.29301785414,33.7060405649062],[-118.293043600429,33.705999513684],[-118.293028816889,33.7059930976699],[-118.293079333267,33.7059125499775],[-118.293159748794,33.7059474529835],[-118.293118491764,33.7060132359171],[-118.293248741582,33.7060697678857],[-118.293205959225,33.7061379832103]]]},"properties":{"Name":"Point Fermin Park Historic Building","Type":"Historic Buildings","AddrNumber":508,"Street":"W Paseo Del Mar"}},{"type":"Feature","geometry":{"type":"Polygon","coordinates":[[[-118.2258225295,34.0892142914235],[-118.225923204053,34.0893363499155],[-118.225545336733,34.0895520864],[-118.225442866523,34.0894278492382],[-118.225450258711,34.0893759947051],[-118.225740088141,34.0892084818611],[-118.2258225295,34.0892142914235]]]},"properties":{"Name":"Cypress Recreation Center Gymnasium","Type":"Gymnasium","AddrNumber":2630,"Street":"PEPPER AVE"}},{"type":"Feature","geometry":{"type":"Polygon","coordinates":[[[-118.233751318126,34.1150841425473],[-118.233656905923,34.1151710146296],[-118.233443554276,34.1150106098561],[-118.233490860427,34.1149670817582],[-118.233448325106,34.1149351027483],[-118.233535841796,34.1148545756133],[-118.233558286882,34.1148714503874],[-118.23357286487,34.1148580362671],[-118.233736653227,34.1149811780958],[-118.233719694591,34.114996783055],[-118.23372833637,34.1150032808123],[-118.233722189049,34.115008936291],[-118.233728445295,34.1150139403156],[-118.233733594958,34.1150197524496],[-118.233737489071,34.1150262043948],[-118.233740016555,34.1150331106506],[-118.233741104235,34.1150402730215],[-118.233740721182,34.1150474851165],[-118.233738877656,34.1150545395635],[-118.233735627286,34.115061233414],[-118.233731063833,34.1150673744603],[-118.233751318126,34.1150841425473]]]},"properties":{"Name":"Glassell Park Child Care","Type":"Child Care Center","AddrNumber":2727,"Street":"CRESTMOORE PL"}},{"type":"Feature","geometry":{"type":"MultiPolygon","coordinates":[[[[-118.303635154732,33.9836631566672],[-118.303635108201,33.983650324437],[-118.303568081825,33.9836504930807],[-118.303567555634,33.9834963935463],[-118.303633032171,33.9834962288025],[-118.303632824228,33.9834388822386],[-118.303877709515,33.9834383207673],[-118.303877622258,33.983414276338],[-118.304031566687,33.9834139164974],[-118.304032363581,33.9836515770643],[-118.303968964659,33.9836517097449],[-118.303969003459,33.9836623981614],[-118.303635154732,33.9836631566672]]],[[[-118.30336928599,33.9834532014477],[-118.303460718089,33.9834517905365],[-118.303462688618,33.9835404310095],[-118.303371256523,33.9835418698692],[-118.30336928599,33.9834532014477]]]]},"properties":{"Name":"Jackie Tatum / Harvard Recreation Center","Type":"Recreation Center","AddrNumber":1535,"Street":"W 62nd St"}},{"type":"Feature","geometry":{"type":"Polygon","coordinates":[[[-118.362484300463,34.1398002595401],[-118.362398482595,34.1399502132733],[-118.362305504505,34.1399134244137],[-118.362318992212,34.1398898575079],[-118.362282929252,34.139875588794],[-118.362382301624,34.1397019508306],[-118.362429361307,34.1397205716173],[-118.362432816612,34.1397145335887],[-118.362551258209,34.1397613972808],[-118.362520765249,34.1398146793484],[-118.362484300463,34.1398002595401]]]},"properties":{"Name":"Campo De Cahuenga","Type":"Recreation Center","AddrNumber":3919,"Street":"LANKERSHIM BLVD"}},{"type":"Feature","geometry":{"type":"Polygon","coordinates":[[[-118.449921681486,34.2440576434834],[-118.449540994377,34.2440558809369],[-118.449542607728,34.2440002724874],[-118.44992691574,34.2439638954561],[-118.449921681486,34.2440576434834]]]},"properties":{"Name":"Mid Valley Intergenerational Multipurpose Center","Type":"Intergenerational Center","AddrNumber":9540,"Street":"VAN NUYS BLVD"}},{"type":"Feature","geometry":{"type":"Polygon","coordinates":[[[-118.442654533662,34.1606329406259],[-118.442653017528,34.1603467435493],[-118.442638241378,34.1603467976406],[-118.442637636251,34.1602325649256],[-118.442656844678,34.1602324946086],[-118.442656018286,34.1600764989017],[-118.442808211593,34.160075941654],[-118.442808068389,34.1600489185417],[-118.443487762325,34.1600464275404],[-118.443488375134,34.1601618890248],[-118.443321406642,34.1601625012994],[-118.443323870007,34.1606268038891],[-118.442811140775,34.1606286826296],[-118.4428111603,34.1606323671487],[-118.442654533662,34.1606329406259]]]},"properties":{"Name":"Van Nuys Sherman Oaks Pool","Type":"Swimming Complex","AddrNumber":14201,"Street":"HUSTON ST"}},{"type":"Feature","geometry":{"type":"MultiPolygon","coordinates":[[[[-118.295567287556,33.750645533676],[-118.295671938407,33.750628591513],[-118.295686599368,33.750689542354],[-118.295582054684,33.7507069269083],[-118.295567287556,33.750645533676]]],[[[-118.295467605665,33.7506555102332],[-118.295549367919,33.7506423521022],[-118.295565747673,33.7507127203731],[-118.29548421983,33.750726880414],[-118.295467605665,33.7506555102332]]]]},"properties":{"Name":"Leland Recreation Center","Type":"Recreation Center","AddrNumber":863,"Street":"S Herbert Ave"}},{"type":"Feature","geometry":{"type":"Polygon","coordinates":[[[-118.60248544634,34.203628148597],[-118.602485124834,34.2035835822239],[-118.602704244428,34.2035824907937],[-118.60270437445,34.2036005075623],[-118.602740894751,34.2036003256169],[-118.602741100054,34.2036287720074],[-118.602755935821,34.2036286980919],[-118.602756161657,34.203659988761],[-118.602768715587,34.2036599262128],[-118.602768975653,34.2036959588482],[-118.602759845024,34.2036960043405],[-118.602760077707,34.2037282434028],[-118.602744100457,34.2037283230058],[-118.602744319451,34.203758666183],[-118.602554872061,34.2037596099005],[-118.602554899425,34.2037634025723],[-118.602489847849,34.2037637265533],[-118.602488876487,34.203629079942],[-118.60248544634,34.203628148597]]]},"properties":{"Name":"Canoga Park Senior Citizens' Center","Type":"Senior Center","AddrNumber":7326,"Street":"JORDAN AVE"}},{"type":"Feature","geometry":{"type":"Polygon","coordinates":[[[-118.465794837525,34.2299070987559],[-118.46579234962,34.2298232227014],[-118.466069107107,34.2298288682265],[-118.466093466694,34.2298505844754],[-118.46609161537,34.2298807905051],[-118.466065498092,34.2299060566902],[-118.465794837525,34.2299070987559]]]},"properties":{"Name":"North Hills Community Park","Type":"Recreation Center","AddrNumber":8756,"Street":"PARTHENIA PL"}},{"type":"Feature","geometry":{"type":"Polygon","coordinates":[[[-118.503206236844,34.1734731664688],[-118.503206449536,34.1735084789794],[-118.503227692521,34.1735083905872],[-118.503228166269,34.1735870418348],[-118.503207888609,34.1735871262105],[-118.503208536361,34.1736946693486],[-118.50322688227,34.1736945930112],[-118.503227969961,34.1738751700306],[-118.503160378251,34.1738754512663],[-118.503160518425,34.1738987257901],[-118.503055267269,34.1738991636441],[-118.503055354253,34.1739136095895],[-118.502968450121,34.1739139710492],[-118.502968338994,34.1738955124414],[-118.5028688821,34.1738959260351],[-118.502868360382,34.1738092494609],[-118.502868239613,34.1737891852471],[-118.502783266303,34.1737895385457],[-118.502783189024,34.1737766973046],[-118.502759005379,34.17376957469],[-118.502751382413,34.1737874542045],[-118.502690170283,34.1737694253876],[-118.50271805237,34.1737040279404],[-118.502765209556,34.1736772517459],[-118.50275818966,34.1734734242821],[-118.502822772171,34.1734718873119],[-118.502822513144,34.173464353302],[-118.503206236844,34.1734731664688]]]},"properties":{"Name":"Balboa Sports Center","Type":"Recreation Center","AddrNumber":17015,"Street":"BURBANK BLVD"}},{"type":"Feature","geometry":{"type":"Polygon","coordinates":[[[-118.290317325843,33.8964874402263],[-118.290694918999,33.8964936855848],[-118.290691507283,33.8966371429428],[-118.29069998677,33.8966372838659],[-118.290698635679,33.8966940973762],[-118.290622804625,33.8966928432042],[-118.290622430103,33.8967086117107],[-118.290510827974,33.8967067657631],[-118.290510269377,33.8967302553394],[-118.29036504116,33.8967278529177],[-118.290365740327,33.8966984300934],[-118.29030920895,33.8966974943482],[-118.290317325843,33.8964874402263]]]},"properties":{"Name":"Rosecrans Recreation Center","Type":"Recreation Center","AddrNumber":840,"Street":"W 149th St"}},{"type":"Feature","geometry":{"type":"Polygon","coordinates":[[[-118.354194464655,34.0756651670117],[-118.353988213543,34.0756657715981],[-118.353987033241,34.0753868774399],[-118.353996701416,34.0753868491073],[-118.353996553874,34.0753519872251],[-118.353986885703,34.0753520155577],[-118.353986647373,34.0752957001402],[-118.35397375721,34.0752957379136],[-118.353972985505,34.0751133833151],[-118.353982653648,34.0751133549836],[-118.353982392625,34.0750516764083],[-118.354195087286,34.0750510529338],[-118.354195132711,34.075061780152],[-118.354211245912,34.075061732904],[-118.354211461677,34.0751126842606],[-118.354227574888,34.0751126370104],[-118.354228415289,34.0753110819839],[-118.3543154277,34.0753108267922],[-118.354330607786,34.0752989316026],[-118.354347956709,34.0752893073234],[-118.354366989155,34.07528222133],[-118.354387175101,34.0752778726125],[-118.354407948438,34.0752763809321],[-118.354428730816,34.0752777903577],[-118.354448941358,34.07528205932],[-118.35446801403,34.0752890695764],[-118.354485418219,34.0752986252485],[-118.354500666349,34.0753104600125],[-118.354513333405,34.0753242424505],[-118.354523064566,34.0753395877482],[-118.354529588245,34.0753560666718],[-118.354532723736,34.0753732208713],[-118.354532381241,34.0753905691915],[-118.354528571712,34.0754076283781],[-118.354521401459,34.0754239203057],[-118.354511070073,34.0754389918179],[-118.354497867202,34.0754524210478],[-118.354482160695,34.075463832778],[-118.354464389065,34.0754729083812],[-118.354445049603,34.0754793939677],[-118.354416137033,34.0755009326027],[-118.354413027569,34.0755277587527],[-118.354387382432,34.0755600151459],[-118.354332665598,34.0755762653352],[-118.354310196987,34.0755977850424],[-118.354310310581,34.0756246017362],[-118.354262175095,34.0756730137429],[-118.354194464655,34.0756651670117]]]},"properties":{"Name":"Pan Pacific Park Recreation Center","Type":"Recreation Center","AddrNumber":7600,"Street":"BEVERLY BLVD"}},{"type":"Feature","geometry":{"type":"Polygon","coordinates":[[[-118.251384279277,34.0207472875378],[-118.251428583398,34.0207726228867],[-118.251402115901,34.0208047129292],[-118.251420398694,34.0208524315313],[-118.251396268514,34.0208822944366],[-118.251382476675,34.0208745673061],[-118.251328931767,34.020940832068],[-118.25132379098,34.0209429460371],[-118.25131747349,34.0209429591893],[-118.251261555125,34.0209071262325],[-118.251257442328,34.0209115748214],[-118.251007367543,34.0207717459749],[-118.250999862071,34.020781052735],[-118.250979809447,34.0207698406449],[-118.250985125198,34.0207632502369],[-118.250917918038,34.0207256717925],[-118.25091454113,34.0207184521578],[-118.250916633811,34.0207140636743],[-118.250998446195,34.0206060437241],[-118.250978228663,34.0205954269857],[-118.251012279806,34.0205504681741],[-118.251132521236,34.0206136099815],[-118.251120130201,34.0206299714575],[-118.251372723165,34.0207626132479],[-118.251384279277,34.0207472875378]]]},"properties":{"Name":"Central Park Recreation Center","Type":"Recreation Center","AddrNumber":1357,"Street":"E 22nd St"}},{"type":"Feature","geometry":{"type":"Polygon","coordinates":[[[-118.250983544334,34.021002590452],[-118.251118054002,34.0208336356083],[-118.251328931767,34.020940832068],[-118.251382476675,34.0208745673061],[-118.251398376974,34.0208831663316],[-118.251422507157,34.0208533043274],[-118.251433047912,34.02085678932],[-118.251450870047,34.0208304473951],[-118.2515257536,34.0208697485984],[-118.251540446496,34.0208530586353],[-118.251689160341,34.0209316630808],[-118.251697547828,34.0209193703787],[-118.251760826786,34.020951680837],[-118.251623249791,34.0211011652664],[-118.251471598524,34.0212719882924],[-118.250983544334,34.021002590452]]]},"properties":{"Name":"Central Swimming Pool","Type":"Swimming Complex","AddrNumber":1357,"Street":"E 22nd St"}},{"type":"Feature","geometry":{"type":"Polygon","coordinates":[[[-118.376221234131,34.045094446859],[-118.376364711922,34.0451231688586],[-118.376324878285,34.045261053614],[-118.376343164119,34.0452647136468],[-118.376336185508,34.0452888676414],[-118.376364166566,34.045294469108],[-118.376370364543,34.0452730140312],[-118.376486229094,34.0452962081035],[-118.376448333245,34.0454273866635],[-118.376141821454,34.0453660278453],[-118.376221234131,34.045094446859]]]},"properties":{"Name":"Claude Pepper Senior Citizen Center","Type":"Senior Center","AddrNumber":1762,"Street":"S La Cienega Blvd"}},{"type":"Feature","geometry":{"type":"Polygon","coordinates":[[[-118.244130025147,33.9465855350428],[-118.243883562238,33.9465842369175],[-118.243886227185,33.946512371059],[-118.243809339946,33.9465113292823],[-118.243809395716,33.9465304919615],[-118.243781370742,33.9465299490955],[-118.243781320207,33.9465125831429],[-118.243701563384,33.9465127443213],[-118.243700779581,33.9464905891523],[-118.243690720603,33.9464906094764],[-118.243689833366,33.946432524282],[-118.243706360637,33.9464330895003],[-118.243705572688,33.9464091376028],[-118.243696946766,33.9464079569066],[-118.24369760929,33.9463887936778],[-118.243760123951,33.9463892659619],[-118.24376065403,33.9463245904689],[-118.243878492131,33.9463237536445],[-118.243878310827,33.9462614749385],[-118.243989680546,33.9462600515709],[-118.243991453689,33.9463756233456],[-118.244051814209,33.9463766993495],[-118.244049133705,33.9464431750314],[-118.244132485703,33.9464436058594],[-118.244130025147,33.9465855350428]]]},"properties":{"Name":"Watts Senior Citizen Center","Type":"Senior Center","AddrNumber":1657,"Street":"E Century Blvd"}},{"type":"Feature","geometry":{"type":"Polygon","coordinates":[[[-118.334354393465,34.048423005009],[-118.334354353211,34.0484153709461],[-118.334338292798,34.0484135212943],[-118.33435049028,34.0483352255155],[-118.334361965103,34.0483370923704],[-118.334423269309,34.0480057330527],[-118.334511567457,34.0480101818638],[-118.334522709209,34.0479490676882],[-118.33469593048,34.0479703822419],[-118.334684798652,34.0480334049499],[-118.334768535788,34.0480426416303],[-118.334714145597,34.0483806560062],[-118.334724468594,34.0483815721982],[-118.334712570448,34.0484558247159],[-118.334705449504,34.0484547761378],[-118.334703125867,34.0484646723862],[-118.334354393465,34.048423005009]]]},"properties":{"Name":"Eleanor Green Roberts Aquatic Center","Type":"Swimming Complex","AddrNumber":4526,"Street":"W Pico Blvd"}},{"type":"Feature","geometry":{"type":"Polygon","coordinates":[[[-118.308795942189,34.0140017572167],[-118.308778969648,34.0140016212303],[-118.308337267089,34.013998457242],[-118.308338479069,34.013861060114],[-118.308401429041,34.0138621524231],[-118.308401259148,34.0138386662048],[-118.30878445757,34.0138003478897],[-118.308799446244,34.0139033543949],[-118.308795942189,34.0140017572167]]]},"properties":{"Name":"Martin Luther King, Jr Recreation Center","Type":"Recreation Center","AddrNumber":3916,"Street":"S Western Ave"}},{"type":"Feature","geometry":{"type":"Polygon","coordinates":[[[-118.211487142611,34.0758206625104],[-118.211301392566,34.0758231350149],[-118.211301444085,34.0758435293428],[-118.211190512541,34.0758458698784],[-118.211185967806,34.0755785966346],[-118.211414291577,34.0755781972488],[-118.211414419091,34.0756286475616],[-118.211481491151,34.075626383613],[-118.21148283033,34.0756457028655],[-118.211631167531,34.0756422228114],[-118.211631099633,34.0756153870784],[-118.211690438401,34.0756152831055],[-118.211692146009,34.0757805874111],[-118.211635387782,34.0757806868636],[-118.211635290009,34.0757420438406],[-118.211488229388,34.0757401539531],[-118.211487142611,34.0758206625104]]]},"properties":{"Name":"Lincoln Heights Youth Center","Type":"Youth Center","AddrNumber":2911,"Street":"ALTURA ST"}},{"type":"Feature","geometry":{"type":"Polygon","coordinates":[[[-118.278867418225,34.0394159378565],[-118.27880918717,34.0393884755885],[-118.27879962229,34.0393964825276],[-118.278604979399,34.0393111277601],[-118.27864007962,34.0392399520915],[-118.278685526802,34.0392545024806],[-118.278758912069,34.0391466606213],[-118.278757536695,34.0391391684743],[-118.278719255348,34.0391392568469],[-118.278713161196,34.0390779821851],[-118.278748499131,34.0390779006096],[-118.278780662837,34.0390091838418],[-118.278834568848,34.0390354823178],[-118.278837033442,34.0390318605886],[-118.279057897938,34.0391360234083],[-118.278867418225,34.0394159378565]]]},"properties":{"Name":"Toberman Recreation Center","Type":"Recreation Center","AddrNumber":1725,"Street":"TOBERMAN ST"}},{"type":"Feature","geometry":{"type":"Polygon","coordinates":[[[-118.216324668564,34.0412917888886],[-118.216456530333,34.041415599359],[-118.216401279224,34.0414563780818],[-118.216431279683,34.0414845457747],[-118.216400611381,34.0415071813368],[-118.216389958422,34.0414971799337],[-118.216317752248,34.0415504733748],[-118.216326518439,34.0415587039554],[-118.216314440471,34.0415676182747],[-118.216320481819,34.0415732915918],[-118.216281543485,34.0416020299642],[-118.216285685038,34.0416059189541],[-118.216273372504,34.0416150067829],[-118.216230217882,34.0415744864176],[-118.216199138228,34.0416290791621],[-118.216117610968,34.0415969152119],[-118.216128763612,34.0415773248597],[-118.216087351201,34.0415609875439],[-118.216103675354,34.0415323140503],[-118.216096477159,34.0415294744951],[-118.216142173305,34.0414492080174],[-118.216182190482,34.0414649960765],[-118.216282793899,34.041391957054],[-118.216241859945,34.0413528841775],[-118.216256692477,34.0413421158964],[-118.216250679135,34.0413363758128],[-118.216298091976,34.0413019543579],[-118.216302894831,34.0413065381428],[-118.216324668564,34.0412917888886]]]},"properties":{"Name":"Hollenbeck Recreation Center","Type":"Recreation Center","AddrNumber":415,"Street":"S St. Louis St"}},{"type":"Feature","geometry":{"type":"Polygon","coordinates":[[[-118.267321293622,34.0071356432387],[-118.267240088844,34.0071340335288],[-118.267242162885,34.0070614477948],[-118.26721879637,34.0070609847563],[-118.267220152756,34.0070135054703],[-118.267326432236,34.0070156113951],[-118.267326827587,34.007001785583],[-118.267400738262,34.0069898442948],[-118.267400805693,34.007010954332],[-118.267465248491,34.0070108115452],[-118.267465506846,34.0070916726522],[-118.267380012427,34.0070918620759],[-118.267380036424,34.0070993753597],[-118.26738476266,34.0070993648897],[-118.267384873514,34.0071340707792],[-118.267364680375,34.0071341155116],[-118.267364699802,34.00714019808],[-118.267320878718,34.0071402951421],[-118.267321293622,34.0071356432387]]]},"properties":{"Name":"Gilbert Lindsay Community Center","Type":"Community Center","AddrNumber":429,"Street":"E 42nd Pl"}},{"type":"Feature","geometry":{"type":"Polygon","coordinates":[[[-118.407093153824,34.2811409957226],[-118.407122022639,34.2811683306502],[-118.407164770905,34.2811372209105],[-118.40734171582,34.2813047562523],[-118.407142402472,34.2814498041753],[-118.407075465422,34.2813864266455],[-118.407019602419,34.2814270799355],[-118.407149064098,34.2815496577064],[-118.407000863082,34.281657508286],[-118.40694930861,34.2816086947096],[-118.406915953891,34.2816329680018],[-118.406803770302,34.2815267498384],[-118.40683641723,34.2815029928313],[-118.40678464473,34.2814539734658],[-118.406936070733,34.2813437755274],[-118.406899495359,34.2813091450656],[-118.406953230655,34.2812700388074],[-118.406963951982,34.2812801901498],[-118.406972140194,34.2812742314158],[-118.406946098483,34.2812495744351],[-118.407093153824,34.2811409957226]]]},"properties":{"Name":"Hubert H Humphrey Memorial Recreation Center","Type":"Recreation Center","AddrNumber":12560,"Street":"FILMORE ST"}},{"type":"Feature","geometry":{"type":"Polygon","coordinates":[[[-118.445222016044,34.1943991844534],[-118.444969469273,34.1944001136951],[-118.444967942534,34.1941135297969],[-118.445220488438,34.1941126005583],[-118.445222016044,34.1943991844534]]]},"properties":{"Name":"Van Nuys Recreation Center","Type":"Recreation Center","AddrNumber":14301,"Street":"VANOWEN ST"}},{"type":"Feature","geometry":{"type":"Polygon","coordinates":[[[-118.354519671495,34.0716242686821],[-118.354525024871,34.0719387917839],[-118.354442586444,34.0719397630561],[-118.354444197648,34.0720344193724],[-118.354380641155,34.0720351684103],[-118.354380858876,34.072047946111],[-118.354310352961,34.0720487768046],[-118.354310256556,34.0720431533198],[-118.354179680223,34.0720446920287],[-118.354179745326,34.0720485540083],[-118.354111377855,34.0720493593832],[-118.354111082317,34.0720320093312],[-118.354042929354,34.0720328122354],[-118.354041467399,34.0719469472347],[-118.353968181807,34.071947811119],[-118.353962761502,34.0716292655511],[-118.354035212677,34.0716284122288],[-118.354034484289,34.0715855779887],[-118.354386692332,34.0715814267538],[-118.354387371474,34.0716212887801],[-118.354519671495,34.0716242686821]]]},"properties":{"Name":"Pan Pacific Park Pool","Type":"Swimming Complex","AddrNumber":141,"Street":"S Gardner St"}},{"type":"Feature","geometry":{"type":"Polygon","coordinates":[[[-118.428919060607,34.0177786657059],[-118.429033349429,34.0177216089701],[-118.429094679459,34.0178108402691],[-118.429041107141,34.0178378648465],[-118.429073577621,34.0178854559042],[-118.428780683834,34.0180266337759],[-118.428766239341,34.0180028322988],[-118.428505524879,34.0181349501776],[-118.428530772398,34.0181706397276],[-118.428487942778,34.0181976268231],[-118.428361734872,34.0180251398135],[-118.428415338049,34.0180040781741],[-118.42840810005,34.017989195196],[-118.428615288619,34.0178930476716],[-118.428600827842,34.0178662639589],[-118.428747298184,34.0178001482078],[-118.42875459623,34.0178269564426],[-118.428901019464,34.0177518956524],[-118.428919060607,34.0177786657059]]]},"properties":{"Name":"Mar Vista Recreation Center","Type":"Recreation Center","AddrNumber":11430,"Street":"Woodbine Ave"}},{"type":"Feature","geometry":{"type":"Polygon","coordinates":[[[-118.262900476,34.0237112164],[-118.263045188121,34.0237779244481],[-118.262947415935,34.0239249730961],[-118.262969787316,34.0239352856406],[-118.262895977338,34.0240462939082],[-118.262860030428,34.0240297236459],[-118.262854304897,34.024038334897],[-118.262766313523,34.023997772829],[-118.262705726933,34.0239698445942],[-118.262776856991,34.023862866703],[-118.262734353407,34.0238432743255],[-118.262818774968,34.0237163067269],[-118.262878187113,34.0237436938397],[-118.262900476,34.0237112164]]]},"properties":{"Name":"Trinity Recreation Center","Type":"Recreation Center","AddrNumber":2415,"Street":"TRINITY ST"}},{"type":"Feature","geometry":{"type":"Polygon","coordinates":[[[-118.270461980143,34.1179096588337],[-118.270624862328,34.1177268176544],[-118.270659021776,34.1177478676807],[-118.270821849337,34.1175560903637],[-118.271148113555,34.1177477107734],[-118.270652283605,34.118331695626],[-118.270326019328,34.1181400738722],[-118.270501156404,34.1179338007539],[-118.270461980143,34.1179096588337]]]},"properties":{"Name":"Griffith Park Pool","Type":"Swimming Complex","AddrNumber":3401,"Street":"RIVERSIDE DR"}},{"type":"Feature","geometry":{"type":"Polygon","coordinates":[[[-118.317970011095,34.0351846443357],[-118.317836877505,34.035184994876],[-118.317836684561,34.0351341941079],[-118.317815605405,34.0351342495957],[-118.317815335302,34.0350631285206],[-118.317932936018,34.0350628189064],[-118.317932999182,34.0350794447762],[-118.317969611009,34.0350793483627],[-118.317970011095,34.0351846443357]]]},"properties":{"Name":"South Seas House","Type":"Recreation Center","AddrNumber":2301,"Street":"W 24th St"}},{"type":"Feature","geometry":{"type":"Polygon","coordinates":[[[-118.293712698119,33.7141819275649],[-118.293748106593,33.7142386347556],[-118.293780565653,33.7142956006591],[-118.293810106776,33.7143528819954],[-118.293836131516,33.7144093208983],[-118.293858669194,33.7144649749945],[-118.293877261713,33.7145187194304],[-118.293891929748,33.7145706073459],[-118.293902375126,33.7146195910251],[-118.293908608797,33.7146657191235],[-118.293910505593,33.7147080597952],[-118.293908066731,33.7147466545066],[-118.293901341264,33.714780725142],[-118.293890322828,33.7148103041702],[-118.293875234794,33.7148347951521],[-118.29385606106,33.7148542215643],[-118.293833188611,33.7148681921096],[-118.293806595918,33.7148767194595],[-118.293776818523,33.7148796319198],[-118.293743828399,33.7148769331625],[-118.293708291328,33.714868676551],[-118.293670172767,33.7148548531522],[-118.293630240703,33.7148357450619],[-118.29358845731,33.714811329833],[-118.293545665756,33.7147821030346],[-118.293501823874,33.7147480350192],[-118.29345781757,33.7147098132724],[-118.293413601416,33.7146674009434],[-118.293370070529,33.7146216531766],[-118.293327179452,33.7145725259098],[-118.293285797889,33.7145210113788],[-118.293245881425,33.7144670565052],[-118.293208237541,33.7144117537441],[-118.29317282828,33.7143550463956],[-118.293140370688,33.714298080325],[-118.293110830041,33.7142407988247],[-118.293084804759,33.7141843588674],[-118.293062268748,33.7141287046259],[-118.29304367576,33.7140749609713],[-118.293029009415,33.7140230729536],[-118.29301856462,33.7139740892029],[-118.29301233149,33.7139279610632],[-118.293010435164,33.7138856203823],[-118.293012874413,33.7138470256941],[-118.293019600166,33.7138129551131],[-118.293030617699,33.7137833761717],[-118.293045706869,33.7137588852971],[-118.29306488054,33.7137394590173],[-118.29308775281,33.7137254886204],[-118.293114345212,33.7137169614309],[-118.293144122217,33.7137140491351],[-118.293177110787,33.7137167480591],[-118.293212647318,33.7137250048261],[-118.293250766367,33.7137388274634],[-118.293290696747,33.7137579365808],[-118.293332480608,33.7137823519065],[-118.2933752705,33.713811578779],[-118.293419112921,33.7138456468332],[-118.293463118754,33.7138838685891],[-118.293507334521,33.7139262808949],[-118.293550865123,33.7139720286073],[-118.293593754945,33.7140211557925],[-118.29363513753,33.714072670211],[-118.293675054056,33.7141266249523],[-118.293712698119,33.7141819275649]]]},"properties":{"Name":"Hey Rookie Pool","Type":"Swimming Complex","AddrNumber":3601,"Street":"S Gaffey St"}},{"type":"Feature","geometry":{"type":"Polygon","coordinates":[[[-118.267185568768,33.9977451805954],[-118.267173718425,33.9972780432633],[-118.267558110985,33.9972743581729],[-118.267494969816,33.9972093303063],[-118.267578068696,33.9971326451507],[-118.267641196286,33.9971934232018],[-118.267715831522,33.997129506126],[-118.267797691909,33.9971973258423],[-118.267714592083,33.9972740111518],[-118.26770967999,33.9973335228798],[-118.267677363278,33.9973335945624],[-118.267682124057,33.9977585912376],[-118.267185568768,33.9977451805954]]]},"properties":{"Name":"South Park Pool","Type":"Swimming Complex","AddrNumber":345,"Street":"E 51st St"}},{"type":"Feature","geometry":{"type":"Polygon","coordinates":[[[-118.304271092675,34.0229233532722],[-118.304608560043,34.0229212644292],[-118.304610460937,34.0231341703914],[-118.304268939079,34.0231362847827],[-118.30426846407,34.0230830578399],[-118.304258293183,34.0230831213386],[-118.304257310035,34.0229729108609],[-118.304272765564,34.0229728151104],[-118.304271092675,34.0229233532722]]]},"properties":{"Name":"Betty Hill Senior Citizen Center","Type":"Senior Center","AddrNumber":3570,"Street":"S Denker Ave"}},{"type":"Feature","geometry":{"type":"Polygon","coordinates":[[[-118.612259039706,34.1766315355803],[-118.612221308465,34.1767005137495],[-118.612210008653,34.1767195854857],[-118.612102710641,34.1766472375864],[-118.612065388683,34.1765942820625],[-118.612045907725,34.1765477499194],[-118.612034786168,34.1764993561471],[-118.612032260437,34.1764501327246],[-118.612038384839,34.176401127877],[-118.612053028175,34.1763533871603],[-118.612091754966,34.1762860087594],[-118.612124998535,34.1763064363535],[-118.612237493134,34.1763074518401],[-118.612200944933,34.1762632681033],[-118.612337770492,34.1762023610622],[-118.612685297385,34.1760152031673],[-118.612733563712,34.176097357362],[-118.612634681454,34.1761651074263],[-118.612319960371,34.1763735874613],[-118.612304986233,34.1764116932463],[-118.612297686059,34.1764560989572],[-118.612299836826,34.1764893650822],[-118.61230006909,34.1765210550985],[-118.612313564995,34.176541587127],[-118.612259039706,34.1766315355803]]]},"properties":{"Name":"Woodland Hills Recreation Center","Type":"Recreation Center","AddrNumber":5858,"Street":"SHOUP AVE"}},{"type":"Feature","geometry":{"type":"Polygon","coordinates":[[[-118.548963514162,34.23332228829],[-118.548851893584,34.2333220814326],[-118.548848744604,34.2334960991434],[-118.548757729647,34.2334957987481],[-118.548756650768,34.2334622869335],[-118.548660493759,34.2334634360237],[-118.548661103948,34.233425636921],[-118.548722935516,34.2334274959538],[-118.54872356443,34.2333925501528],[-118.548609372716,34.2333930678504],[-118.548609686679,34.2334408455618],[-118.548377825569,34.2334354782991],[-118.548377539843,34.2333919791883],[-118.548311420111,34.2333908525288],[-118.54831274065,34.2331997273059],[-118.548655348889,34.2332031664259],[-118.548655208297,34.2331817734208],[-118.548729904233,34.2331814347637],[-118.548729190957,34.2332035447617],[-118.548814190888,34.2332031593327],[-118.548811136303,34.2332609369212],[-118.548848070168,34.2332629087927],[-118.548846198308,34.2332393833733],[-118.548963847553,34.233242415375],[-118.548963514162,34.23332228829]]]},"properties":{"Name":"Robert M Wilkinson Multi-Purpose Senior Center","Type":"Senior Center","AddrNumber":8956,"Street":"VANALDEN AVE"}},{"type":"Feature","geometry":{"type":"Polygon","coordinates":[[[-118.548697972528,34.2330434233111],[-118.548655913498,34.2330429793066],[-118.548655842663,34.2330883579504],[-118.54861324047,34.2330886772967],[-118.548612326973,34.2330428270997],[-118.548560707798,34.2330421406098],[-118.548558172755,34.2328890924447],[-118.548696569922,34.2328881477071],[-118.548698107121,34.2330434227009],[-118.548697972528,34.2330434233111]]]},"properties":{"Name":"Annex Building - Vanalden Park","Type":"Recreation Center","AddrNumber":9000,"Street":"VANALDEN AVE"}},{"type":"Feature","geometry":{"type":"Polygon","coordinates":[[[-118.393536960436,34.2726313161118],[-118.394058644274,34.2726331119643],[-118.394058701998,34.2726453357191],[-118.394075539207,34.2726470271985],[-118.394076099983,34.2727657731463],[-118.393996149878,34.2727625407746],[-118.393996232328,34.2727800032814],[-118.393981598603,34.2727992599512],[-118.394025821339,34.2728095946147],[-118.394021820499,34.2728532645721],[-118.394009207806,34.2728550518932],[-118.393992792137,34.2729424200872],[-118.393779608982,34.2729192634224],[-118.393800722235,34.2728050880981],[-118.393901730904,34.2728134909255],[-118.393909905802,34.2727628213813],[-118.393731108273,34.2727634029275],[-118.393725391045,34.2728891543996],[-118.393552911952,34.2728914614131],[-118.393555119227,34.2727568826882],[-118.393517694022,34.2727572197948],[-118.393518482005,34.2727274223321],[-118.393505811677,34.2727169858458],[-118.39349994479,34.272703755021],[-118.393497248423,34.2726855806809],[-118.393509812775,34.2726733150038],[-118.39351819444,34.2726717398239],[-118.393520014368,34.2726440738474],[-118.393534485722,34.2726428728462],[-118.393536960436,34.2726313161118]]]},"properties":{"Name":"Lake View Terrace Branch Library","Type":"Library","AddrNumber":12002,"Street":"OSBORNE ST"}},{"type":"Feature","geometry":{"type":"Polygon","coordinates":[[[-118.393103483112,34.2725995449536],[-118.393800761392,34.2732591228231],[-118.393704304147,34.2733240496663],[-118.393147815282,34.2730796309213],[-118.392450329094,34.2728216964945],[-118.393103483112,34.2725995449536]]]},"properties":{"Name":"Discovery Cube Lost Angeles","Type":"Museum","AddrNumber":11800,"Street":"FOOTHILL BLVD"}},{"type":"Feature","geometry":{"type":"Polygon","coordinates":[[[-118.454561841882,34.2147937763471],[-118.454736483333,34.2147931201242],[-118.454736429462,34.2147832277283],[-118.454784853009,34.21478304573],[-118.454784885336,34.2147889813479],[-118.454826163965,34.2147888261883],[-118.454826609364,34.2148705996018],[-118.454794062178,34.2148707219425],[-118.454794098099,34.2148773174741],[-118.454736943013,34.2148775322917],[-118.45473691069,34.2148715966738],[-118.454627362363,34.2148720083359],[-118.454627473667,34.2148924521402],[-118.454550472508,34.2148927414368],[-118.45455026071,34.2148538326679],[-118.454558993277,34.2148537998617],[-118.45455890353,34.2148373128354],[-118.454424747362,34.2148378167584],[-118.454424366954,34.2147679136778],[-118.454464057935,34.2147677646044],[-118.454464215853,34.2147967809774],[-118.454561841882,34.2147937763471]]]},"properties":{"Name":"Andres And Maria Cardenas Recreation Center","Type":"Recreation Center","AddrNumber":14740,"Street":"BLYTHE ST"}},{"type":"Feature","geometry":{"type":"Polygon","coordinates":[[[-118.439026398649,34.264535295562],[-118.439086392992,34.2645941946077],[-118.439093694987,34.2645889518205],[-118.439102108855,34.2645958757764],[-118.43924923411,34.2644979749683],[-118.439292383595,34.2645395470437],[-118.439311139033,34.2645220919079],[-118.439572115307,34.2647680410172],[-118.439152762175,34.2650686204698],[-118.438893955031,34.2648365724402],[-118.438923176855,34.2648182094373],[-118.438871573481,34.2647618889478],[-118.438999892376,34.2646718801715],[-118.438989371283,34.264662355697],[-118.439001532976,34.2646512109492],[-118.438946560795,34.2645966516927],[-118.439026398649,34.264535295562]]]},"properties":{"Name":"Ritchie Valens Pool","Type":"Swimming Complex","AddrNumber":10731,"Street":"LAUREL CANYON BLVD"}},{"type":"Feature","geometry":{"type":"MultiPolygon","coordinates":[[[[-118.335681451865,34.1049535994171],[-118.335714207585,34.1048986455508],[-118.335701270663,34.1048903332842],[-118.335701866542,34.1046816165276],[-118.335868186227,34.1046819450039],[-118.335867784229,34.1048230768048],[-118.335845925731,34.1048517657791],[-118.335907839662,34.1049171902218],[-118.336055343174,34.1048738445298],[-118.3360896237,34.1049545645264],[-118.335824452411,34.1050324893219],[-118.335749148965,34.1050309333712],[-118.335681451865,34.1049535994171]]],[[[-118.336099444103,34.1048985366069],[-118.33617175796,34.104880854702],[-118.336184811095,34.1049177903088],[-118.336112496129,34.1049354731262],[-118.336099444103,34.1048985366069]]]]},"properties":{"Name":"Las Palmas Senior Citizen Center","Type":"Senior Center","AddrNumber":1820,"Street":"LAS PALMAS AVE"}},{"type":"Feature","geometry":{"type":"MultiPolygon","coordinates":[[[[-118.335326292986,34.103451305998],[-118.335325976918,34.1033724920489],[-118.335298111446,34.1033725693736],[-118.335298032435,34.1033528656609],[-118.335304966268,34.1033447335141],[-118.335304803598,34.1033041676303],[-118.335431593993,34.1033038157367],[-118.335431542848,34.1032910663817],[-118.335529022913,34.1032780462483],[-118.335537484216,34.1033035217474],[-118.335660094575,34.103303181221],[-118.335660303944,34.1033553370992],[-118.335675630384,34.1033552945242],[-118.33567568622,34.1033692032392],[-118.335660359778,34.1033692458142],[-118.335660545884,34.1034156066951],[-118.33562710665,34.1034156995784],[-118.335627246217,34.1034504704645],[-118.335326292986,34.103451305998]]],[[[-118.3349709828,34.1034476548869],[-118.334970820291,34.1034070890025],[-118.334961067589,34.1034071160376],[-118.334960663653,34.1033062814575],[-118.334956483618,34.1033062930445],[-118.334956432546,34.1032935436894],[-118.33498290537,34.1032934703041],[-118.33498289144,34.1032899931253],[-118.335067882564,34.1032897574822],[-118.335067905786,34.1032955524798],[-118.335086018543,34.1032955022533],[-118.335085986031,34.1032873894371],[-118.33510827882,34.1032873276158],[-118.335111093019,34.1032942742462],[-118.335158423115,34.1032837113254],[-118.335165519556,34.1033161441693],[-118.335152980535,34.1033161789483],[-118.335150254602,34.1033312547518],[-118.335171162987,34.1033335146032],[-118.335171399927,34.1033926248399],[-118.335157457897,34.1033903456666],[-118.335157685534,34.1034471371832],[-118.3349709828,34.1034476548869]]]]},"properties":{"Name":"Yucca Community Center","Type":"Community Center","AddrNumber":6671,"Street":"YUCCA ST"}},{"type":"Feature","geometry":{"type":"Polygon","coordinates":[[[-118.350141544945,34.0876037426676],[-118.350297237925,34.0876048518933],[-118.350292642775,34.0878514483398],[-118.350228637466,34.0878506232828],[-118.350228443709,34.0878610212383],[-118.349894730966,34.0878567160092],[-118.349894982307,34.0878432373454],[-118.349825528548,34.087842341307],[-118.349828563062,34.0876795307747],[-118.349896259051,34.0876804039542],[-118.349897239646,34.0876278218383],[-118.350137999572,34.0876309278874],[-118.350141544945,34.0876037426676]]]},"properties":{"Name":"Poinsettia Recreation Center","Type":"Recreation Center","AddrNumber":7341,"Street":"WILLOUGHBY AVE"}},{"type":"Feature","geometry":{"type":"Polygon","coordinates":[[[-118.407917670807,34.0450252688559],[-118.408290457087,34.0450812563902],[-118.408283675216,34.0451125436349],[-118.40832791627,34.0451191880036],[-118.408304047942,34.0452293163215],[-118.408256009163,34.0452221014909],[-118.408250568217,34.0452472095907],[-118.408044037486,34.0452161916914],[-118.408014857997,34.0453508235746],[-118.407971939093,34.0453443774691],[-118.407966458849,34.0453696632909],[-118.40800033336,34.0453747506936],[-118.407987840218,34.0454323901393],[-118.407948675595,34.0454265074211],[-118.407946420583,34.045436913338],[-118.407922998328,34.0454333953423],[-118.40791079113,34.0454897202783],[-118.407813604608,34.0454751236396],[-118.407826305479,34.045416526081],[-118.407796356526,34.045412028499],[-118.407811312427,34.0453430250282],[-118.40775887986,34.0453351504909],[-118.407663531442,34.0452074112623],[-118.407729226943,34.045164252974],[-118.407763658589,34.0451736785483],[-118.407780746542,34.0451521526034],[-118.407749087526,34.0451236357934],[-118.407917670807,34.0450252688559]]]},"properties":{"Name":"Cheviot Hills Recreation Center","Type":"Recreation Center","AddrNumber":2551,"Street":"MOTOR AVE"}},{"type":"Feature","geometry":{"type":"Polygon","coordinates":[[[-118.448285595716,34.1626369961504],[-118.448470836729,34.1626363092716],[-118.448474517037,34.1630219336248],[-118.448305354847,34.1630172048507],[-118.448305599103,34.1630627298835],[-118.448476292851,34.1630527245275],[-118.448476047837,34.1633071389657],[-118.448306877881,34.1633010705328],[-118.448307158064,34.163353291166],[-118.448257208831,34.1633507987658],[-118.448253304285,34.1632236060254],[-118.448221081285,34.1632223866847],[-118.448217967987,34.1632424836218],[-118.447870027712,34.1632424340371],[-118.447838575558,34.1630845458255],[-118.448225260292,34.1631005209276],[-118.448226964185,34.163117921535],[-118.448247911351,34.1631191826732],[-118.448250856266,34.1624670702563],[-118.448284721495,34.1624671755078],[-118.448285595716,34.1626369961504]]]},"properties":{"Name":"Sherman Oaks East Valley Adult Center","Type":"Adult Center","AddrNumber":5056,"Street":"N Van Nuys Blvd"}},{"type":"Feature","geometry":{"type":"Polygon","coordinates":[[[-118.30470816909,34.0866184255171],[-118.304619367125,34.0866190668669],[-118.304616625109,34.086356206647],[-118.304799750073,34.0863548838112],[-118.304800341056,34.0864114967776],[-118.304828072573,34.0864112969891],[-118.304830033833,34.0865991913131],[-118.304799915264,34.0865994088443],[-118.304800115321,34.0866186245116],[-118.30470816909,34.0866184255171]]]},"properties":{"Name":"Lemon Grove Recreation Center","Type":"Recreation Center","AddrNumber":4959,"Street":"LEMON GROVE AVE"}},{"type":"Feature","geometry":{"type":"Polygon","coordinates":[[[-118.453850418811,34.0384957860345],[-118.453794771473,34.0385277599077],[-118.453803304877,34.038537727672],[-118.453532854492,34.0386999186303],[-118.453524327479,34.0386911273273],[-118.453468677779,34.0387225123555],[-118.453355615199,34.0385905851473],[-118.453410552422,34.0385580263424],[-118.453367196604,34.0385111307736],[-118.453569342293,34.038392136949],[-118.453555130651,34.038377484481],[-118.453683305957,34.0382993563522],[-118.453850418811,34.0384957860345]]]},"properties":{"Name":"Stoner Recreation Center","Type":"Recreation Center","AddrNumber":1835,"Street":"STONER AVE"}},{"type":"Feature","geometry":{"type":"MultiPolygon","coordinates":[[[[-118.301599958796,34.0541794496303],[-118.301599736241,34.0541177115068],[-118.301652151507,34.0541175805936],[-118.301651911108,34.0540509039254],[-118.301829927695,34.0540504591389],[-118.301830390961,34.0541788739298],[-118.301899619498,34.0541787008868],[-118.301900240299,34.0543507430987],[-118.301599590092,34.0543514943134],[-118.30159896991,34.0541794520999],[-118.301599958796,34.0541794496303]]],[[[-118.301845804392,34.0540652370287],[-118.301899209593,34.054065103534],[-118.301899569001,34.0541647065396],[-118.301846163736,34.0541648400344],[-118.301845804392,34.0540652370287]]]]},"properties":{"Name":"Seoul International Recreation Center","Type":"Recreation Center","AddrNumber":3250,"Street":"SAN MARINO ST"}},{"type":"Feature","geometry":{"type":"Polygon","coordinates":[[[-118.402019871899,34.2299278261767],[-118.401881117309,34.2297974973208],[-118.401847252444,34.2298202546052],[-118.401808548707,34.2297805198137],[-118.401783088108,34.2297976289882],[-118.401743351427,34.2297568337906],[-118.4017583889,34.2297467290174],[-118.401717631272,34.2297048860076],[-118.401770201023,34.229670864152],[-118.401650724062,34.2295482062282],[-118.401908485338,34.22936401551],[-118.401920800037,34.229375904663],[-118.401930827232,34.2293687383924],[-118.401938485201,34.2293640961823],[-118.401960086222,34.2293479473104],[-118.401949973084,34.2293386139216],[-118.402002564769,34.2292992962572],[-118.402017072692,34.2293126845847],[-118.4020348389,34.2292974256349],[-118.402077730627,34.2293404442651],[-118.402066360469,34.2293529503113],[-118.402171674261,34.2294501359613],[-118.402201301622,34.2294321419706],[-118.402246829453,34.2294741555809],[-118.402217284761,34.2294962431918],[-118.40232507706,34.2295957157873],[-118.402338380048,34.2295874324055],[-118.40238536481,34.2296310557749],[-118.402373449078,34.2296416136374],[-118.402379506437,34.2296467313619],[-118.40232802784,34.2296845940133],[-118.402321017266,34.2296785283326],[-118.402296669571,34.2296965850384],[-118.402307193116,34.2297072783566],[-118.40229214032,34.2297186931837],[-118.402304627965,34.2297308611998],[-118.402288605252,34.2297410161963],[-118.402319651551,34.2297674434472],[-118.402103250375,34.2299211590666],[-118.402070644759,34.229890533971],[-118.402019871899,34.2299278261767]]]},"properties":{"Name":"Fernangeles Pool","Type":"Swimming Complex","AddrNumber":8851,"Street":"LAUREL CANYON BLVD"}},{"type":"Feature","geometry":{"type":"MultiPolygon","coordinates":[[[[-118.285611454707,33.7116706778963],[-118.285611454995,33.7116279305493],[-118.28563559221,33.7116279300251],[-118.285635592104,33.7114394533384],[-118.285598996945,33.7114394527937],[-118.285598997197,33.711396058171],[-118.285442495136,33.711396058266],[-118.285442494671,33.7114213183075],[-118.28524239013,33.7114213179391],[-118.285242390203,33.7113222214133],[-118.285307015488,33.7113222213894],[-118.285307015742,33.7112930758824],[-118.285373976775,33.7112334883209],[-118.285440937387,33.7112334880929],[-118.285511013463,33.7112995522947],[-118.285511013538,33.7113643214895],[-118.285584981535,33.7113643216759],[-118.285658425545,33.7111410746121],[-118.285788980039,33.71121211462],[-118.285721240198,33.7112982570549],[-118.285844262284,33.7112982568362],[-118.285844262235,33.7113727415014],[-118.285868398497,33.7113455381588],[-118.285885469872,33.7113575145832],[-118.285899982365,33.7113716525752],[-118.285911549595,33.7113875753254],[-118.285919863763,33.7114048580583],[-118.285924703247,33.7114230415361],[-118.285925939106,33.7114416401572],[-118.285923538369,33.7114601590762],[-118.285917564078,33.7114781050224],[-118.285908177489,33.7114949998168],[-118.285895627326,33.7115103930185],[-118.285880247676,33.7115238754529],[-118.285862448301,33.7115350873477],[-118.285842704979,33.7115437309777],[-118.285843483697,33.7116324638119],[-118.285743041763,33.7116324644773],[-118.285738369867,33.7116324638567],[-118.285738369325,33.7116706775589],[-118.285611454707,33.7116706778963]]],[[[-118.285239282843,33.7112645174346],[-118.285239282561,33.7112002611955],[-118.285264239468,33.7112002606046],[-118.28526423876,33.7110885529959],[-118.285232152448,33.711006502413],[-118.285261862179,33.7110074903151],[-118.285209811114,33.7109514376639],[-118.285219379943,33.7109437152591],[-118.285171543784,33.7109027022428],[-118.285191503311,33.7108865937886],[-118.285131138192,33.7108700798862],[-118.285181279271,33.7107432524407],[-118.285230082063,33.7108017991431],[-118.285264239057,33.7107820969828],[-118.285438933477,33.7109916734985],[-118.285432991191,33.7110460444637],[-118.285492411525,33.7110460449721],[-118.285492411704,33.7111597295722],[-118.285438046653,33.711157987989],[-118.285434405188,33.7111866309861],[-118.285479199916,33.71119057241],[-118.285476962076,33.7112081695992],[-118.285353369225,33.7111972950966],[-118.285289195622,33.7112645180533],[-118.285239282843,33.7112645174346]]],[[[-118.285598237645,33.7118437126208],[-118.285600521656,33.7117565690676],[-118.285622596694,33.7117569692014],[-118.285623869486,33.7117084023513],[-118.285838041379,33.711712287479],[-118.285837986866,33.7117932757024],[-118.285780371676,33.711793248537],[-118.285780334836,33.7118483735731],[-118.285598237645,33.7118437126208]]],[[[-118.285409479503,33.7115314175639],[-118.285396433279,33.7114890942299],[-118.285467480521,33.7114739390844],[-118.285502316568,33.7114419550053],[-118.28553736295,33.7114683687097],[-118.285490108726,33.7115117538014],[-118.285522127555,33.7115033614563],[-118.285541860552,33.7115554609997],[-118.285508959027,33.7115640844265],[-118.285549410126,33.7116708829074],[-118.285514479151,33.7116800376301],[-118.285528018737,33.711715785139],[-118.28547118029,33.711730682124],[-118.285396928114,33.7115340950534],[-118.285409479503,33.7115314175639]]],[[[-118.285901877266,33.7116479218823],[-118.285893140982,33.7116457592142],[-118.285890082807,33.7116543081997],[-118.285852726879,33.7116450601461],[-118.285874506,33.7115841877571],[-118.285943196779,33.7116011935492],[-118.285922997017,33.711657652958],[-118.286006324285,33.7116782831099],[-118.285986858631,33.7117326889695],[-118.285882004443,33.7117034681889],[-118.285901877266,33.7116479218823]]],[[[-118.285253459676,33.7117802448021],[-118.285385793458,33.7117797947572],[-118.285386162364,33.7118547265971],[-118.285253828925,33.711855312768],[-118.285253459676,33.7117802448021]]],[[[-118.285472971122,33.7118421502038],[-118.285472970806,33.7117573036891],[-118.285577305963,33.7117573039224],[-118.285577306384,33.7118421504372],[-118.285472971122,33.7118421502038]]],[[[-118.285490843978,33.7109177552818],[-118.285514033446,33.7108465303938],[-118.285628120016,33.7108722335461],[-118.285604930638,33.7109434584563],[-118.285490843978,33.7109177552818]]],[[[-118.285931957978,33.7118491058394],[-118.285976583883,33.7117707071352],[-118.286031043418,33.7117921577554],[-118.285975932599,33.7118889756251],[-118.285906507482,33.7119041308214],[-118.285889378688,33.7118607354416],[-118.285931957978,33.7118491058394]]]]},"properties":{"Name":"Cabrillo Beach Marine Aquarium","Type":"Recreation Center","AddrNumber":3720,"Street":"STEPHEN M WHITE DR"}},{"type":"Feature","geometry":{"type":"Polygon","coordinates":[[[-118.370794316881,34.2752485944119],[-118.370793177162,34.2749921090087],[-118.370834017657,34.2749919839371],[-118.370833866987,34.274958080321],[-118.3709439572,34.2749577431076],[-118.370944114467,34.2749931207154],[-118.37120158432,34.2749923316778],[-118.371201656447,34.2750085455882],[-118.37121586217,34.2750085020376],[-118.37121608513,34.275058620465],[-118.371283559366,34.2750584135862],[-118.371283867627,34.2751276939073],[-118.371356669752,34.2751274706508],[-118.371357128957,34.2752306545868],[-118.371392642815,34.2752305456634],[-118.371393062698,34.2753248847466],[-118.371149796512,34.2753256306519],[-118.371149475249,34.275253402347],[-118.370794316881,34.2752485944119]]]},"properties":{"Name":"Lake View Terrace Recreation Center","Type":"Recreation Center","AddrNumber":11075,"Street":"FOOTHILL BLVD"}},{"type":"Feature","geometry":{"type":"Polygon","coordinates":[[[-118.448470752352,34.053331127626],[-118.448568515722,34.0534448052742],[-118.448289717239,34.0536109154467],[-118.44824455658,34.053558402704],[-118.448187834554,34.0535921972612],[-118.448195998089,34.0535978619691],[-118.448202870922,34.0536046088026],[-118.448208248355,34.0536122383807],[-118.448211973204,34.0536205240999],[-118.448213931495,34.0536292175592],[-118.448214067698,34.0536380629286],[-118.448212376065,34.0536467960791],[-118.448208908284,34.053655158078],[-118.448203765909,34.0536628988226],[-118.448197103691,34.0536697905511],[-118.448189117653,34.0536756269855],[-118.448180045158,34.0536802350513],[-118.448170157333,34.0536834776101],[-118.448159747196,34.0536852589128],[-118.448149125312,34.0536855246162],[-118.448138604671,34.0536842681496],[-118.448128500664,34.0536815271087],[-118.448119112663,34.053677381521],[-118.448110718615,34.0536719556689],[-118.448103569586,34.0536654108976],[-118.448097876742,34.0536579411555],[-118.44809381024,34.053649768491],[-118.447820608723,34.0533376873373],[-118.447775906066,34.0533647991172],[-118.447606441599,34.0531712165926],[-118.447682732694,34.0531249464288],[-118.447661314152,34.0531004796984],[-118.447648612474,34.0531081835301],[-118.447598733283,34.0530512056017],[-118.447806094733,34.052925442449],[-118.447801702334,34.0529140425822],[-118.447799653555,34.052902192272],[-118.447800007581,34.0528902239661],[-118.447802754286,34.052878472172],[-118.447807815278,34.0528672653395],[-118.447815050353,34.0528569186241],[-118.44782425634,34.0528477194677],[-118.447835175766,34.0528399275654],[-118.447847503262,34.0528337586149],[-118.447860893166,34.0528293869927],[-118.447874972457,34.0528269348877],[-118.447889343999,34.0528264704862],[-118.44790360927,34.0528280060848],[-118.447917366218,34.0528315008024],[-118.447930230883,34.0528368541899],[-118.447941843965,34.0528439188267],[-118.447951879459,34.0528524948799],[-118.447960056648,34.0528623444841],[-118.448027081487,34.0528185525389],[-118.448159940377,34.052973570072],[-118.448162621788,34.052968038211],[-118.448166388763,34.0529629630063],[-118.448171132695,34.0529584918114],[-118.4481767178,34.0529547531481],[-118.448182982189,34.0529518549001],[-118.448189745428,34.0529498806782],[-118.448196811778,34.052948887104],[-118.448203978844,34.0529489019747],[-118.448211038678,34.0529499269638],[-118.448217789649,34.0529519303641],[-118.448224035414,34.0529548561078],[-118.448229596802,34.052958619214],[-118.448234312932,34.0529631111941],[-118.448238047716,34.0529682018304],[-118.448240695311,34.0529737454671],[-118.448242176874,34.0529795819234],[-118.448242451428,34.0529855427642],[-118.448241510472,34.052991456729],[-118.44823938125,34.052997152425],[-118.448236124623,34.0530024664478],[-118.448231835088,34.0530072460873],[-118.448226636456,34.053011352047],[-118.448220677568,34.0530146665748],[-118.448214131211,34.0530170943678],[-118.448207185473,34.0530185653096],[-118.448200041592,34.0530190380841],[-118.448280231956,34.0531078996787],[-118.448255410659,34.0531245791817],[-118.448303052036,34.0531824594723],[-118.448325404435,34.0531699361924],[-118.448332933366,34.053180275008],[-118.448399980495,34.0531406307414],[-118.448536575105,34.0532901769964],[-118.448470752352,34.053331127626]]]},"properties":{"Name":"Westwood Recreation Center","Type":"Recreation Center","AddrNumber":1350,"Street":"S Sepulveda Blvd"}},{"type":"Feature","geometry":{"type":"Polygon","coordinates":[[[-118.353452452386,34.0724173633773],[-118.35368768057,34.0724166748385],[-118.353687079261,34.0722744650604],[-118.353520208695,34.0722749535561],[-118.353406934806,34.0721129963293],[-118.353597925217,34.0721107641376],[-118.353615821258,34.0720638662526],[-118.353726398513,34.0720635424869],[-118.353752711152,34.0721052920873],[-118.35382508254,34.0721034068698],[-118.353827806929,34.0722723796693],[-118.353767825071,34.0723511907356],[-118.353768221317,34.0724448814698],[-118.353828535866,34.0724447048085],[-118.353828833103,34.0725149730847],[-118.353686088332,34.0725153911353],[-118.353686229819,34.0725488529493],[-118.353521368326,34.0725493355623],[-118.353521276403,34.0725275854282],[-118.353452918978,34.0725277854707],[-118.353452452386,34.0724173633773]]]},"properties":{"Name":"Pan Pacific Senior Activity Center","Type":"Senior Center","AddrNumber":141,"Street":"S Gardner St"}},{"type":"Feature","geometry":{"type":"Polygon","coordinates":[[[-118.214896900458,34.072693115936],[-118.214509939238,34.0726991705471],[-118.214505129193,34.0724862845293],[-118.214892089426,34.0724802290321],[-118.214896900458,34.072693115936]]]},"properties":{"Name":"Lincoln Heights Senior Citizen Center","Type":"Senior Center","AddrNumber":2323,"Street":"WORKMAN ST"}},{"type":"Feature","geometry":{"type":"Polygon","coordinates":[[[-118.248849800217,33.9366913443636],[-118.248845524442,33.9365299588837],[-118.24881704451,33.9365284354735],[-118.248817833303,33.9364746354451],[-118.24920319996,33.9364738397381],[-118.249203381155,33.9365347579959],[-118.249223316279,33.9365355074362],[-118.249222706604,33.9366494350948],[-118.249182841004,33.9366495174729],[-118.249182998654,33.9367025240119],[-118.249108959676,33.9367018854333],[-118.249107982888,33.9366923944107],[-118.248849800217,33.9366913443636]]]},"properties":{"Name":"109th Street Recreation Center","Type":"Recreation Center","AddrNumber":1464,"Street":"E 109th St"}},{"type":"Feature","geometry":{"type":"Polygon","coordinates":[[[-118.26023079254,34.0699579763922],[-118.260231041973,34.0699587583838],[-118.260134879614,34.0699136455527],[-118.260142006847,34.0699011070347],[-118.260044415072,34.0698571890344],[-118.259892287031,34.0697883428748],[-118.259876586303,34.069809248002],[-118.259825638054,34.0697861008091],[-118.259869861261,34.0697204093708],[-118.259885649818,34.0697281276673],[-118.259963383312,34.0696076519723],[-118.2599745071,34.0696132932522],[-118.259989836213,34.0695882139219],[-118.259937086839,34.0695623876968],[-118.259957756936,34.0695265632477],[-118.260015165176,34.0695532746552],[-118.259993425233,34.0695902932411],[-118.260013162304,34.0696003884729],[-118.260019231403,34.0695935174613],[-118.260068505235,34.069617860903],[-118.260048429385,34.0696430622527],[-118.260357228806,34.0697866329944],[-118.260272974911,34.0699126025007],[-118.260260856774,34.0699042425698],[-118.26023079254,34.0699579763922]]]},"properties":{"Name":"Echo Park Recreation Center","Type":"Recreation Center","AddrNumber":1632,"Street":"BELLEVUE AVE"}},{"type":"Feature","geometry":{"type":"Polygon","coordinates":[[[-118.303830895143,33.9845520076859],[-118.303830034355,33.9840308338749],[-118.304357086509,33.9840311914835],[-118.304350598796,33.9840404755542],[-118.30447857769,33.9840398461687],[-118.304479048249,33.984138302646],[-118.304463331338,33.9841383549254],[-118.304463437312,33.9841606548521],[-118.304439954466,33.9841607321324],[-118.304441202834,33.9844219358758],[-118.304463831886,33.9844218607496],[-118.304463928288,33.9844418257436],[-118.304478265434,33.9844417778474],[-118.304478748067,33.98454266121],[-118.304352230811,33.9845430804572],[-118.304351904587,33.9845521804014],[-118.303830895143,33.9845520076859]]]},"properties":{"Name":"Jackie Tatum / Harvard Pool","Type":"Swimming Complex","AddrNumber":6120,"Street":"Denker St"}},{"type":"Feature","geometry":{"type":"Polygon","coordinates":[[[-118.299546462469,33.7987197071389],[-118.299547345865,33.798597818771],[-118.299638299284,33.798598274896],[-118.299638415342,33.7985823908746],[-118.299583580683,33.7985821162386],[-118.299583967122,33.7985288404503],[-118.29959235537,33.7985288817824],[-118.299592947253,33.7984472529444],[-118.299604720812,33.7984473119957],[-118.299604907613,33.798421600421],[-118.299787767573,33.7984225164517],[-118.299787097524,33.7985148572461],[-118.299828321753,33.7985150638127],[-118.299827823584,33.7985838702205],[-118.299790319397,33.7985836823379],[-118.299790143138,33.7986080975136],[-118.299760266988,33.7986079483248],[-118.299759477686,33.7987167924895],[-118.299546462469,33.7987197071389]]]},"properties":{"Name":"Harbor City Senior Citizen Center","Type":"Senior Center","AddrNumber":24901,"Street":"FRAMPTON AVE"}},{"type":"Feature","geometry":{"type":"Polygon","coordinates":[[[-118.246773515933,34.0095444073454],[-118.246565771736,34.0095150156616],[-118.246577691667,34.0094565804135],[-118.246405691012,34.0094322460261],[-118.246411254055,34.0094049760702],[-118.246352841518,34.009396711996],[-118.246406719706,34.0091326084929],[-118.24649619775,34.00914526806],[-118.246516493653,34.0090457790636],[-118.246748585614,34.0090786153798],[-118.246753537063,34.0090543433377],[-118.246816507722,34.0090632524062],[-118.246810843462,34.0090910211324],[-118.247048813078,34.0091246886833],[-118.247032653886,34.0092038993501],[-118.246965043871,34.0095353284945],[-118.246778649878,34.0095089577847],[-118.246773515933,34.0095444073454]]]},"properties":{"Name":"Ross Snyder Pool","Type":"Swimming Complex","AddrNumber":1501,"Street":"E 41st St"}},{"type":"Feature","geometry":{"type":"Polygon","coordinates":[[[-118.2832294078,34.0840227221389],[-118.283228551005,34.0840234399641],[-118.28318074673,34.0841294595198],[-118.28316266747,34.0841237771676],[-118.283122516424,34.0842040174801],[-118.283107874867,34.0841976121482],[-118.282980753457,34.0842465701803],[-118.282945451717,34.0842344875901],[-118.282929851947,34.0841994599331],[-118.282946948521,34.0841686496982],[-118.282768732111,34.0841132504071],[-118.282756619619,34.0840918114736],[-118.282733374821,34.0840847095142],[-118.2827091125,34.0840310971831],[-118.282738988367,34.083964477064],[-118.282763888413,34.0839522535109],[-118.282772427696,34.0839343435196],[-118.282821398912,34.0839192021467],[-118.28284292899,34.0839277388352],[-118.282848047492,34.0839155615765],[-118.28283082994,34.0839105929739],[-118.282839370288,34.0838926829754],[-118.28285745298,34.0838990811843],[-118.282866830756,34.0838747286774],[-118.282892594816,34.0838639347077],[-118.282976112433,34.0838916469384],[-118.282988221195,34.083911655127],[-118.283176768724,34.0839706071571],[-118.283200135765,34.084013488753],[-118.2832294078,34.0840227221389]]]},"properties":{"Name":"Bellevue Recreation Center","Type":"Recreation Center","AddrNumber":826,"Street":"LUCILE AVE"}},{"type":"Feature","geometry":{"type":"Polygon","coordinates":[[[-118.374614767224,34.2485168664581],[-118.374556915301,34.2485631401627],[-118.374546030945,34.2485535499363],[-118.374274360788,34.2487661738696],[-118.374161362487,34.2486666130929],[-118.37417614283,34.2486550448628],[-118.374130943366,34.2486152203483],[-118.374236173406,34.2485328615149],[-118.37420534833,34.2485057024526],[-118.374359975567,34.2483846825479],[-118.374379279797,34.2484016907393],[-118.37441592321,34.2483730113038],[-118.374465526112,34.2484167158272],[-118.37448212929,34.2484037210983],[-118.374551534638,34.2484648730686],[-118.374558556933,34.2484593763061],[-118.374585331034,34.2484810998277],[-118.374577063304,34.2484858278288],[-118.374614767224,34.2485168664581]]]},"properties":{"Name":"Stonehurst Recreation Center","Type":"Recreation Center","AddrNumber":9901,"Street":"DRONFIELD AVE"}},{"type":"Feature","geometry":{"type":"Polygon","coordinates":[[[-118.462227154061,34.1819781325254],[-118.46222661815,34.1818812785038],[-118.462355518803,34.1818807858186],[-118.462355705611,34.1819145378681],[-118.462498732152,34.18191399103],[-118.462498488416,34.181869967049],[-118.462576181563,34.1818696699313],[-118.46257614906,34.1818638001273],[-118.462629122543,34.1818635975151],[-118.462629163178,34.1818709349955],[-118.462705090326,34.1818706445499],[-118.462705033425,34.1818603717168],[-118.46276506982,34.1818601420247],[-118.462765118598,34.1818689471814],[-118.462848108657,34.1818686296223],[-118.462849328271,34.1820887513269],[-118.462757509055,34.1820891026673],[-118.462757622863,34.1821096474319],[-118.462566920364,34.18211037692],[-118.462566847232,34.1820971696356],[-118.462506810666,34.1820973992293],[-118.462506631922,34.1820651148563],[-118.462368903135,34.1820656414504],[-118.462369008725,34.182084718539],[-118.46230014323,34.1820849817815],[-118.462300240681,34.1821025911938],[-118.462229610252,34.1821028611421],[-118.462229123058,34.1820148122774],[-118.462227154061,34.1819781325254]]]},"properties":{"Name":"Delano Recreation Center","Type":"Recreation Center","AddrNumber":15100,"Street":"ERWIN ST"}},{"type":"Feature","geometry":{"type":"Polygon","coordinates":[[[-118.379805244198,34.1672973536667],[-118.380089332847,34.1672964610812],[-118.380089587685,34.1673524799843],[-118.380103065782,34.1673524376205],[-118.38010434393,34.1676333921905],[-118.380089828924,34.1676334378134],[-118.380090075917,34.1676877321012],[-118.379895153015,34.1676883446047],[-118.379894902231,34.1676331884595],[-118.379832692581,34.1676333838738],[-118.379831756199,34.1674274072562],[-118.379803762034,34.1674274951817],[-118.379805244198,34.1672973536667]]]},"properties":{"Name":"North Hollywood Community Center","Type":"Community Center","AddrNumber":11430,"Street":"CHANDLER BLVD"}},{"type":"Feature","geometry":{"type":"MultiPolygon","coordinates":[[[[-118.379207147018,34.1677887535007],[-118.37920688104,34.1677301499258],[-118.379192366017,34.1677301954409],[-118.379191939684,34.1676362566285],[-118.379204380964,34.1676362176161],[-118.379204114985,34.1675776131398],[-118.379549381255,34.1675773918407],[-118.379550336514,34.1677876768446],[-118.379207147018,34.1677887535007]]],[[[-118.379500787398,34.1673793225182],[-118.379621058879,34.1673789450187],[-118.379621278155,34.1674272063081],[-118.379567362463,34.1674273755496],[-118.379567851861,34.167535104073],[-118.379474538579,34.1675353969268],[-118.379474041476,34.1674259455904],[-118.37950099878,34.1674258609952],[-118.379500787398,34.1673793225182]]]]},"properties":{"Name":"North Hollywood Recreation Center","Type":"Recreation Center","AddrNumber":11430,"Street":"CHANDLER BLVD"}},{"type":"Feature","geometry":{"type":"Polygon","coordinates":[[[-118.351953286853,34.0225883343307],[-118.351562728251,34.022587614298],[-118.351555591905,34.0222169100236],[-118.351952850942,34.0222194694976],[-118.351953286853,34.0225883343307]]]},"properties":{"Name":"Rancho Cienega Recreation Center","Type":"Recreation Center","AddrNumber":5001,"Street":"OBAMA BLVD"}},{"type":"Feature","geometry":{"type":"Polygon","coordinates":[[[-118.283292308655,34.0325143549062],[-118.283194809773,34.0326655682801],[-118.283149552591,34.0326474617169],[-118.283117917031,34.0326912664218],[-118.282907727301,34.0325983263559],[-118.28293749695,34.0325474039921],[-118.282823718031,34.032501298576],[-118.282861180508,34.0324408470689],[-118.282972466696,34.0324892067076],[-118.283052939513,34.0323515518751],[-118.283277482872,34.0324425395532],[-118.283248674891,34.0324918198619],[-118.283292308655,34.0325143549062]]]},"properties":{"Name":"Hoover Recreation Center","Type":"Recreation Center","AddrNumber":1010,"Street":"W 25th St"}},{"type":"Feature","geometry":{"type":"Polygon","coordinates":[[[-118.283670786356,34.0620194087641],[-118.283550051315,34.0622119483433],[-118.283274256435,34.0620871816857],[-118.283149767501,34.0622798730108],[-118.282982720038,34.0622084142751],[-118.283071455699,34.0620725520122],[-118.283271118308,34.061784225835],[-118.283405888681,34.0618439705871],[-118.283380489522,34.0618833991559],[-118.283670786356,34.0620194087641]]]},"properties":{"Name":"Lafayette Recreation Center","Type":"Recreation Center","AddrNumber":625,"Street":"S Lafayette Park Pl"}},{"type":"Feature","geometry":{"type":"MultiPolygon","coordinates":[[[[-118.185006364543,34.114352967419],[-118.184997452164,34.1143047257117],[-118.184790835184,34.114336062596],[-118.184762082087,34.1142171919097],[-118.18496921212,34.1141836996297],[-118.184965016775,34.1141608702696],[-118.185174217915,34.1141273744682],[-118.185205510547,34.1142229753539],[-118.18521764429,34.1143220530504],[-118.185006364543,34.114352967419]]],[[[-118.184184094102,34.1144551074012],[-118.184180422758,34.1144348628065],[-118.184157636179,34.1144374831218],[-118.184149272752,34.11440302763],[-118.184102145291,34.1144082697109],[-118.184095873146,34.1143828587951],[-118.184098461635,34.1143824239202],[-118.184092187733,34.114355721113],[-118.184089599107,34.1143565860182],[-118.184080187177,34.1143165318082],[-118.184163037196,34.1143026184718],[-118.184159893592,34.1142862505572],[-118.184373759118,34.1142536108982],[-118.18437899418,34.11427859245],[-118.184169795189,34.1143133787646],[-118.18417555589,34.1143418060772],[-118.184169858777,34.114342245691],[-118.184174041441,34.1143599048174],[-118.184181809074,34.1143586001842],[-118.184184965159,34.1143801383597],[-118.18417926994,34.1143814389332],[-118.184182942096,34.1144025453904],[-118.184190192577,34.1144016724767],[-118.184193866636,34.1144236407943],[-118.184406180086,34.114391864406],[-118.184410380991,34.1144172784663],[-118.184192371171,34.1144503554379],[-118.184192378764,34.1144538019794],[-118.184184094102,34.1144551074012]]]]},"properties":{"Name":"Highland Park Senior Citizen Center","Type":"Senior Center","AddrNumber":6152,"Street":"N Figueroa St"}},{"type":"Feature","geometry":{"type":"Polygon","coordinates":[[[-118.214764844624,34.0723373338058],[-118.214678885917,34.0723371025545],[-118.214679077585,34.0723569088327],[-118.214550374445,34.0723577748835],[-118.214549935745,34.0723126044913],[-118.214491137415,34.0723130001077],[-118.214488470812,34.072038621419],[-118.214761923587,34.0720367814472],[-118.214764844624,34.0723373338058]]]},"properties":{"Name":"Lincoln Heights Recreation Center","Type":"Recreation Center","AddrNumber":2303,"Street":"WORKMAN ST"}},{"type":"Feature","geometry":{"type":"MultiPolygon","coordinates":[[[[-118.524519544627,34.0416358221931],[-118.524543244975,34.04158010509],[-118.52476281006,34.0416503374917],[-118.524733723647,34.041699403951],[-118.524915835852,34.0417631247376],[-118.524826181905,34.0419548255733],[-118.524499519803,34.0418516907715],[-118.524581144476,34.0416578000669],[-118.524519544627,34.0416358221931]]],[[[-118.524576303313,34.0423311329198],[-118.524586394143,34.0422953087935],[-118.524542510236,34.0422883439231],[-118.524410954954,34.0422677967916],[-118.524414848025,34.0422603259579],[-118.524349590813,34.0422492788139],[-118.524358365304,34.0422206168414],[-118.524367690694,34.0422226634076],[-118.524408698146,34.0420587243346],[-118.524406964964,34.0420577942612],[-118.524763227071,34.0421185031664],[-118.524719739809,34.04231190372],[-118.524664676392,34.0423042716531],[-118.524655457836,34.0423422385607],[-118.524576303313,34.0423311329198]]]]},"properties":{"Name":"Palisades Recreation Center","Type":"Recreation Center","AddrNumber":851,"Street":"ALMA REAL DR"}},{"type":"Feature","geometry":{"type":"Polygon","coordinates":[[[-118.362590163559,34.0841642140222],[-118.362529694721,34.0841664915638],[-118.362530688427,34.0841570206671],[-118.362471947529,34.084157984868],[-118.362471986864,34.0841660606956],[-118.362271086574,34.0841698493301],[-118.362267718714,34.084108747114],[-118.362183929741,34.0841098593083],[-118.362186070052,34.0841262067263],[-118.362120894691,34.0841255411406],[-118.362115963005,34.0839422180772],[-118.362465052077,34.0839352372963],[-118.362466123899,34.0839530402873],[-118.362588745234,34.0839487776896],[-118.362590163559,34.0841642140222]]]},"properties":{"Name":"Fairfax Senior Citizens Center","Type":"Senior Center","AddrNumber":7929,"Street":"MELROSE AVE"}},{"type":"Feature","geometry":{"type":"Polygon","coordinates":[[[-118.277212656759,34.0603174085525],[-118.277094973706,34.0602640086613],[-118.277076437709,34.0602920788879],[-118.277036259701,34.0602754737982],[-118.277039820113,34.0602689060908],[-118.276816385649,34.0601649444788],[-118.276850925581,34.0601151323449],[-118.276954200021,34.0601611675505],[-118.276974876302,34.0601301110712],[-118.277055956251,34.0601651082544],[-118.277043117882,34.0601830276881],[-118.277080428816,34.0601990425395],[-118.277091113085,34.0601799353182],[-118.277154256606,34.0602078181332],[-118.277169216359,34.0601815456412],[-118.277264647783,34.0602230692887],[-118.277245395859,34.0602511411849],[-118.277252570004,34.0602541060794],[-118.277212656759,34.0603174085525]]]},"properties":{"Name":"MacArthur Park Community Center","Type":"Community Center","AddrNumber":2230,"Street":"W 6th St"}},{"type":"Feature","geometry":{"type":"Polygon","coordinates":[[[-118.199254958016,34.0662759525392],[-118.19919721494,34.0663374275307],[-118.199247755701,34.0663711857906],[-118.19904467871,34.066581751936],[-118.198866263146,34.0665399993762],[-118.198601042471,34.0662999364845],[-118.19865663216,34.0662420110368],[-118.198630200646,34.0662244431239],[-118.198723926965,34.0661267758974],[-118.198754844911,34.0661473249781],[-118.198811096801,34.0660887086994],[-118.198876290784,34.0661320406787],[-118.198939434647,34.0660662413233],[-118.199254958016,34.0662759525392]]]},"properties":{"Name":"Lincoln Park Pool","Type":"Swimming Complex","AddrNumber":3501,"Street":"VALLEY BLVD"}},{"type":"Feature","geometry":{"type":"Polygon","coordinates":[[[-118.284066635393,33.7097423104063],[-118.283850199477,33.7098170824635],[-118.283877906468,33.7098725792283],[-118.283822712434,33.7098902121115],[-118.283868018192,33.7099747461371],[-118.283778869359,33.7100055435069],[-118.283721319216,33.7098902683297],[-118.283647300788,33.7099158390715],[-118.283577487436,33.7097759989234],[-118.283607849623,33.7097652553752],[-118.283617357654,33.7097826544443],[-118.283649681478,33.709769209873],[-118.283632569131,33.7097391572538],[-118.283653484545,33.7097320392669],[-118.28361925823,33.709672724647],[-118.283539398453,33.709700405084],[-118.283560531266,33.7097420352183],[-118.2835096475,33.7097596145235],[-118.283455363571,33.7096508809237],[-118.283550701966,33.7096179443671],[-118.283564116837,33.7096442536713],[-118.283616112569,33.7096253735609],[-118.283632590882,33.7096583791883],[-118.283894104999,33.7095680322908],[-118.283915127387,33.7096101404181],[-118.28413012435,33.7095358647648],[-118.284172312726,33.7096203681727],[-118.28411533847,33.7096400508999],[-118.284093666972,33.7095999646022],[-118.284072751582,33.7096086638967],[-118.284061460774,33.7095872249449],[-118.28394155278,33.7096292267999],[-118.283958665264,33.7096576981434],[-118.283938700729,33.7096656063572],[-118.283952010384,33.709691704916],[-118.28403294314,33.7096655695466],[-118.284066635393,33.7097423104063]]]},"properties":{"Name":"Cabrillo Beach Bath House","Type":"Recreation Center","AddrNumber":3800,"Street":"STEPHEN M WHITE DR"}},{"type":"Feature","geometry":{"type":"Polygon","coordinates":[[[-118.438634018344,34.2654741821845],[-118.438655853642,34.265495146796],[-118.438691897892,34.2654692691456],[-118.438895180496,34.2656644413131],[-118.438846362405,34.265699489802],[-118.438891489149,34.265742816461],[-118.438671064548,34.2659010681959],[-118.43865822,34.2658887366048],[-118.438673272138,34.265877930314],[-118.438554076329,34.2657634907481],[-118.43852040862,34.265787662151],[-118.438384429873,34.2656571077947],[-118.438634018344,34.2654741821845]]]},"properties":{"Name":"Ritchie Valens Recreation Center","Type":"Recreation Center","AddrNumber":10736,"Street":"LAUREL CANYON BLVD"}},{"type":"Feature","geometry":{"type":"Polygon","coordinates":[[[-118.367006383805,34.1456945919865],[-118.367005814552,34.1455649627246],[-118.36729787388,34.145564075769],[-118.367298130648,34.1456224999451],[-118.367311307064,34.145622459913],[-118.367312522763,34.1458990655631],[-118.367297150587,34.1458991122662],[-118.367297403346,34.1459566241002],[-118.367103062347,34.1459572143697],[-118.36710281373,34.1459006148778],[-118.367038033078,34.1459008115659],[-118.367037135019,34.1456963251437],[-118.367006383805,34.1456945919865]]]},"properties":{"Name":"North Weddington Recreation Center","Type":"Recreation Center","AddrNumber":10844,"Street":"ACAMA ST"}},{"type":"Feature","geometry":{"type":"Polygon","coordinates":[[[-118.442394913804,34.1601264792736],[-118.442371470494,34.160125337146],[-118.442371424726,34.1601582768497],[-118.442417673747,34.1601583213055],[-118.442417584337,34.1602225472826],[-118.442348351201,34.1602224814308],[-118.442348289002,34.1602670690806],[-118.441988816138,34.1602667229578],[-118.44198891966,34.160191775827],[-118.442000527201,34.1601917874898],[-118.442000571478,34.160160178464],[-118.44192771829,34.1601601084749],[-118.441927807971,34.1600954524645],[-118.441834128967,34.1600953620669],[-118.44183425661,34.1600040302765],[-118.441931375579,34.160004124329],[-118.44193146413,34.1599398704092],[-118.442012559395,34.1599399481313],[-118.442012588153,34.1599191423058],[-118.441994767497,34.1599191245064],[-118.441994787098,34.1599049928086],[-118.442395220301,34.1599053774764],[-118.442394913804,34.1601264792736]]]},"properties":{"Name":"Van Nuys Sherman Oaks Recreation Area","Type":"Recreation Center","AddrNumber":14201,"Street":"HUSTON ST"}},{"type":"Feature","geometry":{"type":"Polygon","coordinates":[[[-118.353507512395,34.0219590416399],[-118.353492622443,34.023421693922],[-118.35213862491,34.0234121290004],[-118.352145103926,34.0227767521702],[-118.351980774223,34.0227755897252],[-118.35198601532,34.0222616257796],[-118.352118091108,34.0222625595497],[-118.352123139194,34.021767522023],[-118.353503981613,34.0217772770884],[-118.353507512395,34.0219590416399]]]},"properties":{"Name":"Jackie Robinson Stadium","Type":"Stadium","AddrNumber":5001,"Street":"Rodeo Road"}},{"type":"Feature","geometry":{"type":"Polygon","coordinates":[[[-118.350592549385,34.0223462217286],[-118.350470638766,34.0223415839392],[-118.35047347152,34.0222899585344],[-118.35048847386,34.0222905289215],[-118.35049086901,34.0222468770291],[-118.35059150182,34.0222507057149],[-118.350592563032,34.0222313557689],[-118.350627861934,34.0222326984038],[-118.350627218136,34.0222444282958],[-118.350727884516,34.0222482576719],[-118.350722269581,34.022350583376],[-118.350814372601,34.0223540868632],[-118.350812380019,34.0223904180592],[-118.350838657432,34.022391417221],[-118.350833984182,34.0224765984762],[-118.350809078764,34.0224756512213],[-118.350807531714,34.0225038448017],[-118.350686896504,34.0224992567139],[-118.350687729367,34.0224840707022],[-118.350692827621,34.0224842650472],[-118.350693391923,34.0224739778358],[-118.350670971739,34.0224731243043],[-118.35067723949,34.022358879362],[-118.350626514767,34.0223569495727],[-118.350625458515,34.0223761895179],[-118.350588656502,34.0223747899433],[-118.350592549385,34.0223462217286]]]},"properties":{"Name":"Ira C Massey Child Care Center","Type":"Child Care Center","AddrNumber":5001,"Street":"Rodeo Road"}},{"type":"Feature","geometry":{"type":"Polygon","coordinates":[[[-118.416538586291,33.9574935265596],[-118.41666078837,33.9576034247146],[-118.416710762179,33.9575793985113],[-118.416736046841,33.9576270174122],[-118.416778196151,33.957661851144],[-118.416790905573,33.9576758737999],[-118.416762283581,33.9576926816448],[-118.416820789865,33.9577664148514],[-118.416826209762,33.9577698237393],[-118.416866516805,33.9578259759713],[-118.416785398104,33.9578675057729],[-118.41651778269,33.958064612931],[-118.416483394448,33.9580360278596],[-118.416447953543,33.9580677163838],[-118.416408565714,33.9580399608297],[-118.416400814973,33.9580477768027],[-118.41628986565,33.9579658131137],[-118.416209466247,33.9578580358956],[-118.416253972565,33.9578224873628],[-118.41620361328,33.9577689921618],[-118.416460285033,33.9575772821807],[-118.416538586291,33.9574935265596]]]},"properties":{"Name":"Westchester Pool","Type":"Swimming Complex","AddrNumber":9100,"Street":"LINCOLN BLVD"}},{"type":"Feature","geometry":{"type":"Polygon","coordinates":[[[-118.204895256798,34.0977929640905],[-118.204968234769,34.0976418185638],[-118.205085171629,34.0976808935332],[-118.205050690403,34.0977523100282],[-118.205149891342,34.0977854586177],[-118.205177831002,34.0977275905906],[-118.205333987544,34.097779770082],[-118.205207517896,34.0980417065723],[-118.204853054181,34.0979232617877],[-118.204912858683,34.0977994000208],[-118.204895256798,34.0977929640905]]]},"properties":{"Name":"Ramona Hall Community Center","Type":"Community Center","AddrNumber":4580,"Street":"N Figueroa St"}},{"type":"Feature","geometry":{"type":"Polygon","coordinates":[[[-118.2334471114,34.1161719636869],[-118.233327089495,34.1161025890806],[-118.233396092658,34.1160200071354],[-118.233365238771,34.1160021731096],[-118.233453027406,34.1158971076118],[-118.233477600629,34.1159113115595],[-118.233584374425,34.1157835258414],[-118.233610248276,34.115798480929],[-118.23361735348,34.1157899774679],[-118.233772842146,34.1158798534414],[-118.233733418391,34.115927035641],[-118.233772626637,34.115949698246],[-118.233578572108,34.1161819420716],[-118.233541052036,34.1161602543034],[-118.233509326362,34.1161982232229],[-118.233452456212,34.1161653505423],[-118.2334471114,34.1161719636869]]]},"properties":{"Name":"Glassell Park Recreation Center","Type":"Recreation Center","AddrNumber":3650,"Street":"VERDUGO ROAD"}},{"type":"Feature","geometry":{"type":"Polygon","coordinates":[[[-118.198290864993,34.0511041290536],[-118.197946381508,34.0509527054189],[-118.19804267547,34.0508009256832],[-118.198042000928,34.0508005598671],[-118.198083986871,34.0507361885458],[-118.198154298731,34.050771147181],[-118.198187031075,34.0507535560229],[-118.19821992851,34.0508061134608],[-118.198207104668,34.0508229606472],[-118.198342742694,34.0508825832492],[-118.198357858559,34.0508589852401],[-118.198435506253,34.0508934457384],[-118.198330550848,34.0510572979653],[-118.198322767199,34.0510538434676],[-118.198290864993,34.0511041290536]]]},"properties":{"Name":"Wabash Recreation Center","Type":"Recreation Center","AddrNumber":2765,"Street":"WABASH AVE"}},{"type":"Feature","geometry":{"type":"Polygon","coordinates":[[[-118.267874414893,33.9983177564069],[-118.267838609719,33.9982909189588],[-118.267774125081,33.9983378125804],[-118.267632555244,33.9982148751354],[-118.267678352253,33.998175106344],[-118.267407265999,33.9979745367861],[-118.267395386843,33.9979830636121],[-118.267187338135,33.9978149386999],[-118.267185568768,33.9977451805954],[-118.267682124057,33.9977585912376],[-118.267721249357,33.9977599207506],[-118.267719692808,33.9978052584296],[-118.267685766072,33.9978336678022],[-118.268074578129,33.9981473099569],[-118.267874414893,33.9983177564069]]]},"properties":{"Name":"South Park Recreation Center","Type":"Recreation Center","AddrNumber":345,"Street":"E 51st St"}},{"type":"Feature","geometry":{"type":"Polygon","coordinates":[[[-118.417766938255,34.0330889516994],[-118.417678661715,34.0331356527797],[-118.417658852301,34.0331096994238],[-118.417548073698,34.0331683054758],[-118.417568571963,34.033195161608],[-118.417485022414,34.0332393633722],[-118.417393413671,34.0331193397117],[-118.417402086145,34.0331147515725],[-118.417385224133,34.0330926600717],[-118.417454596327,34.0330559594794],[-118.417406243671,34.0329926090605],[-118.417375199925,34.0330090323484],[-118.417354867442,34.0329823928807],[-118.417385867981,34.0329659922858],[-118.417387878993,34.0329686268289],[-118.417506071686,34.0329060988548],[-118.417520481236,34.0329249776377],[-118.417591977599,34.0328871526193],[-118.417650689549,34.0329640766897],[-118.41769374288,34.0329412992401],[-118.417733197073,34.0329929901382],[-118.417706964816,34.0330068680605],[-118.417766938255,34.0330889516994]]]},"properties":{"Name":"Palms Recreation Center","Type":"Recreation Center","AddrNumber":2950,"Street":"OVERLAND AVE"}},{"type":"Feature","geometry":{"type":"Polygon","coordinates":[[[-118.33260675653,34.0504122919497],[-118.332511599054,34.0501792077199],[-118.332510239254,34.0501796171536],[-118.332479973115,34.0501099516464],[-118.332742882587,34.0500308113363],[-118.332764591175,34.050080778441],[-118.33290174483,34.0500390047691],[-118.332995414529,34.0502520832878],[-118.33291832244,34.0502755634894],[-118.332936108813,34.0503191305816],[-118.33260675653,34.0504122919497]]]},"properties":{"Name":"Queen Anne Recreation Center","Type":"Recreation Center","AddrNumber":1240,"Street":"WEST BLVD"}},{"type":"Feature","geometry":{"type":"Polygon","coordinates":[[[-118.300106269455,34.0450428582236],[-118.299868422349,34.0450410636592],[-118.299864462537,34.0447357447657],[-118.300096551899,34.0447303972917],[-118.300099597163,34.0447804832954],[-118.300148302844,34.0447779767886],[-118.300145693927,34.0448495441025],[-118.300114173305,34.044849622447],[-118.300106269455,34.0450428582236]]]},"properties":{"Name":"Normandie Recreation Center","Type":"Recreation Center","AddrNumber":1550,"Street":"NORMANDIE AVE"}},{"type":"Feature","geometry":{"type":"MultiPolygon","coordinates":[[[[-118.273584639077,34.1355761195631],[-118.273402235093,34.1349373252753],[-118.273401083407,34.1349375667865],[-118.273351139034,34.1347732012912],[-118.273465593242,34.1347491536613],[-118.273515537825,34.1349135191092],[-118.274052216371,34.1348031053705],[-118.274234713496,34.1354285476672],[-118.273895411145,34.1354964442027],[-118.27389544349,34.1355063150182],[-118.273584639077,34.1355761195631]]],[[[-118.273224270688,34.1336721218297],[-118.273221272358,34.133659654992],[-118.273185594822,34.1336655892829],[-118.273172172589,34.1335987952634],[-118.27334065196,34.1335707733961],[-118.273356081128,34.1336349249723],[-118.273335299403,34.1336383815648],[-118.273340337673,34.1336593281168],[-118.273311158296,34.1336641812368],[-118.27330642888,34.1336445186702],[-118.273252960267,34.133653411468],[-118.273256183911,34.1336668135872],[-118.273224270688,34.1336721218297]]],[[[-118.27313934552,34.1337252247441],[-118.273333922936,34.133691221741],[-118.273354715082,34.1337734946317],[-118.273160138567,34.1338074976659],[-118.27313934552,34.1337252247441]]],[[[-118.273609836927,34.1337142086894],[-118.273679678093,34.1337008936085],[-118.273682275135,34.1337103132594],[-118.27371613065,34.1337038582552],[-118.273742678258,34.133808755549],[-118.273616920661,34.1338327316642],[-118.273588839349,34.1337308849968],[-118.273613155915,34.133726249268],[-118.273609836927,34.1337142086894]]],[[[-118.273243013515,34.1338103981124],[-118.273375905881,34.1337903549669],[-118.273381820829,34.1338174696286],[-118.273248928421,34.1338375127806],[-118.273243013515,34.1338103981124]]],[[[-118.273359434648,34.1338445067527],[-118.273386633979,34.133837201421],[-118.27340578866,34.1338865161459],[-118.273378590398,34.1338938214794],[-118.273359434648,34.1338445067527]]],[[[-118.273134551037,34.1341149630148],[-118.273216554194,34.1341021436107],[-118.273228598844,34.1341554222481],[-118.27314659672,34.134168241658],[-118.273134551037,34.1341149630148]]],[[[-118.271818518238,34.1342257276027],[-118.271814360194,34.1336768789897],[-118.27216575426,34.1336750380411],[-118.27216694536,34.133832076145],[-118.272220842296,34.1338317934079],[-118.272222699288,34.1340767493413],[-118.272176548396,34.1340769911983],[-118.272177699895,34.1342288518873],[-118.271818518238,34.1342257276027]]],[[[-118.273195772728,34.1342818526448],[-118.273173003764,34.1341885043489],[-118.273214986521,34.1341814234854],[-118.273219337018,34.1341992577012],[-118.273270446653,34.1341906380072],[-118.273290691016,34.1342658432256],[-118.273195772728,34.1342818526448]]],[[[-118.271852606043,34.1344862598766],[-118.271847234588,34.1342947646508],[-118.271894647531,34.1342938448327],[-118.271895834714,34.1343361799683],[-118.271913841561,34.1343358311402],[-118.271914680481,34.1343657565519],[-118.271899708017,34.1343660471675],[-118.271903072001,34.1344859732781],[-118.271852606043,34.1344862598766]]],[[[-118.273761057894,34.1343956265423],[-118.273902199189,34.1343712178459],[-118.273930978189,34.1344862883563],[-118.273789836708,34.1345106970864],[-118.273761057894,34.1343956265423]]],[[[-118.272671819638,34.134283755985],[-118.272879869177,34.1342430799269],[-118.272966341215,34.1345489029615],[-118.272758290957,34.1345895791686],[-118.272671819638,34.134283755985]]],[[[-118.271748691292,34.1345604408932],[-118.27199053753,34.1345550503252],[-118.271995818306,34.1347189065429],[-118.271753972678,34.1347242971191],[-118.271748691292,34.1345604408932]]],[[[-118.27173062003,34.1349021653366],[-118.272038492109,34.1348970589737],[-118.27204268162,34.1350716927727],[-118.271734808898,34.1350767991463],[-118.27173062003,34.1349021653366]]],[[[-118.273061699338,34.135624202425],[-118.273049125523,34.1355825457288],[-118.272993735599,34.1355941067803],[-118.272969924141,34.1355152231949],[-118.272903846095,34.1355290152935],[-118.272869527071,34.1354153219653],[-118.273004696428,34.1353878977476],[-118.272925487098,34.1351254933089],[-118.273038870909,34.1351018280465],[-118.273118463105,34.13536550361],[-118.273267019945,34.1353344968094],[-118.27330311178,34.1354540577042],[-118.273150907881,34.1354858264718],[-118.273184914942,34.1355984845644],[-118.273061699338,34.135624202425]]],[[[-118.271939211626,34.1355480072908],[-118.272202673112,34.1355217485682],[-118.272222052696,34.1356561938648],[-118.271958590795,34.1356824535313],[-118.271939211626,34.1355480072908]]],[[[-118.271906473037,34.1357181083139],[-118.271958706422,34.1357179908127],[-118.27195892483,34.1357851166887],[-118.271906691403,34.13578523419],[-118.271906473037,34.1357181083139]]],[[[-118.273118253335,34.1357542137047],[-118.273280469258,34.1357188513719],[-118.273362670386,34.1359795782785],[-118.273200453992,34.1360149407219],[-118.273118253335,34.1357542137047]]],[[[-118.27233102502,34.1360292445164],[-118.272539891777,34.1360070567581],[-118.27255108836,34.1360799294994],[-118.272342221424,34.1361021172772],[-118.27233102502,34.1360292445164]]],[[[-118.27430410987,34.1363503379082],[-118.27444456648,34.1363201783552],[-118.274515039359,34.1365471091908],[-118.274374583473,34.1365772679218],[-118.27430410987,34.1363503379082]]],[[[-118.273646577806,34.1360574603834],[-118.274054114239,34.1359731804742],[-118.274312618138,34.1368374711819],[-118.273905077751,34.1369217519643],[-118.273646577806,34.1360574603834]]],[[[-118.272837691368,34.1367811293853],[-118.272999080589,34.1367389789506],[-118.273081139769,34.1369562209138],[-118.27291975017,34.1369983714582],[-118.272837691368,34.1367811293853]]],[[[-118.273002571593,34.1361789610872],[-118.273368907164,34.1361100205584],[-118.273604162588,34.1369743644389],[-118.273237822342,34.1370433065859],[-118.273002571593,34.1361789610872]]]]},"properties":{"Name":"Central Service Yard (CSY)","Type":"Maintenance Center","AddrNumber":3900,"Street":"CHEVY CHASE DR"}},{"type":"Feature","geometry":{"type":"Polygon","coordinates":[[[-118.32903643834,34.0921671946602],[-118.329035932242,34.0920385652121],[-118.329508994925,34.0920372759672],[-118.329509501751,34.0921659054133],[-118.329565170567,34.0921650792292],[-118.329568252253,34.0921367248004],[-118.329578903276,34.0921375810526],[-118.329589557792,34.0921393235019],[-118.329602354482,34.0921446040354],[-118.329610900656,34.0921516667757],[-118.329624748568,34.09215340051],[-118.329638589498,34.092153362748],[-118.329652430428,34.0921533249844],[-118.329664173494,34.092161265206],[-118.329670600861,34.0921709914447],[-118.329671717346,34.0921842761036],[-118.329664316661,34.0921975831008],[-118.32966222578,34.0922073325821],[-118.329667584472,34.0922161764309],[-118.32967402822,34.0922303318598],[-118.329670873234,34.0922400842449],[-118.329662396883,34.0922507373572],[-118.329660295523,34.0922578291458],[-118.329667797478,34.092270210174],[-118.329672087492,34.0922781707309],[-118.329673191092,34.092287911496],[-118.329668974409,34.0922985529857],[-118.329664756637,34.0923091935766],[-118.329664795047,34.0923189372481],[-118.329668024452,34.0923277869068],[-118.329673397119,34.0923401737446],[-118.329668118733,34.0923517034374],[-118.329661765767,34.0923605792421],[-118.32966074597,34.0923720973147],[-118.329666111652,34.0923827117567],[-118.329670412149,34.0923933300065],[-118.329668328247,34.0924048509827],[-118.329663060333,34.0924190383681],[-118.329662034636,34.0924287849432],[-118.329669540101,34.0924420521695],[-118.329671718286,34.0924544477239],[-118.329666425926,34.0924624344272],[-118.329661144038,34.0924730779216],[-118.329661203402,34.0924881369788],[-118.329042582411,34.0924836225648],[-118.32903643834,34.0921671946602]]]},"properties":{"Name":"Hollywood Pool","Type":"Swimming Complex","AddrNumber":1122,"Street":"COLE AVE"}},{"type":"Feature","geometry":{"type":"Polygon","coordinates":[[[-118.210688480723,34.0204000799996],[-118.210841691049,34.0204711098331],[-118.210806524616,34.0205237032741],[-118.210819084402,34.0205295259455],[-118.210802239488,34.0205547170033],[-118.210791201571,34.020549599372],[-118.210723791615,34.0206504132101],[-118.210731968979,34.0206542042846],[-118.210715654706,34.0206786037641],[-118.210581238797,34.0206162876087],[-118.210568063334,34.0206050171523],[-118.21057691062,34.0205876211649],[-118.210571435683,34.0205838379875],[-118.210688480723,34.0204000799996]]]},"properties":{"Name":"Costello Senior Citizen Center","Type":"Senior Center","AddrNumber":3141,"Street":"E Olympic Blvd"}},{"type":"Feature","geometry":{"type":"Polygon","coordinates":[[[-118.210171268864,34.0208959041181],[-118.210344825218,34.0206307176324],[-118.210354100378,34.02063492603],[-118.210352236651,34.0206338988312],[-118.210405779895,34.0205541645531],[-118.210565891517,34.0206287112885],[-118.210511411031,34.0207098419361],[-118.210500393684,34.0207262500221],[-118.210339423271,34.0209722068525],[-118.210171268864,34.0208959041181]]]},"properties":{"Name":"Costello Pool","Type":"Swimming Complex","AddrNumber":3121,"Street":"E Olympic Blvd"}},{"type":"Feature","geometry":{"type":"MultiPolygon","coordinates":[[[[-118.296158512242,34.1199537923243],[-118.296024035185,34.1198262302232],[-118.295981255207,34.119856314594],[-118.295935336154,34.1198111141591],[-118.295978115141,34.1197810577546],[-118.2958095137,34.1196129703031],[-118.295829913731,34.1195984669856],[-118.295901293239,34.1196679230938],[-118.296035229223,34.1195727114025],[-118.296041461748,34.1195787409188],[-118.296064926693,34.1195619491743],[-118.296072759185,34.1194877923753],[-118.296087696942,34.1194888817965],[-118.296082443217,34.1195541566812],[-118.296093583238,34.1195648738668],[-118.296099910542,34.1195603245532],[-118.296304430352,34.1197575602808],[-118.296296356724,34.1197633237445],[-118.296308689015,34.1197752189965],[-118.296387933945,34.1197797234815],[-118.296386700651,34.1197950877364],[-118.296301474287,34.1197902679535],[-118.296145130599,34.1199024070488],[-118.29619818192,34.1199535914343],[-118.29622453249,34.1199790159114],[-118.296209800686,34.1199895765205],[-118.296211292956,34.1199910017939],[-118.296203581647,34.1199965434876],[-118.296158512242,34.1199537923243]]],[[[-118.29675949598,34.1192018671987],[-118.296792678756,34.1191772198287],[-118.296864645212,34.1192442560138],[-118.29683146243,34.1192689034036],[-118.29675949598,34.1192018671987]]],[[[-118.296371016725,34.1194997558538],[-118.296391042787,34.1194822305164],[-118.296414830988,34.1195009952962],[-118.296437713785,34.1195248730859],[-118.296455036734,34.1195465665702],[-118.296429046598,34.1195591877792],[-118.296412249987,34.1195370539534],[-118.296393745236,34.1195177262806],[-118.296371016725,34.1194997558538]]],[[[-118.295714156687,34.1194717701713],[-118.295936379613,34.1193127835245],[-118.295993867539,34.1193683701407],[-118.296031437107,34.1193414863504],[-118.296066612119,34.1193755015962],[-118.296079431373,34.1194125935411],[-118.295829557936,34.1195913502492],[-118.295785563908,34.1195488108811],[-118.295790309471,34.1195454194177],[-118.295714156687,34.1194717701713]]],[[[-118.296362271756,34.1199527600506],[-118.296376116561,34.1198944221218],[-118.29646283006,34.1199086628365],[-118.296451959676,34.1199523065962],[-118.296411099746,34.120116364216],[-118.296326732132,34.1201025297129],[-118.296362271756,34.1199527600506]]],[[[-118.296563572348,34.1201053015984],[-118.296587774638,34.1200729817317],[-118.296653777052,34.1201071681755],[-118.296629574678,34.1201394601083],[-118.296563572348,34.1201053015984]]],[[[-118.296418750302,34.1206620193902],[-118.296416345337,34.1206453189694],[-118.296404355202,34.120646502338],[-118.296382978245,34.1204973996355],[-118.296395826478,34.1204961041776],[-118.296393116423,34.1204771227232],[-118.296465910859,34.1204699095179],[-118.296498027317,34.1206939754244],[-118.296412318206,34.1207024572266],[-118.296406694142,34.1206632308684],[-118.296418750302,34.1206620193902]]]]},"properties":{"Name":"The Greek Theater","Type":"Amphitheatre Complex","AddrNumber":270,"Street":"N Vermont Ave"}},{"type":"Feature","geometry":{"type":"Polygon","coordinates":[[[-118.329609243506,34.0919877319005],[-118.329494270715,34.0919880455036],[-118.329471063196,34.0919774012761],[-118.329459010969,34.0919674406404],[-118.329452966256,34.0919574636224],[-118.329451213264,34.0919481880146],[-118.329451173895,34.0919381946209],[-118.329454563492,34.0919274778624],[-118.329462246978,34.0919174634097],[-118.329474227807,34.0919095783803],[-118.329487927877,34.0919024026757],[-118.329497353745,34.0918995218128],[-118.329497229996,34.091868113618],[-118.32949036363,34.091867418329],[-118.329487761282,34.0916425666963],[-118.329557256355,34.0916416640424],[-118.329556372823,34.0916352412219],[-118.329684215065,34.0916348924418],[-118.32968453306,34.0917155553995],[-118.329698266849,34.0917169450507],[-118.329695154817,34.0917983313835],[-118.329723469384,34.0917982541147],[-118.329722948902,34.091883915661],[-118.329676614392,34.0918833280866],[-118.329673295176,34.0919118905189],[-118.329619240611,34.0919120380021],[-118.329619378478,34.0919470162319],[-118.329609243506,34.0919877319005]]]},"properties":{"Name":"Hollywood Recreation Center","Type":"Recreation Center","AddrNumber":1122,"Street":"COLE AVE"}},{"type":"Feature","geometry":{"type":"Polygon","coordinates":[[[-118.353352945842,34.0123873556211],[-118.353142418564,34.0124557136741],[-118.353064392128,34.0124282730405],[-118.353045883816,34.0123863455837],[-118.353035584362,34.0123892380685],[-118.352985866834,34.0122825214],[-118.352998462111,34.0122805769267],[-118.35298689552,34.0122548495052],[-118.35297545474,34.0122586991423],[-118.352968536143,34.0122482237507],[-118.353003767529,34.0121803787838],[-118.352985239184,34.0121336804753],[-118.352931313473,34.0121157101775],[-118.352815748061,34.0121523039945],[-118.352733706973,34.0119874806671],[-118.352905311508,34.0119268694924],[-118.352961531834,34.0119457878126],[-118.352995867195,34.011937100323],[-118.353145048871,34.0119929573502],[-118.353173659298,34.0119852403788],[-118.353239054976,34.0120060393629],[-118.353249491276,34.0120355871499],[-118.353257228042,34.0120542045615],[-118.353250775399,34.0120705177163],[-118.353270514738,34.0121114417403],[-118.353228108379,34.0121272452712],[-118.353352945842,34.0123873556211]]]},"properties":{"Name":"Jim Gilliam Recreation Center","Type":"Recreation Center","AddrNumber":4000,"Street":"S La Brea Ave"}},{"type":"Feature","geometry":{"type":"Polygon","coordinates":[[[-118.267419661019,34.134000658063],[-118.267357221401,34.1340007961792],[-118.267356605589,34.1340072335865],[-118.267218425343,34.1340070090237],[-118.267216496185,34.1340011073446],[-118.267141815395,34.1340012724089],[-118.267139434417,34.1339462670189],[-118.26711517868,34.1339463206201],[-118.267118314094,34.1336979944979],[-118.267134652577,34.1336963743988],[-118.267134560486,34.1336675588981],[-118.26713693356,34.133613237183],[-118.267325409719,34.133613932108],[-118.267332399195,34.1336064510547],[-118.267343398848,34.1336609658778],[-118.267396554554,34.1336706470691],[-118.26739497705,34.133866853925],[-118.267425041298,34.1338697282187],[-118.267421370373,34.1339493741734],[-118.267425351655,34.1339938425044],[-118.267419661019,34.134000658063]]]},"properties":{"Name":"Chevy Chase Recreation Center","Type":"Recreation Center","AddrNumber":4165,"Street":"CHEVY CHASE DR"}},{"type":"Feature","geometry":{"type":"Polygon","coordinates":[[[-118.305915120358,33.7519081107294],[-118.305911820272,33.7518936490428],[-118.30578839993,33.7518957711579],[-118.305696368477,33.7518951007782],[-118.305648450881,33.7518183483606],[-118.305649489872,33.7515090398571],[-118.306111360241,33.7515169196403],[-118.30611136093,33.7514872096015],[-118.306235045259,33.751487209529],[-118.306235044942,33.7516424750361],[-118.306252021148,33.7516424751049],[-118.306288399583,33.7516942299394],[-118.30625444607,33.7517486735744],[-118.306237470627,33.7517480009803],[-118.306238278377,33.7518952004636],[-118.306113785396,33.7518958724141],[-118.306113623109,33.75187503992],[-118.306050334509,33.751874303902],[-118.306050453183,33.7519068623983],[-118.305915120358,33.7519081107294]]]},"properties":{"Name":"Peck Park Pool","Type":"Swimming Complex","AddrNumber":560,"Street":"S Western Ave"}},{"type":"Feature","geometry":{"type":"Polygon","coordinates":[[[-118.301150603334,33.8235341936034],[-118.300983345882,33.8235352229415],[-118.300982473228,33.8234374027031],[-118.300936257948,33.823437687676],[-118.300935466471,33.8233489319622],[-118.300972220904,33.8233487057919],[-118.300972002465,33.8233242482542],[-118.300942462184,33.8233244302542],[-118.300940349456,33.8230874607783],[-118.300927574876,33.8230875386756],[-118.30092726233,33.8230525003005],[-118.300920169183,33.8230525432661],[-118.300919728431,33.8230031413844],[-118.300990922302,33.8230027038422],[-118.300990779258,33.8229866175788],[-118.3010143172,33.8229864722053],[-118.30101394281,33.8229444427421],[-118.301114668133,33.8229438222293],[-118.301114885067,33.8229681499514],[-118.301159264968,33.8229678767111],[-118.30115938627,33.8229815082052],[-118.301210061111,33.8229811966672],[-118.301210540674,33.8230350429165],[-118.301278156134,33.8230346267753],[-118.30127889372,33.8231172992008],[-118.301384720662,33.8231166485717],[-118.301385680907,33.8232242887809],[-118.301363720955,33.8232244239676],[-118.301363867487,33.8232408600101],[-118.301277035414,33.8232413945901],[-118.301277554036,33.8232994877772],[-118.301234825467,33.8232997506198],[-118.301235217753,33.8233437246059],[-118.30119520675,33.8233439707205],[-118.301196021933,33.8234353416671],[-118.301146897878,33.8234356439118],[-118.301150603334,33.8235341936034]]]},"properties":{"Name":"Normandale Recreation Center","Type":"Recreation Center","AddrNumber":22400,"Street":"HALLDALE AVE"}},{"type":"Feature","geometry":{"type":"Polygon","coordinates":[[[-118.303072050969,34.0300705440169],[-118.303157922854,34.0300703284216],[-118.303158042385,34.0301033259379],[-118.303212537838,34.0301031890865],[-118.303212582671,34.0301155633805],[-118.303326526347,34.0301152771607],[-118.303326486481,34.0301042776881],[-118.303356211667,34.0301042030025],[-118.303356246551,34.0301138267521],[-118.303371109146,34.0301137894066],[-118.303371243715,34.0301509122884],[-118.303412527877,34.0301508085432],[-118.303412647509,34.0301838060595],[-118.303409344947,34.0301838143592],[-118.303409539345,34.0302374350977],[-118.303333576062,34.0302376259769],[-118.303333521245,34.0302225020401],[-118.303292237047,34.0302226057583],[-118.303292107499,34.0301868585991],[-118.303211189337,34.0301870618486],[-118.303211503159,34.0302736801041],[-118.303094255619,34.0302739745092],[-118.303094195867,34.0302574757508],[-118.303049609088,34.030257587677],[-118.303049360155,34.0301888430009],[-118.303026241143,34.0301889010301],[-118.303025927512,34.0301022827745],[-118.303072165488,34.0301021667119],[-118.303072050969,34.0300705440169]]]},"properties":{"Name":"Loren Miller Recreation Center","Type":"Recreation Center","AddrNumber":2717,"Street":"HALLDALE AVE"}},{"type":"Feature","geometry":{"type":"MultiPolygon","coordinates":[[[[-118.243583249222,34.0016165191189],[-118.243579841418,34.0013187992634],[-118.243623044545,34.0013194170567],[-118.243624991615,34.0013044549832],[-118.243652662733,34.0013087751374],[-118.243830392989,34.0012540910588],[-118.243894573819,34.0013840211352],[-118.24394777682,34.0014318965063],[-118.243862322628,34.0014558037147],[-118.243847852018,34.0014318460118],[-118.243837709457,34.001439626852],[-118.24383907278,34.0016167084304],[-118.243583249222,34.0016165191189]]],[[[-118.24367334283,34.0011347467059],[-118.243765740254,34.0011055183158],[-118.243793205958,34.0011660725274],[-118.243742361739,34.0011824784435],[-118.24374384731,34.0012053165423],[-118.243640194529,34.0012055258329],[-118.243640407665,34.0012787627866],[-118.243555509482,34.0012801962809],[-118.243552466564,34.0012764151048],[-118.243550553345,34.0011400458133],[-118.24367334283,34.0011347467059]]]]},"properties":{"Name":"Fred Roberts Recreation Center","Type":"Recreation Center","AddrNumber":4700,"Street":"S Honduras St"}},{"type":"Feature","geometry":{"type":"Polygon","coordinates":[[[-118.457969479732,34.229801822608],[-118.457969765756,34.2298539657027],[-118.457945909965,34.2298540559779],[-118.457947116914,34.2300740975115],[-118.457739951197,34.2300748812717],[-118.45773928796,34.2299539106252],[-118.457761887982,34.2299538251409],[-118.457761293328,34.2298453685127],[-118.457732415439,34.2298454777423],[-118.457731843693,34.2297411924535],[-118.457908876021,34.2297405227266],[-118.457909202042,34.22979996544],[-118.457969479732,34.229801822608]]]},"properties":{"Name":"Mid-Valley Senior Citizen Center","Type":"Recreation Center","AddrNumber":8801,"Street":"KESTER AVE"}},{"type":"Feature","geometry":{"type":"Polygon","coordinates":[[[-118.579591801907,34.2613594409899],[-118.579591519618,34.2614932821673],[-118.57930964591,34.2614928723967],[-118.579309769012,34.2614347392588],[-118.579291753819,34.2614347127703],[-118.57929232614,34.2611640967552],[-118.579308641937,34.2611641205567],[-118.579308771408,34.2611026814211],[-118.57950033909,34.26110296003],[-118.579500226154,34.2611561265067],[-118.579564980075,34.2611562204194],[-118.579564554199,34.2613580469224],[-118.579591801907,34.2613594409899]]]},"properties":{"Name":"Mason Recreation Center","Type":"Recreation Center","AddrNumber":10500,"Street":"MASON AVE"}},{"type":"Feature","geometry":{"type":"Polygon","coordinates":[[[-118.533393433966,34.1871869351785],[-118.533669647318,34.1871857168124],[-118.533670736354,34.1873561758354],[-118.533394522439,34.187357394204],[-118.53339425032,34.1873147794476],[-118.533355790805,34.187314949041],[-118.533355221873,34.1872258457052],[-118.533393681347,34.187225676112],[-118.533393433966,34.1871869351785]]]},"properties":{"Name":"Reseda Recreation Center","Type":"Recreation Center","AddrNumber":18411,"Street":"VICTORY BLVD"}},{"type":"Feature","geometry":{"type":"Polygon","coordinates":[[[-118.456017570181,34.0062428259577],[-118.456129809624,34.0063948341674],[-118.45592934784,34.0064974956127],[-118.455936082056,34.00650661624],[-118.455890262424,34.006530081359],[-118.455882908774,34.0065201219373],[-118.455844956566,34.0065395581162],[-118.455725944009,34.0063783768609],[-118.455804492021,34.0063381503948],[-118.45582643729,34.0063678704393],[-118.455919524002,34.0063201991126],[-118.455904701131,34.0063001229407],[-118.456017570181,34.0062428259577]]]},"properties":{"Name":"Penmar Child Care Center","Type":"Child Care Center","AddrNumber":1341,"Street":"LAKE ST"}},{"type":"Feature","geometry":{"type":"Polygon","coordinates":[[[-118.534048054167,34.1873389994275],[-118.534047812678,34.1873012276271],[-118.533942921239,34.1873016907007],[-118.533942729321,34.1872716665457],[-118.533863479027,34.1872720163587],[-118.533741105542,34.1872725564167],[-118.533740492876,34.1871766727658],[-118.533740486781,34.1871757189598],[-118.533742441018,34.1868834155374],[-118.53432000631,34.1868860809533],[-118.534317270541,34.1871780010842],[-118.534318583187,34.1871779952856],[-118.534319202705,34.1872748462623],[-118.534122240449,34.1872757161763],[-118.534122642993,34.1873386700782],[-118.534048054167,34.1873389994275]]]},"properties":{"Name":"Reseda Park Pool","Type":"Swimming Complex","AddrNumber":18411,"Street":"VICTORY BLVD"}},{"type":"Feature","geometry":{"type":"Polygon","coordinates":[[[-118.42321473135,34.2330711030588],[-118.423302985014,34.2331519914892],[-118.423292527496,34.2331598624374],[-118.423321748035,34.2331866441158],[-118.423259114254,34.2332337846668],[-118.423266581061,34.2332406282775],[-118.423248788868,34.2332540188508],[-118.4232427899,34.2332485197091],[-118.423195412515,34.2332841771635],[-118.423160726288,34.2332523857827],[-118.423149691314,34.2332606914761],[-118.423093478237,34.2332091685362],[-118.423028487359,34.2332247345041],[-118.42301412837,34.2331871283244],[-118.42299713912,34.233189540722],[-118.422982929201,34.2331813530282],[-118.422977196564,34.2331684287715],[-118.422981274232,34.2331342885758],[-118.422965473852,34.2330919795931],[-118.423145218636,34.2330536948969],[-118.423165274532,34.2330971645833],[-118.42321473135,34.2330711030588]]]},"properties":{"Name":"Branford Child Care Center","Type":"Recreation Center","AddrNumber":13306,"Street":"BRANFORD ST"}},{"type":"Feature","geometry":{"type":"Polygon","coordinates":[[[-118.406661506231,34.2817243488468],[-118.406753889448,34.2818122954791],[-118.406766220808,34.2818033712088],[-118.406921185128,34.2819508920381],[-118.406911378701,34.2819579903401],[-118.406996080697,34.2820386231833],[-118.406969429938,34.2821109295107],[-118.406940459398,34.2821142345407],[-118.40695808146,34.2821407841984],[-118.40694379524,34.2821575295843],[-118.406969767333,34.2821801024453],[-118.406822308165,34.2822891304196],[-118.406650491425,34.282412551918],[-118.406315564794,34.2820868868845],[-118.406165459388,34.2819478486811],[-118.406483605978,34.2817219963163],[-118.406549905879,34.2817872731462],[-118.406575980386,34.2817167908534],[-118.406661506231,34.2817243488468]]]},"properties":{"Name":"Hubert H Humphrey Pool","Type":"Swimming Complex","AddrNumber":12560,"Street":"FILMORE ST"}},{"type":"Feature","geometry":{"type":"Polygon","coordinates":[[[-118.50253084865,34.1725345992437],[-118.502527638265,34.1731935612422],[-118.502523628585,34.1733090356642],[-118.502522343873,34.1739579717332],[-118.50173644122,34.1739655468704],[-118.501740247756,34.173303664149],[-118.501594631577,34.1733054672455],[-118.501595513932,34.1733187405921],[-118.501479101329,34.1733192233703],[-118.501478286565,34.17330690718],[-118.501475566808,34.1731317245432],[-118.501626509433,34.173132432828],[-118.501626014848,34.1731868140785],[-118.501665205001,34.1731881967592],[-118.501658374814,34.1725286805431],[-118.50253084865,34.1725345992437]]]},"properties":{"Name":"Balboa Tennis Center","Type":"Tennis Complex","AddrNumber":5651,"Street":"BALBOA BLVD"}},{"type":"Feature","geometry":{"type":"Polygon","coordinates":[[[-118.423796348007,34.2326478364143],[-118.423924470323,34.2327674185544],[-118.423874003969,34.2328047188819],[-118.423918746579,34.2328464792088],[-118.423846337631,34.2328999966309],[-118.423831174763,34.2328858441877],[-118.423721744175,34.2329667239619],[-118.423734457504,34.2329785887762],[-118.423617884077,34.2330647485337],[-118.423448218061,34.2329063902048],[-118.423499385414,34.2328685728241],[-118.4234856764,34.2328557774753],[-118.4237343677,34.2326719685588],[-118.423748035284,34.2326847261599],[-118.423796348007,34.2326478364143]]]},"properties":{"Name":"Branford Community Center","Type":"Community Center","AddrNumber":13306,"Street":"BRANFORD ST"}},{"type":"Feature","geometry":{"type":"Polygon","coordinates":[[[-118.400962760853,34.1916973879798],[-118.401142837623,34.1916979503145],[-118.401142207534,34.1918371597742],[-118.401276133756,34.1918375783423],[-118.401276032709,34.1918599043624],[-118.401313927238,34.1918600229646],[-118.401313293111,34.1920001393867],[-118.401278277937,34.1920000301647],[-118.40127816595,34.1920245956413],[-118.400947563537,34.1920235624783],[-118.400947925913,34.1919433298129],[-118.400862031709,34.1919430609444],[-118.400862187392,34.1919088119052],[-118.400753007302,34.1919084704691],[-118.400752624922,34.1919927132401],[-118.400626359176,34.1919923183052],[-118.400626418934,34.1919792169587],[-118.400454619608,34.1919786796415],[-118.400454551689,34.1919937048967],[-118.400370907588,34.1919934426548],[-118.400371541544,34.1918536399786],[-118.400437254826,34.1918538461822],[-118.400437467505,34.1918070087819],[-118.400497024842,34.1918071947622],[-118.400496937352,34.191826508698],[-118.400741428995,34.1918272739524],[-118.400741714485,34.19176421584],[-118.400823518311,34.1917644713011],[-118.400823194986,34.1918359102356],[-118.400883855721,34.1918360995816],[-118.400884003808,34.1918032082836],[-118.400876689198,34.1918031856447],[-118.400876920663,34.1917521758632],[-118.400884851512,34.1917522009675],[-118.400885131122,34.19169065295],[-118.400957131444,34.1916908777023],[-118.400962760853,34.1916973879798]]]},"properties":{"Name":"Valley Plaza Recreation Center","Type":"Recreation Center","AddrNumber":12240,"Street":"ARCHWOOD ST"}},{"type":"Feature","geometry":{"type":"Polygon","coordinates":[[[-118.446435067012,34.3088565078889],[-118.446519035383,34.3087862092676],[-118.446641405441,34.3088868539337],[-118.446460140064,34.3090386109711],[-118.446478294046,34.3090535420517],[-118.446450304505,34.3090769752228],[-118.446522247199,34.3091361457675],[-118.446499588834,34.3091551156155],[-118.446574893772,34.3092170513754],[-118.446432280709,34.3093364484898],[-118.446194936522,34.3091412401931],[-118.446312892422,34.3090424865784],[-118.446252380735,34.3089927174132],[-118.446374333927,34.3088906160239],[-118.446357525497,34.3088767906649],[-118.446408839573,34.3088338307868],[-118.446435067012,34.3088565078889]]]},"properties":{"Name":"Sylmar Park Recreation Center","Type":"Recreation Center","AddrNumber":13109,"Street":"BORDEN AVE"}},{"type":"Feature","geometry":{"type":"Polygon","coordinates":[[[-118.257807264514,33.784568781297],[-118.257658989153,33.7845758411363],[-118.257659070646,33.7845840996852],[-118.257504657346,33.78459182877],[-118.25749887119,33.784529432388],[-118.257481681858,33.7845300434164],[-118.257475186027,33.7844756214967],[-118.257493827545,33.7844750344083],[-118.257488292625,33.7844153438191],[-118.257795350439,33.7844003499513],[-118.257798418376,33.7844448571874],[-118.25765488326,33.7844516905083],[-118.25765967773,33.7845212505919],[-118.257805194903,33.7845143219684],[-118.257807264514,33.784568781297]]]},"properties":{"Name":"Drum Barracks Civil War Museum","Type":"Museum","AddrNumber":1052,"Street":"N Banning Blvd"}},{"type":"Feature","geometry":{"type":"Polygon","coordinates":[[[-118.417538110403,33.9586309605351],[-118.417379619506,33.958803212604],[-118.417110401316,33.9586312096506],[-118.417268892442,33.9584589579376],[-118.417538110403,33.9586309605351]]]},"properties":{"Name":"Westchester Senior Citizen Center","Type":"Senior Center","AddrNumber":8740,"Street":"LINCOLN BLVD"}},{"type":"Feature","geometry":{"type":"Polygon","coordinates":[[[-118.30005065809,34.1189501549523],[-118.30004693385,34.118711632821],[-118.3001738442,34.1187119144986],[-118.300171789727,34.1187631357275],[-118.30019248911,34.1187634395198],[-118.300194435744,34.1186716243016],[-118.300180549451,34.1186714207873],[-118.30018087021,34.1186563003699],[-118.300143264485,34.1186557491702],[-118.300144237793,34.1186098316448],[-118.300196441586,34.1186071659747],[-118.300178024273,34.1185900375036],[-118.300161926756,34.1185795818295],[-118.300132899291,34.1185765463317],[-118.300107991693,34.1185749448536],[-118.300110775916,34.1185515620743],[-118.300103310851,34.1185491951531],[-118.300069994268,34.1185359207545],[-118.300038972418,34.1185226397484],[-118.300013672067,34.1185055283398],[-118.299990653841,34.1184845950695],[-118.299967945068,34.1184556481959],[-118.299960771636,34.1184393942195],[-118.299952707799,34.118422403195],[-118.299949091899,34.1184061412902],[-118.299944592466,34.1183913600931],[-118.29994454205,34.1183773080135],[-118.29994360014,34.1183625179874],[-118.299945323177,34.1183469820899],[-118.299948826541,34.1183321810314],[-118.299953219826,34.1183173777642],[-118.299961170627,34.1183025656674],[-118.299970010267,34.1182877522655],[-118.299987707025,34.1182633011209],[-118.300008056527,34.1182344060403],[-118.300008874786,34.1182144341378],[-118.300013249477,34.1181944543085],[-118.300022033355,34.1181641085184],[-118.300035299651,34.1181441066151],[-118.300049462252,34.1181255810003],[-118.300055513728,34.1180774916959],[-118.300058067172,34.1180456819548],[-118.300040213873,34.1180264965664],[-118.300057945064,34.1180116601821],[-118.30009357685,34.1180285827504],[-118.30009349986,34.1180071345551],[-118.300221555382,34.1180075557788],[-118.300246386356,34.118015635844],[-118.300266508887,34.117999943342],[-118.300289483211,34.1179872458579],[-118.300314672147,34.11797789567],[-118.300341377476,34.1179721514492],[-118.300368858349,34.117970172804],[-118.300400637476,34.1179673946271],[-118.300436214308,34.1179711223848],[-118.300460328969,34.1179777418992],[-118.300486750973,34.1179881709624],[-118.300508620032,34.1180081540741],[-118.300525885955,34.1180243306333],[-118.300539724082,34.1180443328076],[-118.300551288083,34.1180700653742],[-118.300558270874,34.1180977909037],[-118.30059273059,34.1180977052018],[-118.300594596161,34.1181568168271],[-118.300606664701,34.1181567534532],[-118.300606765319,34.1181811189526],[-118.300778841827,34.1181839949494],[-118.300778932144,34.1182205474063],[-118.300926961599,34.1182208370346],[-118.300926906647,34.1182055706006],[-118.300978526191,34.1182044882383],[-118.30098227048,34.1186071200723],[-118.300939707567,34.118607102552],[-118.300941273054,34.1186911846986],[-118.30089546733,34.1186882804127],[-118.300896718318,34.1187428182816],[-118.300863314369,34.1187441789146],[-118.300808684496,34.1188260461355],[-118.300587697189,34.1191626615589],[-118.300536154955,34.1191914458869],[-118.300518242058,34.1191696507759],[-118.300496262237,34.1191506028303],[-118.30047081355,34.1191348234505],[-118.300442589108,34.1191227409428],[-118.30041235971,34.1191146851538],[-118.300380948878,34.1191108767141],[-118.300349213309,34.1191114180716],[-118.300318015786,34.1191162944607],[-118.300288208913,34.1191253739426],[-118.300260604771,34.119138408382],[-118.300235955443,34.1191550434125],[-118.300214932438,34.1191748238966],[-118.300191640058,34.1191690749744],[-118.300199599653,34.1187935538172],[-118.300148328692,34.1187928021624],[-118.300149602744,34.1189499092668],[-118.30005065809,34.1189501549523]]]},"properties":{"Name":"Griffith Observatory","Type":"Griffith Observatory","AddrNumber":2800,"Street":"E Observatory Road"}},{"type":"Feature","geometry":{"type":"Polygon","coordinates":[[[-118.306931677635,33.7493790594755],[-118.306625259562,33.7494370186883],[-118.306636339714,33.7494775167505],[-118.30635426609,33.7495308714469],[-118.30637158617,33.7495941779743],[-118.30600534391,33.7496634530597],[-118.305942788175,33.7494348081214],[-118.306266455459,33.7493735856656],[-118.306232302321,33.7492487563257],[-118.306125820451,33.7492688982594],[-118.306098343916,33.749168471889],[-118.306530692769,33.7490866919309],[-118.306518632695,33.7490426137733],[-118.306830462117,33.7489836304454],[-118.306931677635,33.7493790594755]]]},"properties":{"Name":"Peck Park Community Center","Type":"Community Center","AddrNumber":560,"Street":"S Western Ave"}},{"type":"Feature","geometry":{"type":"Polygon","coordinates":[[[-118.27033525294,34.1164084962091],[-118.270247062783,34.1164362280601],[-118.270157450024,34.1162390864833],[-118.270245640006,34.1162113555994],[-118.27033525294,34.1164084962091]]]},"properties":{"Name":"Riverside Tennis Courts","Type":"Tennis Complex","AddrNumber":3401,"Street":"RIVERSIDE DR"}},{"type":"Feature","geometry":{"type":"Polygon","coordinates":[[[-118.525206995852,34.0441822670108],[-118.525111260865,34.0440864332396],[-118.525104629358,34.0440886356894],[-118.524936384603,34.0442065916675],[-118.524864800159,34.0441358390123],[-118.52489185059,34.0441168738485],[-118.524865415593,34.0440923758333],[-118.525066575015,34.0439623557789],[-118.5249201595,34.0439532458221],[-118.52492955498,34.0438179677768],[-118.525083273703,34.0438246091024],[-118.525084660348,34.0438124196708],[-118.525219359963,34.0438203624083],[-118.525216509157,34.0438325582102],[-118.525374610658,34.0438379621218],[-118.525373445892,34.0438854828178],[-118.525350028738,34.0438855847023],[-118.52533749904,34.0439879810539],[-118.525202791499,34.0439788205017],[-118.525328080172,34.0441196043962],[-118.525298939483,34.0441404431347],[-118.525335764998,34.0441780511124],[-118.52532140808,34.0441877934005],[-118.525330928109,34.0441975156539],[-118.525312725558,34.044209866597],[-118.525324661017,34.0442220548712],[-118.5253074121,34.0443243770903],[-118.525186590016,34.0441957571469],[-118.525206995852,34.0441822670108]]]},"properties":{"Name":"Palisades Branch Library","Type":"Library","AddrNumber":861,"Street":"ALMA REAL DR"}},{"type":"Feature","geometry":{"type":"Polygon","coordinates":[[[-118.199124403713,34.0661865386599],[-118.19918540271,34.0661212701064],[-118.199052832435,34.0660385560379],[-118.199022742164,34.0660694947348],[-118.198931714769,34.0660113932524],[-118.199231332311,34.0656862820108],[-118.19932235956,34.0657443832666],[-118.199233561227,34.0658407374141],[-118.199417133685,34.0659577739689],[-118.199460511505,34.0659060464951],[-118.199635609085,34.0660077445646],[-118.199614335547,34.0660331127087],[-118.199655162266,34.0660599495802],[-118.199582107619,34.0661369203144],[-118.19954676546,34.0661136876884],[-118.199546477044,34.0661140316477],[-118.19954125165,34.0661109967161],[-118.199429904868,34.0662319585488],[-118.199308134658,34.0661543241755],[-118.19922056774,34.0662480230806],[-118.199124403713,34.0661865386599]]]},"properties":{"Name":"Lincoln Park Senior Citizen Center","Type":"Senior Center","AddrNumber":3501,"Street":"VALLEY BLVD"}},{"type":"Feature","geometry":{"type":"Polygon","coordinates":[[[-118.270501144549,34.0687760653906],[-118.270703328519,34.0688652661141],[-118.270754390293,34.0687851660059],[-118.270762122708,34.0687730275845],[-118.270808279362,34.0687933906722],[-118.27081034671,34.0687938431135],[-118.270812299031,34.0687945698782],[-118.270814084256,34.0687955494462],[-118.270815653561,34.0687967584873],[-118.270816966753,34.0687981628333],[-118.270817989046,34.0687997255996],[-118.270818692142,34.0688014062806],[-118.270819058563,34.0688031598389],[-118.270819077322,34.0688049385181],[-118.270818749354,34.0688066972395],[-118.270818082089,34.0688083882053],[-118.270817094881,34.0688099662954],[-118.270833170583,34.0688174445143],[-118.270836151287,34.0688209456891],[-118.270838399748,34.0688248055121],[-118.270839857134,34.0688289213408],[-118.270840481912,34.0688331796753],[-118.270840258544,34.0688374660559],[-118.270871398708,34.0688499193978],[-118.270836043581,34.0689111450389],[-118.270791013544,34.0688931369402],[-118.270790424282,34.0688968372441],[-118.27078913154,34.0689004120094],[-118.270787167515,34.0689037674043],[-118.270784582845,34.0689068176699],[-118.270781444444,34.0689094851245],[-118.270777833332,34.068911699267],[-118.270773843577,34.0689134039914],[-118.270769575783,34.0689145548973],[-118.270765142518,34.0689151219816],[-118.270760657487,34.0689150914665],[-118.270756236602,34.0689144630923],[-118.270756608584,34.0689209469731],[-118.270755721637,34.0689273958116],[-118.270753600135,34.0689336418684],[-118.270750297719,34.0689395227474],[-118.270745568766,34.0689431205405],[-118.270740177747,34.0689459994939],[-118.270734278227,34.0689480781256],[-118.270728041175,34.0689492956495],[-118.270721646309,34.0689496174047],[-118.270715277761,34.0689490330617],[-118.270709120837,34.0689475611372],[-118.270703352252,34.0689452427057],[-118.27069813797,34.0689421450101],[-118.270640242963,34.0690324413988],[-118.270461471648,34.0689530608152],[-118.270526316961,34.0688519242602],[-118.270539240374,34.0688222773075],[-118.270525187185,34.0688198043291],[-118.270515119571,34.0688089733417],[-118.270503068356,34.0688048262412],[-118.270500029724,34.0688048474707],[-118.270497027659,34.0688044512092],[-118.270494146695,34.0688036489874],[-118.270491462735,34.068802462272],[-118.270489050634,34.0688009242521],[-118.270486976606,34.0687990753483],[-118.270485297152,34.0687969677229],[-118.270484057957,34.0687946589717],[-118.270483293888,34.0687922112222],[-118.27048302358,34.0687896920475],[-118.270483257007,34.0687871708433],[-118.270483986807,34.0687847161424],[-118.270485192614,34.0687823947037],[-118.270486841052,34.0687802706107],[-118.270488888975,34.0687784016579],[-118.270491278047,34.0687768384617],[-118.270493944496,34.06877562534],[-118.270501144549,34.0687760653906]]]},"properties":{"Name":"Lake Street Community Center","Type":"Community Center","AddrNumber":227,"Street":"N Lake St"}},{"type":"Feature","geometry":{"type":"MultiPolygon","coordinates":[[[[-118.280231105079,34.1329816387192],[-118.280139332765,34.1328638028437],[-118.280036199709,34.1329193445784],[-118.280015545687,34.1328928251357],[-118.27998337421,34.1329101504989],[-118.279949692364,34.1328669017128],[-118.280202371337,34.1327308229925],[-118.280355658998,34.1329145616021],[-118.280231105079,34.1329816387192]]],[[[-118.279902232695,34.1325667522979],[-118.280027162097,34.1324982736668],[-118.280136724783,34.1326371796059],[-118.2800121751,34.132705450118],[-118.279902232695,34.1325667522979]]],[[[-118.280348592325,34.1326601084537],[-118.280415192147,34.1326225610706],[-118.280560376759,34.1328019764328],[-118.280494526757,34.1328391020413],[-118.280348592325,34.1326601084537]]]]},"properties":{"Name":"Park Ranger Headquarters & Griffith Park Visitor Center Auditorium","Type":"Administrative Offices","AddrNumber":4730,"Street":"CRYSTAL SPRINGS DR"}},{"type":"Feature","geometry":{"type":"Polygon","coordinates":[[[-118.289938930008,34.011706308301],[-118.28975039749,34.011706761018],[-118.289749845269,34.0115472259497],[-118.289737682637,34.0115472551453],[-118.289737169886,34.011399116213],[-118.290003242546,34.0113984772427],[-118.290003793878,34.0115207439999],[-118.289965185092,34.0115201669187],[-118.289965626177,34.0115309301167],[-118.289939747241,34.0115306235568],[-118.289938930008,34.011706308301]]]},"properties":{"Name":"Ahmanson Senior Citizen Center - EXPO Center","Type":"Senior Center","AddrNumber":3990,"Street":"S Bill Robertson Lane"}},{"type":"Feature","geometry":{"type":"Polygon","coordinates":[[[-118.388720854487,34.2697814824795],[-118.388749821078,34.2697083992355],[-118.388930125984,34.2696186085832],[-118.388986080215,34.2695931470264],[-118.38904539039,34.2695736085773],[-118.389107148982,34.2695602900485],[-118.389170414376,34.2695533964072],[-118.389234221689,34.2695530326266],[-118.389297595795,34.2695592036445],[-118.389359569797,34.2695718152049],[-118.389419196967,34.2695906747213],[-118.38947556814,34.269615494827],[-118.389527822592,34.2696458969455],[-118.389575162169,34.2696814157525],[-118.390198243112,34.2702714460294],[-118.390521997548,34.2705664210303],[-118.390497720911,34.2706006666835],[-118.390480435645,34.2706377206111],[-118.390470596544,34.2706766067876],[-118.390468461633,34.2707163029414],[-118.390474087927,34.2707557631059],[-118.390487327229,34.2707939482859],[-118.390507830605,34.2708298534888],[-118.39053505935,34.2708625329331],[-118.390568294892,34.2708911261612],[-118.390606663873,34.2709148813992],[-118.389949559853,34.2714076601235],[-118.389723966795,34.2712137446136],[-118.389592503448,34.2713033783891],[-118.389499698576,34.2713036769696],[-118.389475598781,34.2713726905241],[-118.389232264586,34.2715640606482],[-118.389232207843,34.27155189549],[-118.38925121638,34.2714382930048],[-118.389245745494,34.2713126038747],[-118.389269978961,34.2712719757319],[-118.389225791298,34.2712234573263],[-118.389196674387,34.2712641011578],[-118.388274192033,34.2703627879008],[-118.388185876549,34.2702779145989],[-118.388126981163,34.2702172776082],[-118.388121870386,34.2701686335309],[-118.388720854487,34.2697814824795]]]},"properties":{"Name":"Hansen Dam Aquatic Center","Type":"Swimming Complex","AddrNumber":11798,"Street":"FOOTHILL BLVD"}},{"type":"Feature","geometry":{"type":"Polygon","coordinates":[[[-118.548648560753,34.2169077032545],[-118.548517922604,34.2169093287101],[-118.548515703336,34.2167862572522],[-118.548577989297,34.2167854826359],[-118.548577627376,34.2167654131982],[-118.548561774291,34.2167656103858],[-118.548551715643,34.2167499943617],[-118.548546609836,34.2167303782701],[-118.548536466127,34.2167014819828],[-118.548533743467,34.2166899518553],[-118.548533706134,34.2166601487765],[-118.548539736458,34.2166311791651],[-118.548547066922,34.2166104726226],[-118.548553178724,34.2165939069877],[-118.548578063742,34.2165937941675],[-118.548577914349,34.2165710542939],[-118.548516947103,34.2165713306897],[-118.548516553299,34.2165113806873],[-118.548614847448,34.2165109350544],[-118.548615044388,34.2165409105061],[-118.548943520764,34.2165394207244],[-118.548943310116,34.2165073780939],[-118.549050313083,34.2165068925968],[-118.549050673287,34.2165616741986],[-118.549015834711,34.2165618322797],[-118.549015984222,34.2165845721527],[-118.549025938879,34.2165845269842],[-118.549034742855,34.2165989577224],[-118.549044874217,34.2166257867839],[-118.549048769379,34.2166505769014],[-118.549048932492,34.2166753839537],[-118.549047831558,34.2166970954295],[-118.549043045061,34.2167260594231],[-118.549039434252,34.2167446809755],[-118.549030812667,34.2167581576129],[-118.549010905482,34.2167582479401],[-118.549011061786,34.216782020952],[-118.549044655712,34.2167818685205],[-118.549045457675,34.2169038357009],[-118.548912324346,34.2169044397349],[-118.548912208838,34.2168868682606],[-118.548835066207,34.2168872181943],[-118.548835385511,34.2169357982589],[-118.548732114056,34.216936266641],[-118.548731801601,34.216888719715],[-118.548649683249,34.2168890920954],[-118.548648560753,34.2169077032545]]]},"properties":{"Name":"Cleveland Swimming Pool","Type":"Swimming Complex","AddrNumber":8120,"Street":"VANALDEN AVE"}},{"type":"Feature","geometry":{"type":"Polygon","coordinates":[[[-118.532631664289,34.2552554946563],[-118.532618501061,34.2552555525728],[-118.532618870818,34.2553134949281],[-118.532425680451,34.2553143447773],[-118.532425323808,34.2552584371472],[-118.532360115669,34.2552587239298],[-118.532359440142,34.2551528145126],[-118.532378071016,34.2551527325785],[-118.532377854686,34.2551188174764],[-118.53235922382,34.2551188994106],[-118.532358328179,34.2549784798893],[-118.532331098498,34.2549785996338],[-118.532330753161,34.2549244544706],[-118.532616663537,34.2549231968527],[-118.532617016653,34.2549785320187],[-118.532631348064,34.2549784689621],[-118.532631664289,34.2552554946563]]]},"properties":{"Name":"Northridge Park Recreation Center","Type":"Recreation Center","AddrNumber":18300,"Street":"LEMARSH ST"}},{"type":"Feature","geometry":{"type":"Polygon","coordinates":[[[-118.41308222846,34.2690082588461],[-118.413326125983,34.2692342849739],[-118.413275490213,34.2692719446716],[-118.413294952408,34.2692899802185],[-118.413280322437,34.2693008612341],[-118.413349336941,34.269364818747],[-118.413362618818,34.2693549403281],[-118.413375114443,34.2693641258087],[-118.413389870606,34.2693728005116],[-118.413405691986,34.2693840896418],[-118.413421542539,34.2694014856883],[-118.413431066714,34.2694145416948],[-118.413435348069,34.2694302327677],[-118.413433310591,34.2694433273512],[-118.41341236093,34.2694573592003],[-118.413451317327,34.2694974482927],[-118.41343190024,34.2695104534692],[-118.413438805016,34.2695175592536],[-118.41338898512,34.2695509284978],[-118.413387335876,34.2695492311236],[-118.41336306449,34.2695654875808],[-118.413321942597,34.2695231718415],[-118.413310061794,34.2695311297049],[-118.413293924761,34.2695232034746],[-118.413277061941,34.2695136632621],[-118.413263355837,34.2695049849612],[-118.413252781609,34.2694919334272],[-118.413242211701,34.2694797536648],[-118.41323795954,34.2694701704049],[-118.413230516103,34.2694527447399],[-118.413239936558,34.2694448601923],[-118.413155435766,34.269359640402],[-118.413148238717,34.2693645585086],[-118.413113560328,34.2693295844734],[-118.413104721486,34.2693356242832],[-118.413039830694,34.2692701812541],[-118.413012968934,34.2692885389476],[-118.412966789787,34.2692419679515],[-118.412958785369,34.2692474378373],[-118.412906154102,34.2691943589855],[-118.412944278958,34.2691683043372],[-118.412908248531,34.2691319663204],[-118.41308222846,34.2690082588461]]]},"properties":{"Name":"David M Gonzales Pacoima Recreation Center","Type":"Recreation Center","AddrNumber":10943,"Street":"HERRICK AVE"}},{"type":"Feature","geometry":{"type":"Polygon","coordinates":[[[-118.20249148724,34.0605302377245],[-118.203354097278,34.0592358643578],[-118.20432387885,34.0596835426887],[-118.203475738993,34.0609845979147],[-118.20249148724,34.0605302377245]]]},"properties":{"Name":"Hazard Armory / Legacy LA","Type":"Hazard Armory","AddrNumber":1350,"Street":"SAN PABLO ST"}},{"type":"Feature","geometry":{"type":"Polygon","coordinates":[[[-118.232313948114,34.1173673274947],[-118.232598777095,34.1169683566059],[-118.232703899553,34.1168203417626],[-118.232729311437,34.1168328268298],[-118.232734231655,34.1168258999001],[-118.232847989322,34.1168817885282],[-118.232843701821,34.1168878262346],[-118.232904612521,34.1169177515204],[-118.232908435749,34.1169123683173],[-118.232994061606,34.1169544355402],[-118.23299045864,34.1169595081944],[-118.233009667404,34.1169689453616],[-118.232903865089,34.1171179192092],[-118.232927262051,34.1171304054135],[-118.232642342305,34.1175295043711],[-118.232313948114,34.1173673274947]]]},"properties":{"Name":"Glassell Park Pool","Type":"Swimming Complex","AddrNumber":3704,"Street":"VERDUGO ROAD"}},{"type":"Feature","geometry":{"type":"MultiPolygon","coordinates":[[[[-118.307634001915,34.1543742461799],[-118.308055861118,34.1542457158445],[-118.308179945562,34.1545271923015],[-118.307756680994,34.1546525388181],[-118.307634001915,34.1543742461799]]],[[[-118.307342683097,34.1547482097251],[-118.307297311643,34.1546591659825],[-118.307494458188,34.1545897388445],[-118.307537295056,34.1546821976624],[-118.307508639252,34.1546922883976],[-118.307512787877,34.1547004295219],[-118.307464197866,34.1547175407075],[-118.307458960203,34.1547072621076],[-118.307342683097,34.1547482097251]]],[[[-118.307935183791,34.1548733164172],[-118.308127298303,34.1548682300631],[-118.308129586598,34.1549279707319],[-118.307937471945,34.1549330561882],[-118.307935183791,34.1548733164172]]]]},"properties":{"Name":"Travel Town Museum","Type":"Museum","AddrNumber":5200,"Street":"ZOO DR"}},{"type":"Feature","geometry":{"type":"Polygon","coordinates":[[[-118.247852937123,34.0089255956052],[-118.24778491641,34.0091690360223],[-118.247556971043,34.0091248636909],[-118.247552696936,34.0091401614696],[-118.247439283234,34.0091181830775],[-118.247532283231,34.0087853493128],[-118.247910699237,34.0088586809712],[-118.247888769909,34.008937167056],[-118.247852937123,34.0089255956052]]]},"properties":{"Name":"Ross Snyder Recreation Center","Type":"Recreation Center","AddrNumber":1501,"Street":"E 41st St"}},{"type":"Feature","geometry":{"type":"Polygon","coordinates":[[[-118.203944911136,34.038865837778],[-118.204055811376,34.0386863859567],[-118.204149086254,34.0387229745937],[-118.204142974682,34.0387311509727],[-118.204232570966,34.0387677457648],[-118.204222789274,34.0387789908483],[-118.204278024973,34.038803394649],[-118.204252376014,34.0388442673685],[-118.204276925102,34.0388554543774],[-118.204240302021,34.0389208428968],[-118.20422927094,34.0389229035177],[-118.204204724331,34.0389127379267],[-118.204181523141,34.0389515645292],[-118.204127516813,34.0389281791361],[-118.204117737577,34.0389404447374],[-118.203944911136,34.038865837778]]]},"properties":{"Name":"Evergreen Child Care  Center","Type":"Child Care Center","AddrNumber":211,"Street":"S Evergreen Ave"}},{"type":"Feature","geometry":{"type":"Polygon","coordinates":[[[-118.245272162641,34.0866964474948],[-118.245272059119,34.0866611482445],[-118.24526358307,34.0866609608044],[-118.245263795399,34.0866542944506],[-118.245248490595,34.0866540226055],[-118.245253190672,34.0864710021989],[-118.245458288045,34.0864746479721],[-118.245456995675,34.0865249596537],[-118.245476747804,34.08652539553],[-118.245475943108,34.0865506274217],[-118.245520772548,34.0865517137259],[-118.245517393448,34.0866482114948],[-118.245472864118,34.0866471317918],[-118.245472275694,34.0866655702053],[-118.24543162707,34.0866646728251],[-118.245430860118,34.0866961252064],[-118.245329532644,34.0866944143542],[-118.245329538266,34.0866963309984],[-118.245272162641,34.0866964474948]]]},"properties":{"Name":"Grace E Simmons Lodge Banquet Hall","Type":"Banquest Hall / Lodge","AddrNumber":1025,"Street":"ELYSIAN PARK DR"}},{"type":"Feature","geometry":{"type":"Polygon","coordinates":[[[-118.20363576038,34.0956417850522],[-118.203636330676,34.0958759819654],[-118.20357285311,34.095876088931],[-118.203572892236,34.0958921613566],[-118.203236183762,34.0958927281839],[-118.203236144701,34.0958766557582],[-118.203169905968,34.0958767671564],[-118.203169526642,34.0957206361797],[-118.203233005174,34.0957205294242],[-118.203232871253,34.09566542448],[-118.203478501733,34.0956650110749],[-118.203478445864,34.0956420500806],[-118.20363576038,34.0956417850522]]]},"properties":{"Name":"Montecito Heights Recreation Center","Type":"Recreation Center","AddrNumber":4545,"Street":"HOMER ST"}},{"type":"Feature","geometry":{"type":"Polygon","coordinates":[[[-118.268911064534,34.1141008593244],[-118.268802495346,34.1141780340521],[-118.268774393938,34.1141506854499],[-118.268699545823,34.1142038899601],[-118.2686061323,34.1141129751965],[-118.268571359889,34.1141376913658],[-118.268454244539,34.114023710251],[-118.268495845099,34.1139941395179],[-118.26843322539,34.1139331952741],[-118.268419883757,34.1139426783794],[-118.268368979763,34.1138931368109],[-118.268568523162,34.1137512962394],[-118.268911064534,34.1141008593244]]]},"properties":{"Name":"Friendship Auditorium","Type":"Auditorium / Event Venue","AddrNumber":3201,"Street":"RIVERSIDE DR"}},{"type":"Feature","geometry":{"type":"Polygon","coordinates":[[[-118.211134726298,34.0208815041437],[-118.211077028525,34.0208544825769],[-118.21109991144,34.0208219316669],[-118.210838351111,34.0207002615007],[-118.210822217429,34.0207262852324],[-118.210754692169,34.0206949226888],[-118.21082745757,34.020582686138],[-118.21083749934,34.0205886322069],[-118.210873168774,34.0205337083301],[-118.211253171251,34.020708363153],[-118.21118040029,34.0208182136276],[-118.211193303898,34.0208229619392],[-118.211173311607,34.020846849537],[-118.21116040499,34.0208409094087],[-118.211136155687,34.0208803089224],[-118.211134726298,34.0208815041437]]]},"properties":{"Name":"Lou Costello Recreation Center / Youth Center","Type":"Recreation Center","AddrNumber":3121,"Street":"E Olympic Blvd"}},{"type":"Feature","geometry":{"type":"Polygon","coordinates":[[[-118.212734745426,34.0532696951384],[-118.212714227619,34.0532167123353],[-118.212656514773,34.0532323662598],[-118.212573601595,34.0530239704524],[-118.212635561167,34.0530083090902],[-118.212609904369,34.0529383694369],[-118.212671865667,34.052923414852],[-118.212666735523,34.0529099919999],[-118.212867045515,34.0528601550414],[-118.2128704727,34.0528721663873],[-118.212924788647,34.0528565183496],[-118.212959822723,34.0529398732869],[-118.213023478667,34.052923501935],[-118.213067136912,34.0530584469751],[-118.212973774834,34.0530826473341],[-118.212999415783,34.0531462248461],[-118.212833065339,34.0531910536843],[-118.212851881306,34.0532426258687],[-118.212734745426,34.0532696951384]]]},"properties":{"Name":"State Street Recreation Center","Type":"Recreation Center","AddrNumber":716,"Street":"N State St"}},{"type":"Feature","geometry":{"type":"Polygon","coordinates":[[[-118.289710994886,34.0119404084348],[-118.289708851846,34.0126393339631],[-118.28942602979,34.012638732266],[-118.289426087611,34.0126197612494],[-118.289363618511,34.0126196279398],[-118.289365671036,34.0119509940206],[-118.289429759185,34.0119511297565],[-118.289429797899,34.0119385307942],[-118.289710994886,34.0119404084348]]]},"properties":{"Name":"Roy A Anderson Recreation Center - EXPO Center","Type":"Recreation Center","AddrNumber":3980,"Street":"S Bill Robertson Lane"}},{"type":"Feature","geometry":{"type":"MultiPolygon","coordinates":[[[[-118.314386612976,34.1254587087654],[-118.314323259227,34.1254138328879],[-118.314293102157,34.1254432787853],[-118.314227143066,34.1253965578811],[-118.314249534329,34.1253746951614],[-118.314211403244,34.1253476860622],[-118.314226532002,34.1253329138605],[-118.314169691394,34.1252926512501],[-118.314200554829,34.1252625156767],[-118.314183265926,34.125250270003],[-118.314232284472,34.1252024081426],[-118.31425229725,34.1252165832227],[-118.314271662066,34.1251976754827],[-118.314219795371,34.1251609357803],[-118.314270628378,34.1251113012786],[-118.314244103754,34.1250925119508],[-118.31434435902,34.1249946223156],[-118.314372305351,34.1250144176417],[-118.314410155556,34.124984643388],[-118.314470548196,34.1250274218406],[-118.314382799293,34.1251131002265],[-118.314405535956,34.1251292055932],[-118.314372454157,34.1251615070649],[-118.314390452847,34.125174256626],[-118.314400237306,34.1251647037619],[-118.31446655066,34.1252116769806],[-118.314460298072,34.12521778221],[-118.314517968109,34.125258632129],[-118.314501729088,34.1252744872942],[-118.314522215838,34.1252889982703],[-118.314489637337,34.1253208080299],[-118.314477677669,34.1253123358769],[-118.314460732256,34.1253288807451],[-118.31447138976,34.1253364295106],[-118.314451318586,34.1253560278924],[-118.314474766191,34.125372636256],[-118.314386612976,34.1254587087654]]],[[[-118.314891345343,34.1263299005878],[-118.31494877041,34.1262390052384],[-118.315095292809,34.1263030271594],[-118.315037867854,34.1263939216772],[-118.314891345343,34.1263299005878]]],[[[-118.315010925824,34.1267501150502],[-118.315053368481,34.1267015866309],[-118.315214358692,34.1267989653306],[-118.315171916076,34.126847492905],[-118.315010925824,34.1267501150502]]],[[[-118.315537199744,34.1264617938963],[-118.315612317255,34.1264432704847],[-118.315661599313,34.1265814903357],[-118.315586482768,34.1266000128738],[-118.315537199744,34.1264617938963]]],[[[-118.314836361238,34.1269621518457],[-118.314904079372,34.1269548208627],[-118.314927591811,34.127105034544],[-118.314859873557,34.1271123655402],[-118.314836361238,34.1269621518457]]],[[[-118.313996564499,34.1271241522557],[-118.314142576774,34.1270522135791],[-118.314178972452,34.127103301784],[-118.314032960119,34.1271752405046],[-118.313996564499,34.1271241522557]]],[[[-118.314885497682,34.1265402140079],[-118.314906270333,34.1264849066598],[-118.315069921585,34.1265274157507],[-118.315049149033,34.126582723127],[-118.314885497682,34.1265402140079]]],[[[-118.314323831197,34.1249109231757],[-118.314426727601,34.1248152425743],[-118.314484172422,34.1248579700883],[-118.314381277111,34.1249536498344],[-118.314323831197,34.1249109231757]]],[[[-118.315274717071,34.1268322025401],[-118.315417940321,34.1267817369277],[-118.315447631724,34.1268400148534],[-118.315304408392,34.1268904805011],[-118.315274717071,34.1268322025401]]],[[[-118.315601994458,34.1269100631949],[-118.315733626847,34.1268286192011],[-118.31577577019,34.1268757251624],[-118.315644137771,34.1269571701036],[-118.315601994458,34.1269100631949]]],[[[-118.314605842176,34.1266812849673],[-118.314660248994,34.1266572905499],[-118.31474096327,34.1267644188688],[-118.314675128719,34.1268003703722],[-118.314629003866,34.1267384721025],[-118.314646177363,34.1267288864613],[-118.314605842176,34.1266812849673]]],[[[-118.314649529525,34.1268576844386],[-118.314714847116,34.1268456547033],[-118.314749759946,34.1269767559584],[-118.314684443342,34.1269887857098],[-118.314649529525,34.1268576844386]]],[[[-118.314172534787,34.1270604947398],[-118.314194043817,34.1270091442377],[-118.314349099425,34.1270540621098],[-118.314327590479,34.1271054126396],[-118.314172534787,34.1270604947398]]],[[[-118.314478146869,34.1255223542597],[-118.314540195576,34.1254675436038],[-118.314622181142,34.1255317331207],[-118.314560132445,34.1255865447203],[-118.314478146869,34.1255223542597]]],[[[-118.31486138533,34.1267521788383],[-118.314967096793,34.1266421794889],[-118.315013287481,34.1266728789644],[-118.314907574956,34.126782878357],[-118.31486138533,34.1267521788383]]],[[[-118.315394284183,34.1265933590665],[-118.315450681139,34.1265702462093],[-118.315514188035,34.1266774198228],[-118.315457789938,34.126700531811],[-118.315394284183,34.1265933590665]]],[[[-118.314397145891,34.1270458089128],[-118.314440677278,34.126998961042],[-118.31451830887,34.1270488510078],[-118.314474776413,34.1270956980079],[-118.314397145891,34.1270458089128]]],[[[-118.314812920869,34.1268310207353],[-118.314878891245,34.1268308488939],[-118.314879169778,34.1269047929084],[-118.314813199344,34.12690496475],[-118.314812920869,34.1268310207353]]],[[[-118.314278310148,34.1265017580718],[-118.314306621835,34.1264363764139],[-118.314369794172,34.1264552939988],[-118.314341483615,34.1265206765703],[-118.314278310148,34.1265017580718]]],[[[-118.315658666079,34.1267262465337],[-118.315707272733,34.1266855685739],[-118.315759063108,34.1267283697594],[-118.315710456451,34.1267690468385],[-118.315658666079,34.1267262465337]]],[[[-118.31504357104,34.1266274699919],[-118.315072996776,34.1265822706007],[-118.315136205367,34.1266107295299],[-118.315106779656,34.1266559289364],[-118.31504357104,34.1266274699919]]],[[[-118.315742480997,34.1276539146397],[-118.315785370366,34.127618022503],[-118.315812704043,34.1276406120544],[-118.315769815755,34.1276765032965],[-118.315742480997,34.1276539146397]]]]},"properties":{"Name":"Hollywoodland Girls Camp","Type":"Camp","AddrNumber":3200,"Street":"CANYON DR"}}]}